name,ingredients,instructions,cuisine,course,diet,region,tier,total_time_mins,servings,url
Saunf Aloo (Fennel Potato Curry) Recipe,"5 Potatoes (Aloo) - halved with skin,2 teaspoon Fennel seeds (Saunf) - crushed,2 teaspoon Red Chilli powder,1 teaspoon Turmeric powder (Haldi),1/4 cup Fresh cream - or 1/2 cup milk,4 sprig Coriander (Dhania) Leaves - finely chopped","To begin with Saunf Aloo, heat oil in a pressure cooker. Add turmeric powder, salt, red chilli powder and crushed fennel seeds till the fennel seeds turns golden in colour.Now add the potatoes and mix it properly with the masala. Sauce it for 2-3 minutes and then add enough water to cover the potatoes in the cooker.Switch the heat after two whistles and once the pressure is released, open the lid of the pressure cooker.The next step is to add the cream or milk and mash a few potatoes to get a thicker consistency. Let it cook for 5 more minutes or until the cooker releases 2 more whistles.Garnish the Saunf Aloo with some roasted saunf and chopped coriander. Serve Sauf Aloo along with Amritsari Dal and Whole Wheat lachha Paratha for a weekday meal.",Punjabi,Lunch,Vegetarian,Punjabi,1,25,6,https://www.archanaskitchen.com/saunf-aloo-fennel-potato-curry-recipe
Kesar Mango Lassi Recipe - Saffron Mango Lassi Recipe,"3/4 cup Mango Pulp (Puree),1 cup Curd (Dahi / Yogurt) - (low fat),1 tablespoon Sugar - or honey,2 pinch Saffron strands,3 tablespoons Badam (Almond) - roughly chopped,3 tablespoons Milk - luke warm+more cold milk as needed,Ice cubes - a few","To begin making Kesar Mango Lassi Recipe, soak one pinch kesar in 2 tablespoons warm milk and keep it aside for few minutes.Get prep with other ingredients as well. Take out the pulp from the mangoes and keep aside.In a blender, add mango pulp, curd/yogurt, cold milk and blend till combined.Once it is done, add chopped almonds (2 tablespoons), honey or sugar, some ice cubes and blend to make the Kesar Mango Lassi Recipe.Kesar Mango Lassi Recipe is ready to serve, garnish it with the rest of chopped almonds and saffron and serve with Bhel Puri Recipe or Asian Watermelon Salad Recipe during evening.",Indian,Snack,Vegetarian,Punjabi,1,25,2,https://www.archanaskitchen.com/mango-saffron-lassi-recipe
Tindora Sambharo Recipe - Instant Tendli Pickle,"1 cup Tindora (Dondakaya/ Kovakkai) - finely chopped,1 teaspoon Red Chilli powder,1/4 teaspoon Split Methi Seeds (Methi Kuria),1/2 teaspoon Split Mustard Seeds (Rai Kuria),1/4 teaspoon Turmeric powder (Haldi),1/4 teaspoon Asafoetida (hing),1 tablespoon Sunflower Oil,Lemon - juice extracted,Salt - to taste","To begin making the Tindora Sambharo Recipe - Instant Tendli Pickle, combine all the ingredients including the carrot and capsicum pieces in a bowl.Stir well until all the ingredients are well combined.Store the Tindora Sambharo Recipe in the refrigerator and use as and when required.Serve Tindora Sambharo Recipe with dals, parathas or rice.Note: Gingely oil/Sesame oil or Mustard oil can be used for better taste.",Gujarati Recipes,Side Dish,Vegetarian,Gujarati,1,35,1,https://www.archanaskitchen.com/tindora-sambharo-recipe-instant-tendli-pickle
Baingan Bharta Recipe - Brinjal Bharta Recipe,"1 eggplant, 2 inch ginger - peel and tighten, 1 onion - finely chopped, 1 tomato - chopped, 2 green chillies - finely chopped, 1 teaspoon turmeric powder, 1 teaspoon garam masala powder, 1 teaspoon coriander powder , 1 tablespoon butter, 1 teaspoon red chili powder, salt - as per taste, 1 tablespoon oil, 2 sprigs of coriander - finely chopped (for garnish)","To start the Brinjal Bharta, first turn on the gas. Place the brinjals on the heat and roast them all the way around. After 10 minutes you will see that the brinjal skin has started coming out. Bake the eggplants and keep them aside till they become soft. After cooling, take out the skin of the brinjals and mash them with the help of a fork. Keep it aside. Now heat a pan. Add cumin seeds and let it cook for 10 seconds. After 10 seconds, add ginger, onion and cook till the onion becomes soft. Now add tomato, turmeric powder, green chilli, coriander powder, garam masala powder and red chili powder. Mix all and let it cook for 3 minutes to 4 minutes. Now add eggplant, butter and salt. Mix, slow down the heat and let it cook for 10 minutes. Turn off the gas and garnish with green coriander. Serve the Brinjal Bharta with Panchamel Dal, Spinach Raita and Phulka for dinner.",Punjabi,Side Dish,Vegetarian,Punjabi,1,60,4,http://www.archanaskitchen.com/baingan-bharta-recipe-in-hindi
Makki and Methi Roti Recipe,"2 cups Makki Ka Atta (Yellow Corn Meal Flour),1 1/2 cups Methi Leaves (Fenugreek Leaves) - chopped,2 Green Chillies - chopped,1 tablespoon Ajwain (Carom seeds),1 tablespoon Kashmiri Red Chilli Powder,Salt - to taste","To begin making Makki and Methi Roti Recipe, heat some water in a pan till lukewarm.In a steel mixing bowl, add Maize flour, chopped fenugreek leaves, green chillies, carom seeds and salt. Mix everything well. Now add lukewarm water to the maize flour little by little and knead into a soft dough. Add some oil on top of the entire ball of dough and keep aside. Place a tawa on low heat and let it heat up. Next divide the dough into small balls. Roll out each ball between two sheets of plastic (cling film) into a circle or you can use your hands with the help of wet fingers to make a small round roti. Place roti on the the tawa and cook it on low flame from both sides until brown spots appear. Prepare the rest of the the rotis in a similar way and serve hot. Serve Makki and Methi Roti with Sarson Ka Saag and Burani Raita for a delicious weekday meal.",Punjabi,Lunch,Vegetarian,Punjabi,1,30,4,https://www.archanaskitchen.com/makki-and-methi-roti-recipe
Cabbage and Carrot Sambharo Recipe - Gujarati Vegetable Stir Fry,"3 Carrots (Gajjar) - grated,3 cups Cabbage (Patta Gobi/ Muttaikose) - shredded,1 Green Bell Pepper (Capsicum) - thinly sliced,1/2 teaspoon Turmeric powder (Haldi),1 teaspoon Sugar,1 teaspoon Lemon juice,Salt - to taste,1 teaspoon Sunflower Oil,1 teaspoon Mustard seeds,1/4 teaspoon Asafoetida (hing),1 sprig Curry leaves,3 Green Chillies - slit lengthwise","To begin making the Cabbage and Carrot Sambharo Recipe, heat oil in a heavy bottomed pan on medium heat. Add the mustard seeds and allow it to crackle. Once it crackles, add the asafoetida, green chilies, curry leaves and saute for a few seconds. At this stage add the turmeric powder and the chopped vegetables, salt and stir to combine all the ingredients well. Turn the heat to low, cover the pan and allow the vegetables to cook in its own steam for about 3 to 4 minutes, until just about cooked. You want the vegetables to remain little firm and crunchy and not too soft.Once done, turn off the heat and the Cabbage and Carrot Sambharo is ready to be served.Serve Cabbage And Carrot Sambharo along with Palak Ragi & Oats Wheat Thepla Recipe or Beetroot & Sesame Thepla Recipe for a simple mean.",Gujarati Recipes,Lunch,Vegetarian,Gujarati,1,30,4,http://www.archanaskitchen.com/cabbage-and-carrot-sambharo-recipe-gujarati-vegetable-stirfry
Paneer Tikka Saddle Roll Recipe,"2 cups Whole Wheat Flour,Salt - to taste,Ghee - for cooking,1 tablespoon Ghee - for cooking,200 grams Paneer (Homemade Cottage Cheese) - thinly sliced,1/4 cup Hung Curd (Greek Yogurt),1 tablespoon Gram flour (besan),1 inch Ginger - finely chopped,4 cloves Garlic - finely chopped,1 tablespoon Kasuri Methi (Dried Fenugreek Leaves),1/2 teaspoon Turmeric powder (Haldi),1 teaspoon Chaat Masala Powder,1 teaspoon Garam masala powder,1/4 cup Mint Leaves (Pudina) - finely chopped,Salt - to taste,1 Coal - for giving a smoked flavour,1/4 cup Mint Leaves (Pudina) - chopped,1 Green Bell Pepper (Capsicum) - thinly sliced,2 Onion - thinly sliced,1/2 Lemon - juice extracted,Salt - to taste","To begin making the Paneer Tikka Kathi Roll Recipe, get all the ingredients prepped and ready. If you are making paneer at home you can use our homemade paneer recipe.To make the paneer tikka, add all the ingredients for Paneer Tikka in a bowl except the paneer and stir them well until combined.Add the cut paneer pieces into it and allow it to rest for 5 minutes.Heat a teaspoon of oil or ghee in a wok or a skillet, add the paneer mixture and sauté over high heat for four to five minutes, stirring occasionally and cook the paneer until all the marination thickens and forms a coat over the paneer.Once done, check the salt and spice and adjust to suit your taste. Keep this aside.Next step is the give the paneer tikka a smoked flavour. Place a large piece of coal on the gas flame and allow it to turn red hot.Place a katori in the center of the paneer tikka pan, place the red hot coal in the katori/ cup and spoon a little bit of ghee over the coal. It will begin to emit smoke. Cover the pan and allow the paneer tikka to get the smoky flavours.After about 30 seconds, remove the coal cup and the smoked paneer tikka is ready.The next step is to make the roti for the rolls. In a large mixing bowl add the flour and salt, give it mix with your fingers. Add a little water at a time and make a smooth dough.Once you have the dough ready, add a teaspoon of oil over the dough and knead for a couple of minutes, this will give the dough a flaky texture.To make the wrap for the kathi rolls, divide the dough into 5 large portions. Roll the dough into a large circle by dusting it in flour. Preheat a skillet on medium heat, place the rolled dough on the skillet and cook it on both sides by smearing ghee over it until it is cooked through and browned and slightly crisp.The addition of ghee helps in creating a crisp texture to the rolls.In a small mixing bowl, combine the raw onions, capsicum, lemon, mint leaves and salt. Toss them together.Place the cooked rotis on a flat surface and place a portion of the filling towards the center, sprinkle some onion capsicum mixture and if you like a little more chaat masala and roll it up tightly.The Paneer Tikka Kathi rolls are now ready to be served. Proceed the same way with the remaining dough portions and serve.Serve the Paneer Tikka Kathi Rolls as a snack for tea on weekends, as an appetizer for parties along Mumbai Style Tawa Pulao Recipe With Moong Sprouts and Nawabi Kofta Curry Recipe or make it less spicy and pack it into your kid's lunch box.",Bengali Recipes,Snack,Vegetarian,Punjabi,1,60,4,https://www.archanaskitchen.com/paneer-tikka-kathi-roll-recipe
Matar Paneer Kachori Korma Recipe - Green Peas And Paneer Kachori Curry,"1 cup All Purpose Flour (Maida),2 tablespoons Sunflower Oil,1/2 teaspoons Ajwain (Carom seeds),Salt - to taste,Sunflower Oil - as required for frying,1 cup Green peas (Matar),1 cup Paneer (Homemade Cottage Cheese) - crumbled,1 teaspoon Coriander Powder (Dhania),1 teaspoon Red Chilli powder,1 teaspoon Amchur (Dry Mango Powder),1/2 teaspoon Turmeric powder (Haldi),2 teaspoons Sunflower Oil,Salt and Pepper - to taste,1 cup Onion - chopped,1 cup Homemade tomato puree,1 teaspoon Ginger Garlic Paste,12 Whole cashews,1/2 cup Curd (Dahi / Yogurt),2 Cloves (Laung),1 Mace (Javitri),2 Cardamom (Elaichi) Pods/Seeds,1 inch Cinnamon Stick (Dalchini),1/2 teaspoon Cumin seeds (Jeera),1/2 teaspoon Garam masala powder,1 teaspoon Red Chilli powder,1/2 teaspoon Turmeric powder (Haldi),1 teaspoon Coriander Powder (Dhania),1/2 teaspoon Kasuri Methi (Dried Fenugreek Leaves),1/2 teaspoon Sugar,Salt - to taste,Coriander (Dhania) Leaves - as required,Fresh cream - as required for garnishing,2 tablespoons Sunflower Oil","To begin making the Matar Paneer Kachori Korma Recipe, we will firstly make the dough for kachori.Dough for the KachoriMix maida, salt, carom seeds, oil in a bowl and mix till you get crumbly texture. Then add cold water to this slowly. The dough has to be stiff and shouldn't be kneaded for long.Once the dough is done, let this rest for 15 to 20 minutes. The next step is to make the filling for Kachori. Heat oil in a heavy bottomed pan, add green peas, salt and all dry spices including turmeric powder, red chilli powder, coriander powder, amchur powder, salt and pepper. Let it cook for about 4 to 5 minutes while slightly mashing the peas in between. After 4 minutes, add the crumbled paneer to this and mix well. Let it simmer for 2 minutes and take it out in a bowl. Keep it aside to cool down.Take a ball size dough and roll it like a roti but slightly thicker. Take a 2.5"" diameter lid or cookie cutter and cut the circles. Now add a small teaspoon of the paneer and matar mixture in the middle and seal them using water on the edges. Pat them a little to make it flat and keep them aside.To make the Kachoris, heat the required oil in a frying pan. When the oil is hot, add the kachoris and fry them for 5 to 6 minutes until they turn golden brown and crispy on both the sides.Once done, take them out on a paper towel to absorb the excess oil and place aside.*Gravy / Korma for the dishWe will first make the onion paste, tomato paste and cashew paste separately in a mixer. Keep aside. In a wide bottomed pan, add oil, let it heat, then add the whole spices including cloves, mace, cumin seeds, cardamom, cinnamon stick and let it crackle. This will take about a minute.To the pan, add turmeric powder, red chilli powder, ginger garlic paste, the freshly ground onion paste and let it cook for about 4 to 5 minutes until the raw smell of onions go away. Add in the tomato puree and let it cook until the tomatoes are well combined into the gravy. Next, add the cashew paste to tomato onion mixture and stir well to get a uniform mixture. Switch the heat to low, add the beaten curd and let it cook for 2 minutes. Next add 1/2 cup of water or more according to the gravy consistency. Finally add garam masala powder, sugar, salt to taste and let it cook for 5 minutes on low heat. Once done, add the mini kachoris to the gravy and garnish it with chopped coriander leaves.Serve Matar Paneer Kachori Korma with Boondi Raita and Phulka for a weekday meal.Serve Matar Paneer Kachori Korma along with Dal Makhani, Palak Raita, Phulka, Jeera Rice and Kachumber Salad for a meal, when you have guests coming home for dinner or you are organizing a house party.",North Indian Recipes,Lunch,Vegetarian,Punjabi,1,80,4,http://www.archanaskitchen.com/matar-paneer-kachori-korma-recipe-green-peas-and-paneer-kachori-curry
Paneer Butter Masala Biryani Recipe - Layered Paneer Butter Masala Biryani Recipe,"1 cup rice, 2 cups water, 1 tsp ghee, 1 cardamom, 2 long, 1 star anise, 1/2 inch cinnamon, 2 whole black pepper, salt - as per taste, 1 bay leaf, 1/4 cup onion - bottom Take, 1 sprig of green coriander, 1 sprig of mint, 200 grams of cottage cheese - cut into 1/2 inch cube, 2 tomatoes, 2 tablespoons cream, 1 onion - chop, 1 inch ginger, 3 cloves garlic, 1 green chili , 1 tsp cardamom powder, 1/2 tsp cumin powder, 1/2 tsp garam masala powder, 1/2 tsp red chilli powder, 1 tsp kasoori methi, 1 tsp honey, salt - oil, as per taste - As per use, 1 tbsp cashews - for garnish","To make Paneer Butter Masala Biryani recipe, first wash the rice and soak it for 30 minutes. To make rice for biryani, heat ghee in a pressure cooker. Add cardamom, long, star anise, cinnamon, whole black pepper, bay leaves, and cook for 1 minute. Now add rice, salt, 2 cups of water and close the cooker. Cook till 2 cities come and turn off the gas. Allow the pressure to drain automatically. Open the cooker and spread out the rice in a plate so that it becomes slightly cold. Now add fried onions, coriander leaves, mint and mix well. Keep it aside. To make Paneer Butter Masala for Biryani, heat oil in a pan. Add cumin, cardamom, green chillies, ginger, garlic, onion and cook till the onion turns brown. Now add tomatoes, salt and turn off the gas. Allow to cool. Now put this mixture in a mixer grinder and grind it into a paste. Heat some oil in a pan. Add the ground spices to it and cook for 1 minute. After this, add cumin powder, garam masala powder, red chili powder, honey, kasoori methi and let it cook on low flame. After the gravy boils, add cottage cheese, cream and mix it. Turn off the gas after 1 minute. To make biryani, grease a large bowl with butter. Add fried onions, mint leaves, coriander. Make a rice layer over it. Press it well. Now add Paneer Butter Masala to it. Re-insert these layers and place the rice on the topmost layer. Now place a plate over it and reverse it. Serve. Serve Paneer Butter Masala Biryani Recipe along with Bundi Raita and Papad for dinner.",North Indian Recipes,Main Course,Vegetarian,Punjabi,1,45,4,https://www.archanaskitchen.com/layered-paneer-butter-masala-biryani-recipe-in-hindi
Dhania Chole Masala Recipe - Chickpeas In Fresh Coriander Gravy,"1/2 cup Coriander (Dhania) Leaves - chopped,4 Green Chillies,1 inch Ginger,Salt - to taste,1 Lemon - juice extracted,2 cups Kabuli Chana (White Chickpeas) - soaked overnight,1 tablespoon Ghee,1 Onion - finely chopped,1 inch Ginger - finely chopped,3 cloves Garlic - finely chopped,1 Cinnamon Stick (Dalchini),1 Bay leaf (tej patta),1 Brown cardamom (Badi Elaichi),1 teaspoon Black Salt (Kala Namak),1/4 teaspoon Garam masala powder,1 teaspoon Coriander Powder (Dhania),1/2 teaspoon Black Salt (Kala Namak),Salt - to taste,Salt - to taste","To begin making Dhania Chole Masala, wash and soak the chana or chickpeas overnight. Drain the water in which the chickpeas/chole is soaked in. Pressure cook the drained chana along with 3 cups of water and salt for 6 whistles. After 6 whistles reduce the heat to low and continue to cook for 20 minutes. Turn off the flame and allow the pressure to release naturally. The chana has be cooked well once you open the pressure cooker. Once done, when you press between your fingers to should mash easily.The next step is to make the Dhania Masala.Into a mixer grinder, add the coriander, ginger and green chillies, along with a little salt and lemon juice. Add 1/4 cup water and blend to make a smooth mixture like a chutney. Keep the Dhania Masala aside.Heat ghee in a pan over medium heat; add the onion, ginger and garlic and saute until the onion softens. Add the bay leaves, cinnamon stick, badi elaichi and saute for a few more seconds until you can smell the aromas.After a few seconds, add the garam masala, coriander powder, kala namak and the dhania masala. Give it a stir.Add the cooked chana, give it a stir. Add water if required to adjust the consistency of the chana masala. Cover the pan and simmer the Dhania Chole Masala for a good 10 minutes.After 10 minutes, you will notice that the chole is well coated with the dhania masala. At this stage, check the taste and adjust the salt and chilli accordingly.Once done, turn off the heat and transfer the Dhania Chole Masala to a serving bowl and serve hot.Serve the Dhania Chole Masala, along with Puri, Paneer in White Gravy, Lacha Pyaz and Chaas for a delicious weekend lunch.",North Indian Recipes,Main Course,High Protein Vegetarian,Punjabi,1,540,4,https://www.archanaskitchen.com/chole-dhania-masala-recipe
Nutty Aloo Paratha Recipe,"1 cup Whole Wheat Flour,1 cup Spinach Leaves (Palak) - pureed,Water - as required to make pliable dough,3 Potatoes (Aloo) - boiled and mashed,1/2 cup Paneer (Homemade Cottage Cheese) - crumbled/grated,1 tablespoon Coriander (Dhania) Leaves,1/2 teaspoon Garam masala powder,Salt - to taste,1/2 teaspoon Cumin powder (Jeera),1 teaspoon Red Chilli powder - or 2 chopped green chillies,1-1/2 tablespoon Mixed nuts - chopped,1 tablespoon Raisins,Ghee - to smear","To begin making Nutty Aloo Paratha Recipe,first knead the dough and keep it aside.In a Mixing bowl, bring together wheat flour, water, and spinach puree (if using) to a soft pliable dough by kneading well. Few drops of ghee or oil can be added if required.To make the fillingIn a large mixing bowl add the mashed potatoes or aloo, and all the other ingredients, crumbled paneer, coriander, garam masala, salt, jeera powder, red chilli powder/green chillies, chopped nuts, and raisins and mix them till they are well combined.Divide the nutty aloo filling into 8 to 10 equal portions. This process of dividing and keeping the portions of aloo paratha dough and filling ready, helps you gauge the number of parathas you can make and if you need more or less of the filling.The final step is to stuff the filling into the dough to make Nutty Aloo Paratha.Roll the dough into a small circle, place the filling inside and close the dough from all sides.Dust the filled aloo paratha dough in some flour and roll this stuffed nutty dough into a paratha, taking care not to let the stuffing ooze out.preheat a roti tawa and place the filled nutty aloo paratha. Allow it to cook on medium heat for about 30 to 45 seconds and flip over.Add this stage add a teaspoon of ghee or oil and spread it around. Flip again, so the oiled side can cook on the skillet. Spread a little more ghee and keep pressing the parathas while on the skillet to cook the paratha evenly from inside out.Do the flipping over process a couple of times until both sides get cooked, browned and crisp evenly. Make sure you cook on medium heat as it allows the nutty aloo parathas to get a crisp on the outside and yet soft texture.Once the aloo paratha is cooked transfer to a plate. Continue to the same process with the remaining parathas the same way.Serve Nutty Aloo Paratha Recipe with Rawal Pindi Style Chole and some Kachumber Salad Recipe With Cucumber, Onion & Tomatoes for weekend brunch. Add Quick Strawberry Yogurt Smoothie to complete the meal.",North Indian Recipes,North Indian Breakfast,Vegetarian,Punjabi,1,55,4,http://www.archanaskitchen.com/nutty-aloo-paratha-recipe
Crispy Masala Peanuts Recipe - Gujarati Sing Bhujia,"1 cup Raw Peanuts (Moongphali),2 tablespoons Gram flour (besan),1 tablespoon Rice flour,1/2 teaspoon Red Chilli powder,1/2 Coriander Powder (Dhania),2 pinch Chaat Masala Powder,1/4 cup Water,2 pinch Black pepper powder,1 teaspoon Sunflower Oil,Salt - to taste,Sunflower Oil - to fry","To begin making the Crispy Masala Peanuts recipe, First we need to take a big bowl, mix together peanuts, gram flour, rice flour, red chilly powder, coriander powder, chat masala, water, black pepper powder, oil and salt to tasteMix all nicely using little water.Remember add less water and making sure the spices and flour stick to the peanuts uniformly.Heat the oil in a kadai/wok on medium heat. Fry the peanuts until they turn golden brown.When they are done, take them out from the oil and place them on a absorbent paper.At this time these are not much crispy but after cooling to room temperature, the peanuts should be crispy.Now Crispy Masala Peanuts are ready, sprinkle some chat masala with dry mint and serve.Serve Crispy Masala Peanuts along with Masala Chai during your tea time break. You can also serve it as a snack with your drinks for house parties.",Gujarati Recipes,Snack,High Protein Vegetarian,Gujarati,1,35,3,http://www.archanaskitchen.com/crispy-masala-peanuts-recipe-gujarati-sing-bhujia
Maa Ki Dal (Recipe),"1 cup black urad dal (split), 1 tablespoon kidney beans, 4 tomatoes - chopped, 1 inch ginger - grated, 1 tablespoon ghee, 1 teaspoon cumin seeds, 1 teaspoon Kashmiri red chilli powder, 1 tablespoon coriander powder , 1/2 teaspoon garam masala powder, salt - as per taste","To make Maa Dal, first wash and soak the lentils and beans for 2-3 hours in water. Now heat 5 cups of water in a pan. Add dal and rajma to it and let it cook till it becomes soft. Allow to cook for 2 to 3 hours, which increases its taste even more. Then add tomatoes and ginger to it. Mash it a little bit. Now heat ghee in a tempering pan. Add cumin seeds and cook till it turns brown. Now add all the dry spices and cook for 1 minute. Add this tempering to the dal and let it boil. Cook for 10 to 15 minutes and serve hot. Serve Maa Dal with Lacha Paratha and Sew Tomato Vegetable for dinner.",Punjabi,Dinner,High Protein Vegetarian,Punjabi,1,160,4,http://www.archanaskitchen.com/maa-ki-dal-recipe-in-hindi
Chole Masala Recipe - Dry Masala Chickpeas (Recipe),"1 cup Kabuli Channa - Soak it overnight and then boil it, oil - as per use, 1 teaspoon cumin seeds, 1/4 teaspoon ginger-paste, 2 teaspoons chana masala powder, 2 teaspoons red chilli powder, 1/4 teaspoon Spoon cumin powder, 2 teaspoon Amchoor powder, 1/4 teaspoon turmeric powder, 1 tablespoon Coriander powder, salt - as per taste","To make Chole Masala, first of all, cook Kabuli Chana in a pressure cooker till 3 years. Take water out of it and keep it aside. Now heat oil in a pan and add cumin seeds. After 10 seconds, add ginger to it and cook for 30 seconds. Now add chola masala, red chilli powder, mango powder, turmeric powder, coriander powder, cumin powder and salt. Cook for 1 to 2 minutes and then add the cooked gram. Mix well and cook for another minute. Turn off the gas and garnish with green coriander. Serve Chole Masala with Puri and Tomato Onion Cucumber Raita.",Punjabi,Lunch,High Protein Vegetarian,Punjabi,1,40,2,https://www.archanaskitchen.com/dry-masala-chickpeas-recipe-in-hindi
Baingan Sarson Ka Saag Recipe,"300 grams Small Brinjal (Baingan / Eggplant) - quartered,200 grams Mustard greens,1 Onion - sliced,4 cloves Garlic - finely chopped,1 inch Ginger - finely chopped,1/2 teaspoon Cumin seeds (Jeera),1 teaspoon Red Chilli powder,1 teaspoon Coriander Powder (Dhania),1 teaspoon Garam masala powder,1 teaspoon Amchur (Dry Mango Powder),Salt - to taste,3 tablespoons Mustard oil - for cooking","To begin making Baingan Sarson Ka Saag Recipe first prep all the ingredients and keep aside. Quarter the brinjal and keep them in salted water till you use them. Keeping them in salted water prevents discolouration of the brinjal.Wash and chop the mustard greens ( sarson ka saag) roughly and keep them aside. Next heat oil in a deep pan or wok and once the oil has reached a smoking point reduce the heat to medium. Add cumin seeds and let them crackle. Then add onions, ginger and garlic and saute till the onions are cooked.Now add the drained and cut brinjal slices to the pan and saute. Sprinkle some water, cover and cook the brinjal till its cooked through and is well roasted.This will take about 4 to 5 minutes.Once the brinjal is well roasted, softened and cooked through, add all the dry spices to the pan, chilli powder, turmeric powder, coriander powder, garam masala powder, amchur powder, salt and saute for a minute till all the brinjal is well coated with the masalas. Finally add the chopped mustard leaves to the brinjals and cover and cook till the mustard greens are cooked through. This will take about 3 to 4 minutes as well.Check the salt and seasonings of the Baingan Sarson Ka Saag and adjust according to taste.Once done, turn off the heat and transfer the Baingan Sarson Ka Saag to a serving bowl and serve hot.Serve Baingan Sarson Ka Saag with Phulka , Panchmel Dal and Lauki Raita for a lovely weekday lunch.",North Indian Recipes,Lunch,Diabetic Friendly,Punjabi,1,25,4,https://www.archanaskitchen.com/baingan-sarson-ka-saag-recipe
Baingan Sarson Ka Saag Recipe - Brinjal Mustard Saag Recipe,"300 grams Brinjal - chopped, 200 grams mustard, 1 onion - thin and straight cut, 4 cloves garlic - finely chopped, 1 inch ginger - finely chopped, 1/2 tsp cumin, 1 tsp red chili powder, 1 tsp coriander powder, 1 tsp garam masala powder, 1 tsp mango powder, salt - as per taste, 3 tbsp mustard oil - as per use","To make the brinjal mustard greens recipe, prepare all the ingredients first and keep them separately. Cut the eggplant and keep it in salt water. Wash the mustard thoroughly and cut it and keep it separately. Now heat oil in a pan. When the oil is very hot, add cumin seeds and let it splutter. After the cumin seeds crackle, add onion, ginger, garlic and cook till the onion becomes soft. After the onion becomes soft, add eggplant to it and cook it well. Add water, cover the pan and cook it till the eggplant is cooked. It will take 4 to 5 minutes. Now add red chili powder, turmeric powder, coriander powder, garam masala powder, mango powder, salt and cook it for 2 minutes. Now add mustard leaves and cook for 3 to 4 minutes. Turn off the gas after cooking and serve. Serve the Brinjal Mustard Saag Recipe along with Dal Tadka, Gourd Raita and Phulka for dinner.",North Indian Recipes,Lunch,Diabetic Friendly,Punjabi,1,25,4,http://www.archanaskitchen.com/baingan-sarson-ka-saag-recipe-in-hindi
Wheat Millet Thepla Recipe - Bajra Masala Paratha,"1 cup Bajra Flour ( Pearl Millet),1/2 cup Whole Wheat Flour,1/2 teaspoon Turmeric powder (Haldi),1/2 teaspoon Black pepper powder,1 inch Ginger - grated,1 Green Chilli - finely chopped,4 sprig Coriander (Dhania) Leaves - finely chopped,Sunflower Oil - as required","To begin making the Gehu Bajra Thepla Recipe, combine the bajra flour, whole wheat flour, turmeric powder, black pepper powder, ginger, green chilli, and coriander leaves, in a large mixing bowl. Add little water at a time and knead to make a smooth and firm dough. Drizzle some oil on the top and knead for a few more minutes until smooth. Cover the thepla dough and allow it to rest for half an hour.Preheat the iron skillet on medium heat. Divide the dough into 6 to 8 portions.Roll the thepla portions into balls; flatten them with the palm of your hand. Toss the thepla dough on flour and roll them out into thin circles to approximately 6 inches in diameter.As you roll them out, you can keep tossing the dough in dry flour to prevent sticking when rolling them out.Continue the same process of rolling the thepla dough out with the remaining balls. It is ideal when you can roll out the all portions of dough before you can start cooking them. Method of Cooking the Gehu Bajra TheplaWith skillet on high heat, place the rolled out Gehu Bajra thepla on the skillet. After a few seconds you will notice small air pockets popping out.At this point flip the Gehu Bajra thepla and smear about half a teaspoon of oil and using a flat spatula and do a light pressing and turning motion to cook to the thepla.Flip to the other side and press and turn in a similar way. You will notice brown spots around the cooked Gehu Bajra thepla. Remove from heat and place the thepla on a flat plate. Continue the similar process with the remaining rolled out portions and stack the cooked Gehu Bajra thepla one above the other. Stacking them maintains softness and prevents the thepla’s from drying out, preserving moisture.Serve the Gehu Bajra Thepla with Bangain Bharta and Jaggery for dinner.",Gujarati Recipes,Main Course,Diabetic Friendly,Gujarati,1,45,4,https://www.archanaskitchen.com/gehun-bhajra-thepla-recipe-spiced-wheat-millet-flat-bread
Palak Paneer Bhurji Recipe - Palak Paneer Bhurji Recipe,"200 grams cheese - pinch, 50 grams spinach - finely chopped, 2 green chillies - finely chopped, 1 onion - finely chopped, 1 tomato - finely chopped, 2 cloves garlic - finely chopped, 1/2 small Teaspoon cumin, 2 tsp red chilli powder, 2 tsp garam masala powder, 2 tsp mango powder, 1 tbsp butter, salt - as per taste, oil - as per use","To make the Palak Paneer Bhurji recipe, firstly make paneer. You can also buy cheese from outside. Steal the cheese and keep it aside. Now heat oil in a pan. Add cumin seeds and let it crackle. After the cumin seeds crackle, add ginger, garlic, green chillies, onions and cook them till the onions turn light brown. Now add tomatoes and cook till they become soft. Add the spinach and cook until the spinach is cooked. Now add red chili powder, garam masala powder, mango powder, paneer and mix well. Add the butter and cook for 3 to 4 minutes. After cooking, turn off the gas and serve hot. Serve the spinach paneer bhurji with dal makhni, boondi raita and phulka for dinner.",North Indian Recipes,Vegetarian,Vegetarian,Punjabi,1,45,4,https://www.archanaskitchen.com/palak-paneer-bhurji-recipe-spiced-cottage-cheese-scramble-with-spinach-recipe-in-hindi
Spicy Paneer Bhurji Pav Sandwich Recipe - Breakfast Recipe,"1 tablespoon Sunflower Oil,1 teaspoon Ginger - grated,1 Green Chilli - finely chopped,1 Onion - finely chopped,1 Tomato - finely chopped,1/4 teaspoon Turmeric powder (Haldi),1/4 teaspoon Red Chilli powder,2 cups Paneer (Homemade Cottage Cheese) - crumpled,1 tablespoon Coriander (Dhania) Leaves - chopped,Salt - to taste,4 Pav buns - roasted in butter","To begin making the Spicy Paneer Bhurji Pav Sandwich, we'll begin by making paneer bhurji.Place a pan on the heat and warm the oil in it. To it, add ginger and green chilies and saute for a minute or two. Then add the chopped onions and continue to saute until translucent.Followed by chopped tomatoes, turmeric powder and red chilli powder - add them all into the pan and continue to cook, stirring continuously until the tomatoes are softened.Continue to cook till some moisture dries out and the masalas begin to leave the sides of the pan.At this stage, add the crumbled paneer, season with required salt and mix well.Cook the prepared bhurji on a medium heat for another minute or two. Sprinkle chopped coriander, turn off the heat and set the bhurji aside till later use.Apply butter on the pav buns, place them on a preheated pan and toast them on medium heat until browned and crisp.The next step is to assemble the Pav Sandwiches. To do this, Slice each pav into half and lay them flat on a work surface. Scoop a spoonful of paneer bhurji and serve hot. Serve the Spicy Paneer Bhurji Pav Sandwich Recipe along with Calcutta Style Puchkas and a hot cup of Masala Chai for a chaat party.",North Indian Recipes,Dinner,High Protein Vegetarian,Punjabi,1,35,4,http://www.archanaskitchen.com/spicy-paneer-bhurji-pav-sandwich-recipe-spiced-cottage-cheese-bun-sandwich
Gujarati Methi Na Dhebra Recipe,"1/2 cup Bajra Flour ( Pearl Millet),1/2 cup Jowar Flour (Sorghum),1/2 cup Whole Wheat Flour - More for dusting,2 cups Methi Leaves (Fenugreek Leaves) - finely chopped,2 inch Ginger - ground to paste,3 Green Chillies - finely chopped,1 tablespoon Sesame seeds (Til seeds),2 teaspoons Red Chilli powder,2 teaspoons Turmeric powder (Haldi),1/4 teaspoon Asafoetida (hing),5 tablespoons Curd (Dahi / Yogurt),1 teaspoon Sugar - (optional),Salt - to taste,1 tablespoon Sunflower Oil","To prepare Gujarati Methi Na Dhebra Recipe, get all the ingredients ready.In a large bowl, mix fenugreek leaves, ginger paste, green chilies, sesame seeds, chili powder, turmeric powder, asafoetida. Mix it well with a teaspoon of oil. Keep aside for 5 minutes to help fenugreek leaves soften a bit.Add millet flour, whole wheat flour, sugar and salt.Mix well using your finger so fenugreek mixture will incorporate well with flours. It will look crumbly texture.Add tablespoon yogurt at a time and knead to form soft dough. You will need 5 or 6 tablespoon of yogurt depends on your flour or depends on the consistency of your yogurt . So add little yogurt at a time so will come to know how much you need. Cover it and let it stand for 10-15 minutes.After 15 minutes, knead it again to make it smooth.Divide it into 10 equal portions. Roll each portion between your palm and press into a circle.Heat the tawa on medium heat.Dip the flattened ball into dry chapati flour and coat well. Roll it gently in to circle about 6 inch in diameter.Once hot placed rolled dhebra on the skillet. When you see bubbles on it flip it. After few seconds apply some oil on it and flip it again and press gently using spatula and cook until you see some brown spot on bottom side.Apply some oil again (optional) on other side and flip and cook on that side.When done, take it out from skillet/tawa proceed similarly till all the dough is used up.Serve Gujarati Methi Na Dhebra recipe dabbed with homemade ghee along with a cup of pounded jaggery, Naranga Achaar, yogurt and Sev Tamatar Ki Sabzi",Gujarati Recipes,Snack,Diabetic Friendly,Gujarati,1,30,2,http://www.archanaskitchen.com/gujarati-methi-na-dhebra-recipe
Paka Kela Ki Sabzi Recipe | Paka Kela nu Shaak | Gujarati Jain Recipe,"3 cups Ripe Bananas - cubed,1/4 cup Gram flour (besan),1/4 teaspoon Asafoetida (hing),1/2 teaspoon Turmeric powder (Haldi),1/2 teaspoon Red Chilli powder,1/4 teaspoon Cumin seeds (Jeera),1/4 teaspoon Mustard seeds,1 sprig Curry leaves - finely chopped,2 teaspoons Sunflower Oil,Salt - to taste","To begin making the Paka Kela Nu Shaak; prepare all the ingredients and keep them ready.Heat oil in a pan on medium high; add the mustard seeds, cumin seeds and curry leaves and allow it to crackle.Add the asafoetida, turmeric powder, red chilli powder and give it a stir.Stir in the banana and the besan into the above seasoning and stir gently until the gram flour and condiments gets well coated around the ripe banana, for about 3 to 4 minutes. Turn off heat and transfer to a serving dish.Serve Paka Kela Ki Sabzi along with of Phulka, Gujarati Dal and a bowl of dahi. Note: The Paka Kela Ki Sabzi has to be prepared just a few minutes before you are ready to serve your meal. When it stays for a longer time, the bananas tend to lose their texture and the dish can get too soggy.",Gujarati Recipes,Dinner,Vegetarian,Gujarati,1,30,4,http://www.archanaskitchen.com/paka-kela-ki-sabzi-gujarati-jain-recipe
No Onion No Garlic Lobia Masala Recipe In Electric Pressure Cooker,"1 cup Black Eyed Beans (Lobia) - soaked for two hours,1 inch Ginger - finely chopped,2 Green Chillies,2 sprig Curry leaves,1 teaspoon Cumin seeds (Jeera),1/2 teaspoon Turmeric powder (Haldi),1 teaspoon Red Chilli powder,1 teaspoon Coriander Powder (Dhania),1 tablespoon Gram flour (besan),1 tablespoon Tamarind Paste,1 teaspoon Jaggery,Salt - to taste","To begin making the No Onion No Garlic Lobia Masala Recipe, wash lobia and soak in water for about 2 hours.Heat oil in saute mode of the electric pressure cooker over medium heat; add the cumin seeds, ginger, green chillies and fry for few seconds. Then add besan and roast it for two minutes stirring continuously. Add half cup of water and make a smooth paste.Next add the turmeric powder, coriander powder, red chilli powder, jaggery, salt, tamarind paste and the soaked beans with 2 cups of water.Stir to combine and cover the pressure cooker.Change the mode of the electric pressure cooker to dal mode and just let the pressure cooker to its job.If you are cooking in a regular pressure cooker, pressure cook Jain Style lobia curry for 4 to 5 whistles on medium heat and turn off the heat. Open the pressure cooker after the pressure releases on its own. Adjust the consistency of the dish according to your taste, by adding more or less water. Once done, check the taste and adjust the salt and seasonings accordingly.Serve No Onion No Garlic Lobia Masala along with a Jain meal made up of Paka Kela Ki Sabzi, Masala Jowar Methi Roti and Beetroot Carrot Raita for a weeknight dinner or a sunday lunch.",Gujarati Recipes,Dinner,No Onion No Garlic (Sattvic),Gujarati,1,30,4,https://www.archanaskitchen.com/no-onion-no-garlic-lobia-masala-recipe-in-electric-pressure-cooker
Potato Stuffed Dal Dhokli Recipe,"1 cup Whole Wheat Flour,Salt - to taste,1 tablespoon Sunflower Oil,Whole Wheat Flour - for rolling,3 Potato (Aloo) - boiled and mashed,1 tablespoon Red Chilli powder,1/2 tablespoon Garam masala powder,2 tablespoon Coriander (Dhania) Leaves - chopped,1 tablespoon Sugar - optional,1/2 tablespoon Lemon juice,1 cup Arhar dal (Split Toor Dal) - boiled and ground,1/4 tablespoon Turmeric powder (Haldi),1/3 cup Raw Peanuts (Moongphali) - boiled,Salt - to taste,1 Tomato - finely chopped,1 Green Chilli - finely chopped,1 inch Ginger - grated,1/2 tablespoon Lemon juice,3 tablespoon Jaggery - chopped,1 tablespoon Sunflower Oil,1/2 tablespoon Mustard seeds,1/2 tablespoon Cumin seeds (Jeera),1/4 teaspoon Asafoetida (hing),10 Curry leaves,2 Dry Red Chillies,1 Cinnamon Stick (Dalchini),2 Cloves (Laung),1 Bay leaf (tej patta),4 tablespoon Coriander (Dhania) Leaves - chopped","To prepare Potato Stuffed Dal Dhokli Recipe, get prep with all the ingredients mentioned and proceed with making the dumplings. Start with sieving the flour with salt and knead into a semi-stiff dough with enough water.Cover the dough with a lid and keep aside for 10-15 minutes. Meanwhile prepare filling for dumplings. Take boiled and mashed potato in one bowl, add salt to taste, chilli powder, turmeric powder, chopped coriander, Garam masala, lemon juice and sugar(optional).Mix all spices well into potato. Make medium sized balls from the potato mixture.Make about 10-15 equal small sized balls from the dough.Roll out into 3-4 inches diameter roti base with a rolling pin, place the potato ball in center of roti. This rolled out roti dough should be thinner, like the thickness of regular chapati.Bring together all the edges in the center and join them. Cover whole potato roll with roti, remove the excess dough if necessary. Try to avoid thick covering around the stuffing.Similarly, prepare 10-15 dumplings till all the filling is used up and cover with a plate.For Lentil CurryTo make lentil curry, clean, wash and drain the lentils. Combine the lentil, about 2 cups of water, & turmeric powder in a pressure cooker and cook for 3 whistles.Combine the cooked dal and a cup of hot water in a tall mixing bowl and blend it well using a hand blender till smooth. Add enough water and mix very well.Place the mixture in a shallow frying pan on the flame and add turmeric powder, peanuts boiled, salt to taste, tomato, green chilli, ginger, lemon juice, & jaggery.Mix well and cook on a medium flame for 10 to 15 minutes, while stirring occasionally.Now add prepared dumplings gently into dal, and cook them for another 15 minutes, once dumplings are starting to come at top of dal, it is almost cooked.Meanwhile, for the tempering, heat the oil in a small non-stick pan, add mustard seeds and cumin seeds, allow them to crackle.When the seeds crackle, add the asafoetida, curry leaves, red chillies, cinnamon, cloves, bay Leaf and sauté on medium till aromatic.Add this tempering to the dal, mix well and cook on a medium flame for 2 to 3 minutes, while stirring occasionally.After adding tempering cook for 5 minutes and now it is ready to serve.Serve Potato Stuffed Dal Dhokli Recipe along with Masala Khichia Recipe (Spicy Corn Flour Papad) for a meal in itself.",North Indian Recipes,Lunch,Vegetarian,Gujarati,1,100,4,https://www.archanaskitchen.com/potato-stuffed-dal-dhokli-recipe
Fansi Muthia Nu Shaak Recipe - Green Beans With Gram Flour Dumplings,"400 grams Green beans (French Beans) - cut into 1 inch pieces,1/2 teaspoon Mustard seeds,1 teaspoon Ajwain (Carom seeds),1/4 teaspoon SSP Asafoetida (Hing),1 teaspoon Coriander Powder (Dhania),1 teaspoon Red Chilli powder,1/2 teaspoon Turmeric powder (Haldi),1/2 teaspoon Amchur (Dry Mango Powder),1 teaspoon Jaggery,Salt - to taste,1 teaspoon Sunflower Oil,1/2 cup Gram flour (besan),2 tablespoons Kasuri Methi (Dried Fenugreek Leaves),1/2 teaspoon Turmeric powder (Haldi),1 teaspoon Sugar,1/4 teaspoon SSP Asafoetida (Hing),1/2 teaspoon Enos fruit salt,1 tablespoon Lemon juice,1 tablespoon Sunflower Oil,Salt - to taste","To begin making the Fansi Muthia Nu Shaak Recipe, add the green beans into a pressure cooker, with 1/4 cup of water, salt to taste and pressure cook for 2 whistles. Turn off the heat and release the pressure immediately to retain the bright green color of the beans. Open the pressure cooker and keep aside.*To make the Muthia:In a small bowl combine the ingredients for the muthia - Gram flour, kasuri methi, turmeric powder, sugar, asafoetida, enos fruit salt, lemon juice, cooking oil and salt. Combine to make a firm dough by adding little water. Divide the dough into equal small portions. Shape them in ovals and lightly press them down. Preheat a paniyaram pan and add little oil into each cavity. Place the muthia in each cavity and pan fry until golden and crisp on all sides. Once done remove and keep aside.*The next step is to make the Fansi Muthia Nu Shaak:Heat a teaspoon of oil in a heavy bottomed pan over medium heat; add the ajwain seeds, mustard seeds and allow them to crackle.After the seeds crackle, add asafoetida and the cooked green beans.After a minute, add the coriander powder, red chilli powder, amchur powder, turmeric powder, jaggery, muthia and saute until well combine. Cover and allow it to steam cook for two minutes and turn off the heat. Transfer Fansi Muthia Nu Shaak into a serving bowl and serve.Serve the Fansi Muthia Nu Shaak Recipe along with Gujarati Kadhi, Phulka and Steamed Rice to enjoy your everyday simple lunch.",Gujarati Recipes,Main Course,Vegetarian,Gujarati,1,40,4,http://www.archanaskitchen.com/fansi-muthia-nu-shaak-recipe
Palak Paneer Recipe - Palak Paneer Recipe,"250 grams Paneer - Chop, 500 grams Spinach - Wash and chop, 1 Tomato - Puree, 2 cloves Garlic - Tighten, 2 inch Ginger - Tighten, 2 Green Chillies - Cut it straight, 1/2 tsp Cumin seeds, 1 / 4 tsp cinnamon powder, 1 tsp cumin powder, 1/4 tsp turmeric powder, 1 tsp garam masala powder, 2 tbsp cream, 1 tbsp butter, salt - as per taste","To make the spinach paneer recipe, first wash the spinach thoroughly. Cut it after washing and keep it separately. Heat the water in a saucepan. After boiling add spinach and turn off the gas. Allow the spinach to remain in hot water for 2 to 3 minutes. Remove the spinach and let it cool. Now pour it into a mixer grinder and grind it to a puree. Now heat the butter in a pan. Add cumin seeds, ginger, garlic, green chilies and cook for 1 minute. Now add tomato puree, turmeric powder and cook it for 2 to 3 minutes. After 2 to 3 minutes, add powdered spinach, cumin powder, garam masala powder, cinnamon powder, salt, mix and raise for 5 minutes. After 5 minutes, add cream, cottage cheese pieces and let it boil. After boiling, turn off the gas and serve. Serve the Palak Paneer Recipe with Dal Tadka, Bundi Raita, Cumin Rice and Phulka for your dinner.",Punjabi,Dinner,High Protein Vegetarian,Punjabi,1,60,4,https://www.archanaskitchen.com/palak-paneer-recipe-cottage-cheese-in-spinach-gravy-in-hindi
Gur Paare Recipe (A traditional Punjabi Wedding Sweet),"500 grams All Purpose Flour (Maida),1/4 cup Ghee,250 grams Jaggery,1 teaspoon Fennel seeds (Saunf),Sunflower Oil - for deep frying","To begin making the Gur Paare Recipe in a large mixing bowl add the maida and the melted ghee.Keep mixing the flour and ghee mixture until you get coarse crumb like texture and the ghee starts to hold the flour together. At this point add teaspoons of water at a time and knead it to make a firm dough.Divide the dough in four parts and roll each portion of the dough into a half an inch thick round circle. Cut them into vertical strips and then into 2-3 inch long strips. Repeat for rest of the dough portions.In a kadai, heat oil for deep frying on medium heat. Once the oil is hot, add the cut dough strips and fry until slightly brown and crisp. Do make sure to fry on medium heat so it gets crisp evenly.Drain them on a kitchen towel and allow them to cool a bit.In another heavy bottomed pan, add chopped or grated jaggery. On a slow flame allow it to melt, stirring continuously all the time.Cook till you attain the consistency where you add a drop of jaggery into the cool water and it solidifies.At this point add the saunf and stir. Turn off the heat and immediately add the fried strips to the jaggery syrup. Mix quickly using two ladles so that all the strips are evenly coated with the jaggery. Once done, the Gur Paare is ready.Transfer the Gur Paare onto a tray cool completely. Once completely cool separate the strips carefully taking care not to break them too much. Store them an airtight container for 15 days.Serve the Gur Paare for festivals like Karva Chauth or any other special occasion in the family.",Punjabi,Snack,Vegetarian,Punjabi,1,45,4,https://www.archanaskitchen.com/gur-paare-recipe-a-traditional-punjabi-wedding-sweet
Menthi Aaku Badeela Koora Recipe - Besan Muthia Cooked With Methi Leaves,"4 cups Methi Leaves (Fenugreek Leaves),1-1/2 cups Gram flour (besan),1 inch Ginger - finely chopped,4 cloves Garlic - finely chopped,1 teaspoon Garam masala powder,2 teaspoons Red Chilli powder,1/2 teaspoon Turmeric powder (Haldi),Salt - to taste,1/4 cup Water,Sunflower Oil - as needed,1 teaspoon Cumin seeds (Jeera),1/2 teaspoon Mustard seeds,1 sprig Curry leaves,2 Dry Red Chillies","To begin making Menthi Aaku Badeela Koora Recipe, wash and chop the fenugreek/methi leaves and keep aside.To a bowl, add the chickpea/besan flour, red chilli powder, salt, ginger garlic paste, garam masala powder and turmeric powder.Add enough water and knead them to a stiff dough. When the dough is coming together, in the end add a teaspoon of oil and knead it again.Next step is to divide the dough into small portions. Apply a little amount of oil onto your palms and roll out small pebble sized balls out of each dough portions. (These are called badeela). Set them ready on a greased plate.To a heavy bottomed pan, heat 2 tablespoons of oil. Once the oil is hot, add the cumin seeds, mustard seeds, curry leaves and dry red chillies. Let it cook for about 30 seconds. Add the rolled badeela (Chickpea flour balls) and give it a good stir. Cover and cook for badeela for 10 minutes stirring in intervals to check the Badeela Koora for the doneness. The badeela will take a good 10 -12 minutes to cook. Give the Badeela a bite and it should not taste raw. Once the badeela koora is cooked properly, stir in the methi leaves and saute for about 3 to 4 minutes until the methi leaves is cooked and wilts down.Once the Menthi Aaku Badeela Koora done turn off the heat and serve hot.Serve Menthi Aaku Badeela Koora along with Andhra Style Ingavu Chaaru Recipe and Steamed Rice for an Andhra Style Sunday Lunch and a indian diabetic meal.",Andhra,Side Dish,Diabetic Friendly,Gujarati,1,40,4,https://www.archanaskitchen.com/menthi-aaku-badeela-koora-recipe-chickpea-flour-balls-cooked-with-methi-leaves
Chole Biryani Recipe - Spicy Chana Biryani Recipe,"1 cup Rice - washed and soaked,1 Cardamom (Elaichi) Pods/Seeds,1 clove Cloves (Laung),1 inch Cinnamon Stick (Dalchini),1 Bay leaf (tej patta),1/2 cup Milk,1 1/2 cup Water,1 teaspoon Ghee,Salt - Salt to taste,1/2 cup Onions - sliced,2 teaspoons Sunflower Oil,1 Potato (Aloo) - cut into cubes & soaked in salt water,1/2 teaspoon Amchur (Dry Mango Powder),1/2 teaspoon Red Chilli powder,1/2 Cumin powder (Jeera),1/4 cup Coriander (Dhania) Leaves - chopped,1/4 cup Mint Leaves (Pudina),1 cup Kabuli Chana (White Chickpeas) - washed and soaked overnight.,6 cloves Garlic - chopped,1 inch Ginger - chopped,1 Green Chilli - finely chopped,1 teaspoon Garam masala powder,1 teaspoon Red Chilli powder,1/4 cup Curd (Dahi / Yogurt) - whisked,1/2 teaspoon Turmeric powder (Haldi),1 Tomatoes - finely chopped,1 tablespoon Ghee,Salt - to taste","To begin making the Chole Masala Biryani Recipe, let us keep each of the elements ready. For the fried onionsIn a kadai, heat oil on medium flame, add the sliced onions and fry them until they turn into a deep brown colour.Caramelizing the onions takes a good 10 minutes. So ensure you do it on low heat.Once the onions are caramelised, drain it on absorbent paper and set aside.For the roasted potatoesIn the same kadai add some more oil and pan roast potatoes until it gets a light brown colour. Sprinkle some salt and a pinch of turmeric powder to add taste to the roasted potatoes.Drain the roasted potatoes in absorbent paper and transfer it into a bowl. Sprinkle the dry masalas- cumin powder, red chilli powder and amchur and toss.For the RiceIn a pan, heat ghee on medium flame, add cardamom, clove, bayleaf, cinnamon, and salt. Add the milk and water and bring to a rolling boil.When the milk-water comes to a boil, reduce the flame add the drained rice, cover and cook until the moisture is fully absorbed.Once cooked, turn off the flame and set aside.Transfer the rice into a mixing bowl and allow it to cool.Once the rice has completely cooled, add the coriander leaves, mint leaves, fried onions and potatoes. Give it a good mix. For the Chole MasalaWash and soak the Kabuli Chana overnight.In a pressure cooker, add the kabuli chana, and one cup of water with salt. Pressure cook for 6 whistles, and turn down the flame and continue to cook for another 15 minutes.Turn off the flame and allow the pressure to release naturally. Drain the chana from its water and set aside. In a pan heat ghee, on low flame, ad ginger- garlic-green chili and saute for a couple of minutes, increase the flame to medium heat and add the tomatoes and cover and cook.The tomatoes will take about 5 minutes to soften. Once they have softened, add the dry masalas- garam masala, red chilli powder, turmeric powder, salt and chole masala. Mix well.At this stage reduce the flame and add the yoghurt and the drained boiled chana.At the end of this procedure, we should have a semi gravy chole masala, the consistency shall not be too thick or too thin.To assemble Chole biryani recipeGrease a large glass bowl with ghee, sprinkle some coriander leaves, put a layer of the rice and press it down with the back of the ladle.Next add a layer of the chole masala. Repeat the layers till the bowl is full. You need press down each layer. The final layer of the biryani must be rice.Once each of those layers are pressed down well, place a plate upside down over the bowl and over turn it. You will get a chole biryani dome on your plate.Serve this Chole Biryani Recipe along with Mirchi Ka Salan Recipe (Chillies in Tangy Spicy Peanut Sesame Curry), Burani Raita Recipe (Garlic Based Yogurt), Pickled Onions and Methi Pakoras Recipe for a complete weekend meal.",North Indian Recipes,Main Course,Vegetarian,Punjabi,1,550,6,http://www.archanaskitchen.com/chole-biryani-recipe-spicy-chana-biryani-recipe
Chole Capsicum Masala Recipe - Chole Capsicum Masala Recipe,"1 cup Kabuli Channa - soaked boiled, 1 green capsicum - chopped, 2 onions - finely chopped, 2 teaspoons ginger garlic paste, 2 teaspoons coriander powder, 1 teaspoon red chili powder, 1 teaspoon cumin powder , 1/2 teaspoon turmeric powder, 1 teaspoon Kasuri methi, 1/2 cup cashew nuts, 1 cup tomato puree, oil - to cook, salt - as per taste","To make chickpea capsicum, soak cashew nuts in water for 12 to 15 minutes. Heat the oil in a skillet, cook the onion till it turns brown. Add ginger garlic paste and cook 1 minute. Add capsicum, and roast for 2-3 minutes. Now add cumin powder, coriander powder, turmeric and red chili powder and fry. Keep in mind that spices should not be burnt. Add tomato puree and boiled gram with 2 cups of water. Let it boil for 5 minutes and cook till the spices are mixed. Grind the soaked cashews. Add cashew paste to the curry with salt and cook for 4-5 minutes. Add kasuri methi and close the gas. Serve Chole Shimlamirch Masala with Phulka, Rice and Salad.",North Indian Recipes,Dinner,Vegetarian,Punjabi,1,70,4,http://www.archanaskitchen.com/chole-capsicum-masala-recipe-recipe-in-hindi
Chatpata Rajma Salad Recipe - Kidney Beans Salad Recipe,"2 cups Rajma (Large Kidney Beans) - cooked,1 Onion - finely chopped,1 Tomato - finely chopped,2 Green Chillies - finely chopped,1 teaspoon Chaat Masala Powder,1 Lemon - juiced,Mint Leaves (Pudina) - small bunch,Salt - to taste","To begin making the Chatpata Rajma Salad Recipe, soak the rajma overnight and pressure cook them with water for about 5 to 6 whistles. After 5 to 6 whistles, turn the heat to low and simmer for another 20 minutes.Allow the pressure to release naturally. The rajma should be soft and cooked. If there was is any water, drain the excess water and keep the rajma aside,Into a mixing bowl, add the cooked rajma, onions, tomatoes, green chilli, chaat masala powder, salt, mint leaves and lemon juice.Mix well to combine the rajma salad. Check the salt and adjust to taste. Serve chilled.Serve the Chatpata Rajma Salad Recipe along with Missi Roti Recipe and Cauliflower and Vegetable Curry for your everyday lunch or dinner.",North Indian Recipes,Side Dish,High Protein Vegetarian,Punjabi,1,40,4,https://www.archanaskitchen.com/chatpata-rajma-salad-recipe-kidney-beans-salad-recipe
Aamras Ki Kadhi Recipe - Mango Kadhi Recipe,"1 cup Aamras - (mango puree),1/4 cup Curd (Dahi / Yogurt),2 tablespoon Gram flour (besan),1/4 teaspoon Turmeric powder (Haldi),3 cups Water,2 Dry Red Chilli,1/4 teaspoon Asafoetida (hing),1/4 teaspoon Cumin seeds (Jeera),1/2 teaspoon Red Chilli powder,1 inch Ginger - finely chopped,1 sprig Curry leaves,2 teaspoon Ghee,Salt - to taste","To begin making the Aamras Ki Kadhi recipe, first whip up the aamras, curd, besan, turmeric powder and water in a medium bowl to a fine paste with no lumps.Pour the Aamras mixture into a saucepan, add the salt and whisk continuously until the aamras kadhi begins to thicken. It is important to keep whisking it until the kadhi thickens, to prevent lump formation.Bring the Aamras Kadhi into a roaring bowl for a couple of minutes. After that, turn the heat to low and simmer for a good 10 minutes, so all the flavors come together.Heat ghee in a tadka pan over medium heat; add cumin seeds, dry red chilli and curry leaves. Allow the mustard seeds to crackle. Once it crackles, add the chopped ginger red chilli powder, asafoetida and saute for a few seconds.Pour this tadka over the Aamras Kadhi and give it a quick stir.Check the salt to taste and adjust accordingly. Once done, turn off the heat and transfer the Aamras Kadhi into a serving bowl and serve hot.Serve Aamras Ki Kadhi along with Aloo Na Shaak, Methi Thepla and Steamed Rice for a comforting weekday lunch or dinner.",Gujarati Recipes,Dinner,Vegetarian,Gujarati,1,20,2,https://www.archanaskitchen.com/aamras-ki-kadhi-recipe
Smoked Tandoori Paneer Tikka Recipe,"300 grams Paneer (Homemade Cottage Cheese) - cut into cubes,1 cup Pickled onions,Sunflower Oil - for tossing,2 Coal - for coal smoking method,1 cup Hung Curd (Greek Yogurt),3 tablespoons Gram flour (besan),6 Mint Leaves (Pudina),3 cloves Garlic,1 inch Ginger,1 teaspoon Fennel seeds (Saunf) - roasted ground to powder,1/2 teaspoon Ajwain (Carom seeds),2 Saffron strands,1/2 teaspoon Cumin powder (Jeera),1/2 teaspoon Coriander Powder (Dhania),3/4 teaspoon Black pepper powder,3/4 teaspoon Turmeric powder (Haldi),1/4 teaspoon Black Salt (Kala Namak),Salt - to taste","To begin making the Smoked Tandoori Paneer Tikka Recipe, In a bowl, combine yogurt and gram flour making a smooth paste. Using a pestle and mortar, pound the ginger, garlic, and mint leaves to make a coarse paste.Add in the fennel seeds and ajwain and pound until blended. Add this to the yogurt mixture. Add in the remaining marinade ingredients into the yogurt mixture and stir to combine well.Place the paneer cubes in a large bowl, add in the marinade and allow it to rest covered for about half an hour to one hour or even overnight. While the paneer marination is close to over, we will now prepare for the coal smoking method.Take a piece or two of coal (about 3 inches big) and hold it over a gas flame with the help of tongs. The coal will begin to turn red hot and also grey in about 5 minutes.This indicates that the coal can be used for smoking. Place this hot coal inside a crack proof bowl. At this point heat a large wok or a skillet with rim that can be covered on medium heat.Add a little oil and place a few pieces of marinated paneer along with a little of the marinade.If you have a stove top grill or a skillet, then arrange the paneer pieces and pour a little of the marinade over each of them. Place the coal along with the bowl over the paneer.Add a spoon of ghee or oil on the coal. It will begin to smoke. Immediately cover the pan and reduce the heat to low and let it sit for about a minute until the smoke has gone away. Open the lid and remove the coal cup.You dish will get a smoked flavored paneer that taste just like the Tandoori Paneer Tikkas. Serve the Smoked Tandoori Paneer Tikka Recipe as a Party Appetizer with your meal of Dal Makhani, Paneer Butter Masala, Jeera Rice and Phulka.",Punjabi,Appetizer,Vegetarian,Punjabi,1,55,4,http://www.archanaskitchen.com/video-recipe-smoked-tandoori-paneer-tikka
Khatti Meethi Tindora Sabzi Recipe - Gujarati Tindora Nu Shaak,"500 grams Tindora (Dondakaya/ Kovakkai) - cut into rounds or thin slices lengthwise,1/2 teaspoon Mustard seeds,1/2 teaspoon Cumin seeds (Jeera),1 teaspoon Coriander Powder (Dhania),1 teaspoon Cumin powder (Jeera),1/2 teaspoon Red Chilli powder,1 teaspoon Turmeric powder (Haldi),SSP Asafoetida (Hing) - a few pinches,1-1/2 teaspoon Amchur (Dry Mango Powder),Salt - to taste,1 tablespoon Jaggery,4 Curry leaves - roughly torn,2 tablespoons Sunflower Oil,4 sprig Coriander (Dhania) Leaves - a small bunch (chopped),Raw Peanuts (Moongphali) - a handful of roasted peanuts","To begin making the Khatti Meethi Tindora Recipe, we will first steam the vegetable in a steamer or a pressure cooker. If you are using a pressure cooker, cut the tinda into the desired shape, either into rounds or into think slices. Place the cut vegetable into the pressure cooker, sprinkle some salt and 2 tablespoons of water.Cover the pressure cooker, place the weight on and cook the tinda until you hear two whistles. After two whistles, turn off the heat.We will now release the pressure immediately, by running the pressure cooker under cold water. By doing this, we are making sure we don't over cook the vegetable and at the same time retain the nutrition content.Open the pressure cooker once the pressure is released and keep it aside.Our next step is to season the vegetable with spices. Heat the oil in a large wok or a heavy bottomed pan. Once the oil is heated; add the mustard seeds and cumin seeds. Allow them to crackle. Next add in the curry leaves, the steamed vegetable and the remaining ingredients except the roasted peanuts and the chopped coriander.Sauté the tindora sabzi until all the spices get well coated and combined onto the vegetable.The tindora sabzi will have a soft and juicy texture to it. Check the salt and spice levels and adjust to suit your taste. Turn off the heat once you achieve this consistency (about 3 to 4 minutes of stir frying).Finally stir in the peanuts and the chopped coriander leaves. Transfer the Tindora nu shaak to a serving bowl.Serve Khatti Meethi Tindora Sabzi Recipe along with Gujarati Kadhi, Methi Thepla and Steamed Rice for a weekday dinner.",Indian,Lunch,Vegetarian,Gujarati,1,40,4,http://www.archanaskitchen.com/khatti-meethi-tinda-recipe-gujarati-style-tindora-nu-shaak
Chole Semiya Pulao Recipe - Chickpea Vermicelli Pulao,"1-1/2 cups Semiya (Vermicelli) - roasted,2 Onions - peeled and chopped,1 Green Bell Pepper (Capsicum) - chopped,1 Carrot (Gajjar) - peeled and chopped,1/2 cup Kabuli Chana (White Chickpeas) - soaked for 8 hours & boiled until soft,1 tablespoon Sunflower Oil - as required,2 teaspoons Ghee,1 teaspoon Cumin seeds (Jeera),1/2 teaspoon Red Chilli powder,1/2 teaspoon Turmeric powder (Haldi),1/2 teaspoon Coriander Powder (Dhania),1/2 teaspoon Cumin powder (Jeera),1/2 teaspoon Amchur (Dry Mango Powder),1/2 teaspoon Chana Masala Powder,Salt - to taste,Coriander (Dhania) Leaves - as required","To begin making the Chole Semiya Pulao recipe, firstly boil water (almost 3 cups) in a pan. Add a little salt, semiya and boil it for about 5 to 7 minutes until the semiya is cooked.Once the semiya is cooked, drain the semiya well and wash it under running water. Let it drain completely.Fluff it gently with a fork and keep it aside.Heat oil and ghee in a heavy bottomed pan. Add cumin seeds and when it starts spluttering, add the onions. Sauté till it turns soft and translucent.Add the chopped carrot and sauté for few seconds. Now add the capsicum and continue to sauté for few seconds. Once the carrot and capsicum are soft, add turmeric powder, red chilli powder, coriander powder, cumin powder, dry mango powder, chole masala powder and salt to taste.Mix well and let it cook for about 2 minutes. After 2 minutes, add in the cooked chickpeas and mix everything well.Now add the semiya, turn the heat to high and cook the Chole Semiya Pulao for about a minute or two. Check the salt and spiced and adjust the taste of Chole Semiya Pulao accordingly. Garnish with chopped coriander leaves and serve hot.Serve Chole Semiya Pulao on its own for breakfast with a cup of Filter Coffee/ Masala Chai or pack it your Lunch Box with a bowl of Curd and Satvik Carrot Sprouts Salad.",Indian,Indian Breakfast,Vegetarian,Punjabi,1,35,4,http://www.archanaskitchen.com/chole-semiya-pulao-recipe-chickpea-vermicelli-pulao
Farali Pattice Recipe - A Popular Fasting Food,"3 to 4 Potatoes (Aloo) - boiled,1/4 cup Arrowroot flour - or corn flour,1 tablespoon Butter,1 cup Whole Wheat Bread crumbs - or sesame seeds or poppy seeds or even rajgira lahyas,Salt - to taste,1/4 cup Roasted Peanuts (Moongphali) - coarsely powdered,1/4 cup Fresh coconut - grated,1 tablespoon Sugar,2 tablespoons Raisins - finely chopped,1 Lemon - juiced,1 tablespoon Cashew nuts - finely chopped,2 Green Chillies - finely chopped,1 inch Ginger - grated,1/2 teaspoon Garam masala powder,Coriander (Dhania) Leaves - small bunch,Salt - to taste","To begin making the Farali Pattice, into a bowl we will first combine all the ingredients for the filling and bring them together to form a nutty dough.In another bowl combine the potato, arrowroot powder and butter together to form potato dough.To make the filling in a mixing bowl combine the roasted peanuts, freshly grated coconut, sugar, lemon juice, raisins, cashew nut, green chillies, grated ginger, garam masala powder and a small bunch of coriander leaves, finely chopped. Mix well to combine. Divide the potato mixture and the filling mixture each into 8 equal portions. Grease your palm with oil and flatten a portion of the potato mixture on your palm and place a portion of the filling mixture in the centre.Bring together the edges to seal. Roll the filled potato balls between the palms of your hands to a round shape and set aside. Repeat the above procedure with the remaining potato and filling and make the pattice.Now we will prepare to bake the Farali Pattice in the oven. So for that first preheat the oven to 180 C.Roll the filled farali pattice on the bread crumbs (or sesame seeds or poppy seeds or even rajgira lahyas) until it is well coated on all sides and place these filled potato balls on a cookie sheet lined with parchment paper.Place the bread crumb coated pattice in the oven and bake for 30 minutes, until crust turns golden and crisp evenly on all sides.Take the patties out from the oven place them on the serving platter.Serve the Farali Pattice as a fasting food during Healthy Appetizer for your parties.Serve Farali Pattice Recipe along with Green Chutney and Adrak Chai.",Gujarati Recipes,Snack,No Onion No Garlic (Sattvic),Gujarati,1,60,4,http://www.archanaskitchen.com/farali-pattice-recipe-a-popular-fasting-food
Palak Onion Kadhi Pakora Recipe,"1/2 cup Gram flour (besan),50 grams Spinach - finely chopped,1 Onion - chopped,1/2 teaspoon Red Chilli powder,1/2 teaspoon Turmeric powder (Haldi),1 Green Chilli - chopped,1/2 teaspoon Enos fruit salt,Sunflower Oil - as required,3/4 cup Gram flour (besan),1 cup Hung Curd (Greek Yogurt),2-1/2 cups Lukewarm Water,1 teaspoon Turmeric powder (Haldi),1/2 teaspoon Red Chilli powder,1/2 teaspoon Coriander Powder (Dhania),1/2 teaspoon Garam masala powder,1 pinch Asafoetida (hing),Salt - to taste,1/4 teaspoon Cumin seeds (Jeera),1 Green Chilli - slit,1 sprig Curry leaves,1 tablespoon Ghee,Coriander (Dhania) Leaves - few,Salt - to taste","To begin making the Palak Onion Kadhi Pakora Recipe, we will make the pakoras first. *Method for Pakora'sCombine all the ingredients for the palak pakora in a large bowl. Add very little water to make a thick batter.Heat the kuzhi paniyaram pan on medium heat; add a teaspoon of oil into each of the cavities and drop a spoon of the pakora batter into the cavity. Cover the pan and steam cook the pakora's until you notice the top has steamed.Once the top has steamed, flip them over to cook on the other side. Continue to cook on medium heat until the pakoras has cooked through from the inside and have a golden brown color. Proceed the same way with the remaining pakora batter and keep them aside.*Method for the Punjabi KadhiWhisk the yogurt, gram flour, water, asafoetida, chilli powder, turmeric powder, coriander powder, garam masala powder and salt until well blended. Add the water and whisk more until well blended. Place the kadhi in a saucepan, on medium high heat and allow it to come to a brisk boil.Keep whisking it continuously while it is on heat, as this will help the yogurt and the spices along with gram flour come together into a creamy texture. Allow the kadhi to boil briskly for about 3 to 4 minutes, then turn the heat to low and simmer for another 5 minutes.The simmering process helps the kadhi get the flavors of the spices and the gram flour. It will thicken slightly and attain a smooth creamy consistency and it will have a shine to it.Towards the end of the simmering process, add in the spinach pakora's. We will proceed to make the seasoning for the Khadi.Heat ghee in a large sauce pan; add cumin seeds, mustard seeds, cinnamon stick and the whole red chillies. Allow them to crackle. Add the onions and ginger and saute until onions turn golden and tender. Finally, stir in the curry leaves and pour the seasoning mixture into the simmering Kadhi.Note: The Kadhi will thicken as the Pakora simmers in the yogurt curry, so once again adjust the thickness by adding little or more water as required and adjust to the consistency you like. Check the salt and spice levels and adjust to suit your taste.Transfer the Palak Kadhi Pakora to the serving bowl. Garnish with chopped coriander leaves.Serve the Palak Onion Kadhi Pakora along with Phulka, Bhindi Masala Recipe (Bhindi Tamatar Ki Sabzi) and Bean Sprout & Corn Salad Recipe.",Punjabi,Lunch,Vegetarian,Punjabi,1,40,4,https://www.archanaskitchen.com/palak-onion-kadhi-pakora-recipe
Keri Na Gotla Nu Shaak Recipe - Gujarati Style Ripe Mango Curry,"3 Mango (Ripe),1 1/2 tablespoons Gram flour (besan),1 teaspoon Red Chilli powder,1/2 teaspoon Cumin powder (Jeera),1/2 teaspoon Coriander Powder (Dhania),2 tablespoons Jaggery - adjust as per sourness of mango,Salt - to taste,3/4 cup Water,1 teaspoon Sunflower Oil,1 teaspoon Mustard seeds,1/2 teaspoon White Urad Dal (Split),1/2 teaspoon Turmeric powder (Haldi),1 pinch Asafoetida (hing),1 Dry Red Chilli,1 sprig Curry leaves","To begin making the Keri Na Gotla Nu Shaak Recipe, we need to soften the whole mangoes by rolling it in between your palms.In a mixing bowl, squeeze out the the mango pulp and the seeds. To this bowl, add besan and fold it in gently. Make sure that there should be any no lumps in the mixture. Next add 3/4 cup of water, along with the red chili powder, roasted cumin powder, coriander powder, jaggery and salt.Transfer this entire mixture into a saucepan and bring it boil on medium flame. Once the Keri Na Gotla Nu Shaak gets a single boil, reduce the flame, and let it simmer for 10 minutes and turn off the flame. Heat oil in a tadka pan on medium flame, add mustard seeds, curry leaves and allow them to crackle. Next add the urad dal, and allow it to turn into a lovely golden brown colour, after which you need to add turmeric powder, asafoetida and dry red chili. Turn off the flame. Add this tempering to mango curry. The Keri Na Gotla Nu Shaak is ready to be served. Serve this Keri Na Gotla Nu Shaak Recipe along with hot Steamed Rice and Puri or Phulkas and Boondi Raita for a simple Summer Weeknight dinner.",Gujarati Recipes,Lunch,Vegetarian,Gujarati,1,25,3,https://www.archanaskitchen.com/keri-na-gotla-nu-shaak-recipe-gujarati-style-ripe-mango-curry
Maa Ki Dal Recipe - Punjabi Style Black Urad Dal Recipe,"1 cup Black Urad Dal (Split),1 tablespoon Rajma (Large Kidney Beans),4 Tomatoes,1 inch Ginger,1 tablespoon Ghee,1 teaspoon Cumin seeds (Jeera),1 teaspoon Kashmiri dry red chillies,1 tablespoon Coriander Powder (Dhania),1/2 teaspoon Garam masala powder","To begin making Maa Ki Dal Recipe, first wash the dal and rajma well about 2-3 times and then soak them together in water for at least 8 hours or overnight.The longer you soak the better it is for the texture of the dal. Traditionally, the dals are soaked for 24 hours, changing water every 8 hours.When you are ready to prepare the dal, after sufficient soaking time, take a heavy bottom pan (or a slow cooker) and bring 5 cups of water with a dash of salt, to boil in it.Add the pre soaked dal and rajma to it and let it simmer till it cooks and turns a little soft. This could take anywhere between 2-3 hours as the dal gets it flavours from the slow cooking process. However, if you are in a hurry you can use the pressure cooker to hasten the process.Next, add the tomato and ginger to the dal. Once the dal is cooked, mash the dal and tomatoes a little bit. Take care not to make it mushy, but just achieve a thick consistency. Cook the dal for more 3 to 4 minutes.In a small pan, warm some ghee, add the cumin seeds and sauté till they turn slightly brown. Add dry red chillies, coriander powder, garam masala powder and roast on a low heat for 1 minute taking care not to burn them.Pour this tempering over the the dal and bring it to a boil. Simmer it for another 10-15 minutes and serve hot.Maa Ki Dal can be served with Baingan Ka Bharta, Boondi Raita and Phulka for a comforting Punjabi meal.",Punjabi,Dinner,High Protein Vegetarian,Punjabi,1,160,4,http://www.archanaskitchen.com/maa-ki-dal-recipe-punjabi-style-slow-cooked-black-urad-lentils
Onion Thepla Recipe,"2 cups Whole Wheat Flour,2 Onion - finely chopped,1 Green Chilli - finely chopped,1 inch Ginger - finely chopped,3 cloves Garlic - finely chopped,2 teaspoon Garam masala powder,2 teaspoon Amchur (Dry Mango Powder),1 teaspoon Turmeric powder (Haldi),1 teaspoon Black pepper powder,Salt - to taste,1 tablespoon Sunflower Oil - for the dough,Ghee - or oil for making the Theplas","To begin making the Onion Thepla Recipe, we will first heat a kadai with oil, add cumin seeds and allow it crackle for few seconds.Add in ginger and garlic and saute till they turn soft, add chopped onions and cook until they turn golden brown.Once done add green chilies and all the spice powders like the garam masala powder, amchur powder, turmeric powder, pepper powder and salt to taste and mix well, cook for another few minutes till well combined and cooked and turn off the heat.Allow it to cool down and add this sautéed onions into a bowl with the wheat flour and oil. Add water little by little and form a firm dough which is not sticky.Rest for at least 10 minutes and shape them into medium sized balls.Dust it with wheat flour and roll it gently to make a Thepla. The diameter of the thepla depends on how thin or thick you want it to be. Repeat the same process with the remaining dough portions.Preheat the skillet on medium flame. Place the rolled thepla gently on it and cook on both sides, using oil or ghee till the thepla have brown spots on either side. Serve the Onion Thepla Recipe along with Yellow Pumpkin Dal , Bihari Karela and Aloo Ki Subzi and raita to make it a complete meal for your everyday lunch.",North Indian Recipes,Lunch,Vegetarian,Gujarati,1,40,4,https://www.archanaskitchen.com/onion-thepla-recipe
Dal Dhokli Recipe With Sprouted Moong Dal,"3/4 cup Whole Wheat Flour,1/4 cup Gram flour (besan),1 teaspoon Red Chilli powder,1/2 teaspoon Turmeric powder (Haldi),4 sprig Coriander (Dhania) Leaves - finely chopped,1 cup Green Moong Sprouts - steamed,1 teaspoon Coriander Powder (Dhania),1/2 teaspoon Turmeric powder (Haldi),1 teaspoon Red Chilli powder,1 inch Cinnamon Stick (Dalchini),1 Kokum (Malabar Tamarind),2 tablespoons Jaggery - powdered,2 tablespoons Raw Peanuts (Moongphali),1 tablespoon Coriander (Dhania) Leaves - finely chopped,1/2 tablespoon Lemon juice,Salt - to taste,1/2 teaspoon Cumin seeds (Jeera),1/2 teaspoon Mustard seeds,2 Green Chillies - slit,1 sprig Curry leaves,1/4 teaspoon Asafoetida (hing),2 tablespoon Ghee","To begin making the Dal Dhokli Recipe With Sprouted Moong Dal, we will first make the dal. To Make The DhokliIn a large mixing bowl, combine the wheat flour, gram flour, red chilli powder, turmeric powder, salt , and coriander leaves. Add water little by little and make a firm and smooth dough. Dust the dough in flour and roll out the dough into a large circle and cut the dough into desired shape (either into strips or into a flower using a cookie cutter).Keep the dhokli aside.To Make Dal DhokliInto a pressure cooker, add the sprouts, turmeric powder, salt, cinnamon stick, kokum , jaggery, salt and 2 cups of water.Close the pressure cooker and pressure cook for two whistles.Turn off the heat and allow the pressure to release naturally. Once we open the pressure cooker, add in the lemon juice and coriander leaves, check the salt and spices. Add 1 cup of water to the dal and then turn the heat back on to high heat until it come to brisk boil.Once the dal comes to a boil, add the dhokli into the dal and allow it to simmer and get cooked in the dal. This will not take more than 5 minutes to cook the dhokli. Adjust the consistency of the Dal Dhokli, by adding more water if required. In the meantime, in a tadka pan heat a tablespoon of ghee. Add the mustard seeds, cumin seeds and allow it to crackle. Once it crackles, add the green chilies, curry leaves and add to the add.Finally squeeze in the lemon and stir in the coriander leaves and serve. Serve the Dal Dhokli With Sprouted Moong Dal topped with melted ghee and Kachumber Salad, papad, for a simple sunday lunch.",Gujarati Recipes,Lunch,Vegetarian,Gujarati,1,55,4,https://www.archanaskitchen.com/dal-dhokli-recipe-with-sprouted-moong-dal
Sukhe Chole Recipe - Dry Masala Chickpeas,"1 cup Kabuli Chana (White Chickpeas) - soaked overnight and boiled,Sunflower Oil - as required,1 teaspoon Cumin seeds (Jeera),1/4 teaspoon Ginger - paste,2 teaspoon Chana Masala Powder,2 teaspoon Red Chilli powder,1/4 teaspoon Cumin powder (Jeera),2 teaspoon Amchur (Dry Mango Powder),1/4 teaspoon Turmeric powder (Haldi),1 tablespoon Coriander Powder (Dhania),Salt - to taste","To begin making the Sukhe Chole Recipe, cook the Chole Chana in a pressure cooker with salt and water for 3 whistles until they are soft. Drain and keep aside.Heat the oil in a wok/kadai, add the cumin seeds. When the seeds crackle, add ginger paste and cook for seconds.Add the chole masala, red chilli powder, amchur powder, turmeric powder, coriander powder, cumin seed powder and salt and saute for about a minute.After a minute, add the chana and mix well. Cook Sukhe Chole for another 2 minutes. Once done, switch off the gas and add chopped coriander leaves. Garnish Sukhe Chole with some ginger julienne.Serve Sukhe Chole Recipe during your fasting day along with Rajgira Puri. You can also have it as a snack with your cup of Masala Tea.",Punjabi,Lunch,High Protein Vegetarian,Punjabi,1,40,2,https://www.archanaskitchen.com/dry-chole-recipe-dry-masala-chickpeas
Oil Free Gujarati Undhiyu Recipe - No Onion No Garlic,"1 cup Gram flour (besan) - or handwa flour mix,1/2 cup Methi Leaves (Fenugreek Leaves) - chopped,1 tablespoon Red Chilli powder,1 teaspoon Turmeric powder (Haldi),1/2 teaspoon Asafoetida (hing),1 teaspoon Sugar,1 pinch Cooking soda,1-1/2 cups Coriander (Dhania) Leaves - chopped,2 teaspoons Green Chillies - finely chopped,2 tablespoons Dessicated Coconut,3 teaspoons Red Chilli powder,1-1/2 teaspoons Turmeric powder (Haldi),4 teaspoons Coriander Powder (Dhania),2 teaspoons Garam masala powder,Salt - to taste,2 teaspoons Sugar - (optional),1 cup Avarekalu / Lilva Beans - stringed,1 cup Tindora (Dondakaya/ Kovakkai) - sliced,1 cup Raw Banana - chopped,1/2 cup Green peas (Matar),1/2 cup Cabbage (Patta Gobi/ Muttaikose) - shredded,1/2 cup Purple cabbage - shredded,3 Brinjal (Baingan / Eggplant) - make 4 slits,Coriander (Dhania) Leaves - few","To prepare Oil Free Gujarati Undhiyu Recipe (No Onion No Garlic), prep up with all the ingredients required and proceed with making muthiya.To make muthiya, mix all the ingredients - besan, fenugreek leaves, red chilli powder, turmeric powder, hing, sugar, salt, soda along with some water required to make a stiff dough.Once the dough ahs come together, form small round dumpling of the size of muthiyas.Steam them in a preheated steamer for 10-15 minutes on medium-low heat, or until the dumplings are steamed. Keep aside.In a large bowl, mix all the ingredients of dry masala which include - coriander leaves, green chillies, coconut powder, red chilli powder, turmeric powder, coriander powder, garam masala, salt to taste, sugar and mix them well with a little water just enough to bind it. Fill this dry masala into the eggplants. Similarly, rub the same masala on to other vegetables except cabbage. Keep the veggies to marinate in the masala for 30 minutes.In a pressure cooker, add all the veggies - lilva, tindora, raw banana, and the green peas with a glass (240ml) of water and salt to taste. Pressure cook for 2 whistles and turn off the flame. Allow the pressure to release naturally. Bake cabbage in a preheated oven, at 375 degrees fahrenheit for 10 minutes or till done. You can steam it as well.Bake filled eggplants for about 10-15 minutes in oven at 375 degrees fahrenheit. Now take a large kadai or saucepan and add all the vegetables, except the eggplants and mix well. Adjust water only if required.Add in the steamed muthia and eggplants and give a quick and careful mix. Garnish it with coriander leaves.Serve Gujarati Undhiyu along with Gujarati Puran Poli Recipe, Gujarati Kadhi Recipe - Sweet And Spicy Gujarati Kadhi and some steamed rice and finish the meal with a dessert of Golpapdi Recipe.",Gujarati Recipes,Side Dish,No Onion No Garlic (Sattvic),Gujarati,1,60,3,http://www.archanaskitchen.com/oil-free-gujarati-undhiyu-recipe-no-onion-no-garlic
Saragva Nu Shaak Recipe-Drumstick Masala Sabzi,"4 Drumstick - cut into 1-1/2 inch size pieces,1 teaspoon Kalonji (Onion Nigella Seeds),1 inch Ginger - finely chopped,1 sprig Curry leaves - roughly torn,2 Bay leaves (tej patta) - roughly torn,1 inch Cinnamon Stick (Dalchini) - broken,3 Tomatoes - finely chopped,1/2 teaspoon Turmeric powder (Haldi),Red Chilli powder - to taste,1 teaspoon Coriander Powder (Dhania),1/2 teaspoon Cumin powder (Jeera),1 tablespoon Jaggery,Salt - to taste,6 sprig Coriander (Dhania) Leaves - finely chopped,1 teaspoon Sunflower Oil","To make the Saragva Nu Shaak Recipe, we will first cook the drumsticks in a pressure cooker or a steamer.Heat the oil in a pressure cooker over medium heat; add the kalonji seeds, ginger curry leaves, bay leaves and cinnamon stick.Sauté for a few seconds and add the chopped tomatoes, turmeric powder, coriander powder, cumin powder, red chili powder, salt , jaggery and saute the tomatoes until they soften just a bit.Add the drumstick and 1/4 cup of water and cover the pressure cooker.Pressure cook the Saragva Nu Shaak for about 3 to 4 whistles and turn off the heat. Allow the pressure to release naturally.Once the pressure has released, open the cooker, give the Saragva Nu Shaak a stir. Check the salt and spices and adjust to suit your taste. Stir in the chopped coriander leaves and transfer the Saragva nu Shaak to a serving bowl and serve hot.Serve the Saragva Nu Shaak along with Gujarati Dal or Gujarati Kadhi along with a hot Phulkas for lunch or dinner.",Gujarati Recipes,Lunch,Vegetarian,Gujarati,1,30,4,http://www.archanaskitchen.com/saragvo-nu-shaak-recipe-drumstick-masala-sabzi
Golpapdi Recipe | Gur Papdi | Sukhdi recipe | Gujarati Gol Papdi,"1 cup Whole Wheat Flour,1/4 cup Ghee,1/2 cup Jaggery - powdered/ grated,1 teaspoon Cardamom Powder (Elaichi) - freshly ground,1 teaspoon Dry ginger powder,2 tablespoons Dessicated Coconut,1/4 cup Badam (Almond) - fine sliced","To begin making the Golpapdi Recipe (Gol Papdi/ Sukhdi), melt the ghee in a frying pan and add the wheat flour and cardamom powder and ginger stirring constantly till it turns golden brown and releases the roasted aroma. This process takes about 10 minutes on medium heat. Ensure the heat is not on high as it will burn the wheat flour too quickly.Once the wheat flour has turned a good brown color, turn off the heat and quickly add the jaggery and stir well, so the jaggery melts quickly in the heat into the wheat flour.Note: The addition of jaggery to the wheat flour mixture is a tricky procedure. The whole mixture can get brittle and gooey. So use caution, and turn off heat just before adding jaggery.As soon as the jaggery melts, and the mixture is still warm, pour the mixture into a greased baking sheet and spread it evenly with a 3/4th inch thickness.Sprinkle the sliced almonds and coconut and cut into diamond/square shapes while it is still warm. Set the Golpapdi / Gur Papdi / Sukhdi aside and allow it to sit untouched, you can also refrigerate it for it to set faster. After about an hour, once the it has cooled, you will find that the crisp Golpapdi is ready.Store the Golpapdi / Gur Papdi / Sukhdi in airtight containers for about 2 weeks in the refrigerator for maximum freshness.Serve the Golpapdi Recipe / Gur Papdi / Sukhdi as a delicious Tea Time Snack or After School Snacks.",Gujarati Recipes,Dessert,Vegetarian,Gujarati,1,30,4,http://www.archanaskitchen.com/golpapdi-recipe-a-traditional-gujarati-indian-sweet
Green Chutney Rava Dhokla Recipe - Sooji Dhokla,"1/4 cup Green Chutney (Coriander & Mint),1 cup Sooji (Semolina/ Rava),1/4 cup Curd (Dahi / Yogurt),1 tablespoon Sunflower Oil,Salt - to taste,1 teaspoon Enos fruit salt,Coriander (Dhania) Leaves - to garnish,1 teaspoon Sunflower Oil,1/2 teaspoon Mustard seeds,1/2 teaspoon Cumin seeds (Jeera),1 pinch Asafoetida (hing),1/2 teaspoon Sesame seeds (Til seeds),1 sprig Curry leaves","To begin making the Green Chutney Rava Dhokla Recipe keep the green chutney ready. To make the green chutney, follow this recipe - Green Chutney Recipe - Coriander Mint Chutney Recipe. In a mixing bowl, combine the sooji, green chutney, curd, cooking oil and salt to taste.Mix vigorously and allow it to sit for a good 30 minutes. After the 30 minutes you will see the sooji has fluffed up well. Add a little water if required to make a thick dhokla batter.Preheat the steamer with water and keep it ready.Grease a dhokla plate generously with oil. Add eno's fruit salt and give it a good mixPour the Green Chutney Rava Dhokla batter into the grease dhokla plate.Now place the plate in the steamer, cover and steam the Green Chutney Rava Dhokla for 10-12 minutes until firm. Open the lid, insert a greased knife to check if its done. If the greased knife comes out clean the dhokla is steamed. De-mould and transfer to a serving plate. To make the tadka for the Green Chutney Rava Dhokla RecipeIn a tadka pan, heat oil on medium high flame, add the mustard seeds and allow them to crackle, next add the asafoetida, cumin seeds, sesame seeds, and curry leaves. Once the curry leaves crackle, turn off the flame. Pour this tadka over the Green Chutney Rava Dhokla along with coriander leaves and serve. Serve this Green Chutney Rava Dhokla Recipe as is with a cup of Adrak Chai Recipe - Indian Style Ginger Tea. You could also serve Green Chutney Rava Dhokla Recipe as breakfast along with Tomato Garlic Chutney Recipe, a side of fresh cut fruits and Cocoa Banana Almond Date Smoothie Recipe.",Gujarati Recipes,North Indian Breakfast,Vegetarian,Gujarati,1,25,4,http://www.archanaskitchen.com/green-chutney-rava-dhokla-recipe-sooji-dhokla
Sarson Saag Pulao Recipe-Spinach Mustard Greens Pulao,"2 cups Basmati rice,2 Onions - chopped,2 Green Chillies - slit,1 inch Ginger - finely chopped,10 cloves Garlic - finely chopped,2 Bay leaf (tej patta),4 Cloves (Laung),2 Cinnamon Stick (Dalchini),1 teaspoon Ajwain (Carom seeds),4 Cardamom (Elaichi) Pods/Seeds,2 teaspoon Garam masala powder,2 cups Mustard greens - chopped,1 cup Spinach Leaves (Palak) - chopped,1 cup Methi Leaves (Fenugreek Leaves) - chopped,1 cup Bathua leaves - chopped,1/4 cup Coriander (Dhania) Leaves - chopped,1/4 cup Mint Leaves (Pudina) - chopped,1 tablespoon Lemon juice,Salt - to taste,4 cups Water,2 tablespoons Ghee","To begin making Sarson Saag Pulao Recipe first prep all the leaves. Take the bathua, palak, methi and sarson leaves. Discard the stems of the leaves, wash them thoroughly and chop and keep them aside. Wash and keep coriander and mint leaves separately.Wash the basmati rice and keep it soaked for about 15 to 30 minutes.Next in a pressure cooker add ghee; add all the whole spices including bay leaf, cinnamon, cloves, shahi jeera, cardamom and let them splutter. Next add the onions, ginger and garlic and saute till the onions turn soft. Now add all the chopped sarson, bathua, palak and methi leaves except coriander and pudina leaves. Saute till the they wilt a little.Add the drained basmati rice and salt and mix everything together. Add water, garam masala and lemon juice, check seasoning and close the lid.Give the Sarson Saag Pulao 3 whistles on high and turn off the heat and let the pressure release naturally.Once the pressure has released completely, open the pressure cooker and gently stir in the coriander and mint leaves into the Sarson Saag Pulao and serve hot.Serve Sarson Saag Pulao with Cauliflower and Vegetable Curry (With Almonds and Spices) and Tomato Onion Cucumber Raita for a lovely weekday lunch.",Indian,Lunch,Vegetarian,Punjabi,1,50,8,https://www.archanaskitchen.com/sarson-saag-pulao-recipe-spinach-mustard-greens-pulao
Andhra Style Uppu Pindi Recipe (Rice Rava and Moong Dal Pudding Recipe),"1 1/2 cup Rice rava,1/3 cup Yellow Moong Dal (Split),1/2 cup Sweet corn,1 Onion - chopped,1 teaspoon Mustard seeds,1 teaspoon White Urad Dal (Split),2 Dry Red Chillies,1 sprig Curry leaves,1 inch Ginger - chopped,1 pinch Asafoetida (hing),Salt - to taste,Sunflower Oil - for cooking","To begin making the Andhra Style Uppu Pindi Recipe, you can prepare rice rava at home as well. Wash the normal rice with water and dry it out under the sun or outside for 20 minutes till it becomes dry and grind it coarsely.Heat a kadai with oil, add mustard seeds and urad dal and splutter them for 10 seconds and add the curry leaves too and let it crackle. Add in the dry red chillies, hing and fry for 10 more seconds.Add onions and ginger, stir till the onions become translucent. Add the moong dal and fry for 2 minutes.Add about 4 cups of water and leave it to boil on a low heat. Add salt and adjust according to your palate.You can add the ground rice when it starts to boil and keep whisking so that there are no lumps formed. Add the sweetcorn and stir.Cover and cook over a low heat for 2 more minutes. Keep mixing at regular intervals so that it does not get stuck at the bottom.Serve the Andhra Style Uppu Pindi Recipe along with spicy coconut chutney and a glass of coffee by the side for your morning breakfast.",Andhra,South Indian Breakfast,Vegetarian,Punjabi,1,40,4,http://www.archanaskitchen.com/andhra-style-uppu-pindi-recipe-rice-rava-and-moong-dal-pudding-recipe
Punjabi Steel Bundi Kadhi Recipe,"1-1/2 cups Curd (Dahi / Yogurt) - (Sour),4 tablespoons Gram flour (besan),1 teaspoon Green Chilli Paste,1 teaspoon Ginger Garlic Paste,1/2 tablespoon Red Chilli powder,1/4 teaspoon Turmeric powder (Haldi),Salt - to taste,2 tablespoons Ghee,5 Cloves (Laung),5 Whole Black Peppercorns - pounded,1 teaspoon Cumin seeds (Jeera),1 tablespoon Methi Seeds (Fenugreek Seeds) - soaked overnight,1 pinch Asafoetida (hing),1 cup Boondi,5 Cloves (Laung),5 Whole Black Peppercorns - pounded,1 teaspoon Cumin seeds (Jeera),1 tablespoon Methi Seeds (Fenugreek Seeds) - soaked overnight,1 pinch Asafoetida (hing),1 cup Boondi","To begin making the Punjabi Style Boondi Kadhi Recipe, firstly combine yogurt, gram flour, red chilli powder, turmeric powder and salt in a bowl. Add 500 ml water and whisk well. Make sure that no lumps are formed.Heat ghee in a deep non-stick pan, add cloves, peppercorns, cumin seeds, fenugreek seeds and sauté for a minute.After a minute, add asafoetida, chopped ginger and red chillies, mix and sauté for about a minute.Now, add methi seeds (soaked in the night) and stir for few mintues.Now, add the gram flour and yogurt mixture and stir continouly until the bubbles form in the kadai. As the mixture gets thick while boiling, add 500 ml water and keep the flame low and allow to cook for 15 to 20 minutes.After 15 to 20 minutes, switch off the gas, add boondi and and garnish with coriander leaves.Make this easy and nutritional Punjabi Style Boondi Kadhi Recipe and pair it along with Bajri-Til Bhakri Recipe, a piece of gur and a dollop of ghee smeared on roti. You can also serve Kachumber Salad on the side.",Punjabi,Side Dish,Vegetarian,Punjabi,1,40,5,https://www.archanaskitchen.com/methi-daana-boondi-kadhi-recipe
Stuffed Mango Pickle Recipe - Gujarati Double Mango Pickle,"10 Mango (Raw) - medium sized,150 grams Methi Seeds (Fenugreek Seeds),150 grams Red Chilli powder,Salt - to taste (I used 150 grams),2 tablespoons Peanut oil,1 teaspoon Asafoetida (hing) - (I used pickle asafoetida),300 grams Peanut oil","To prepare this easy and long staying Gujarati Dabla Keri Nu Athanu/ Whole Stuffed Mango Pickle Recipe, get all the ingredients handy and wash the mango and pat them dry completely.In a bowl, mix all the spices along with salt and keep it aside.Take a pan, heat oil and add asafoetida. Let it cool completely.Pour in 2 tablespoons of oil with the prepared pickle masala and give it a nice stir.Prepare the mangoes by giving a vertical slit to remove the stone within and slit perpendicularly, keeping the base of the mango intact.Start stuffing all the mangoes with pickle masala by gently pressing the masala within to leave no air gap inside. Take care to keep the mangoes intact during the whole process of stuffing.Transfer thus filled raw mangoes in a glass jar, closing the lid tightly and keep without disturbing for 24 hours.After a day, heat 300 grams oil in a pan and cool it completely. Pour oil into the bottle such that the pickle masala stuffed mangoes are submerged.Relish Whole Stuffed Mango Pickle Recipe with a clean spoon every time, with hot khichdi or a hearty Gujarati thali for lunch.",Gujarati Recipes,Side Dish,Vegetarian,Gujarati,1,35,4,https://www.archanaskitchen.com/whole-stuffed-mango-pickle-recipe-guajarati-dabla-kairi-nu-athanu
Tawa Amritsari Kulcha Recipe,"2 cups Whole Wheat Flour,1/4 cup Curd (Dahi / Yogurt),Salt - to taste,Sunflower Oil - for kneading as well,2 Potatoes (Aloo) - skin peeled,1 teaspoon Red Chilli powder,1/2 teaspoon Turmeric powder (Haldi),1 teaspoon Garam masala powder,1 teaspoon Amchur (Dry Mango Powder),1 teaspoon Cumin powder (Jeera),1 Green Chilli,Salt - to taste","To begin making the Tawa Amritsari Kulcha Recipe, we will add all the ingredients mentioned for the dough into one bowl and add water slowly according to your requirement to knead it into a soft and non-sticky dough.Add little bit of oil at the end and knead it for some more time till the dough becomes completely soft.Rest the dough by covering it with a damp cloth for atleast 10 minutes.Pressure cook the potatoes for about 5 whistle and mashe them, add all the spice powders and mix well to form the stuffing, check for salt as well.Once the dough is rested, heat a cast iron tawa pan. Pinch out a medium sized ball from the dough and flatten it on a floured rolling surface.Roll the dough little enough to keep the potato stuffing in the center, and bring all the edges to form the pleats and close it to form a modak. Make sure it is sealed properly and flatten it.Roll the dough flat and round, the thickness must be same as the tawa paratha. Take some water in a bowl and brush it over one side of the rolled dough.Place the watered surface dough onto the tawa and sprinkle some coriander leaves and ajwain seeds on the other side, leave it for few seconds until you see some bubbles rising. Once the bubbles rise and after 2 minutes flip it over and cook on the other side as well for another 2 minutes. Once you brown spots, take the kulcha out from the tawa and serve hot. Serve the Tawa Amritsari Kulcha along with Besan Kela Subzi , dal and Palak Raita Recipe (Spinach Yogurt Salad)to create a meal for your Sunday lunch or everyday lunch.",Punjabi,Side Dish,Vegetarian,Punjabi,1,60,4,https://www.archanaskitchen.com/tawa-amritsari-kulcha-recipe
Punjabi radish bhurji recipe,"2 Mooli/ Mullangi (Radish) - grated or cut into tiny pieces,1 cup Mooli Ke Patte (Radish Greens) - (with stem) chopped finely,1 teaspoon Mustard oil,1/2 teaspoon Ajwain (Carom seeds),1/4 teaspoon Asafoetida (hing),1/4 teaspoon Ginger - grated,2 Green Chillies - chopped finely,1/2 teaspoon Turmeric powder (Haldi),1/2 teaspoon Red Chilli powder,Salt - to taste","To begin making the Punjabi Mooli Ki Bhurji Recipe, wash radish and its leaves thoroughly with water. Grate or chop radish into fine pieces. Chop stem and leaves of radish finely.In a medium sized non-stick wok, add mustard oil and heat over medium flame. The oil should be smoking hot.Add asafoetida and ajwain seeds. Let it turn light brownish.Grate ginger and saute it for about 2 minutes. Add chopped green chilies.Now, add the chopped radish, leaves and stems to the wok. Cook them with the lid covered until the leaves are wilted.Add turmeric powder, red chilli powder, and salt to the wok. Stir them to combine well and cook until radish pieces are cooked well.Punjabi Mooli Ki Bhurji is the best way to include such healthy leaves in your diet and it serves as the best side dish along with Dal Makhani and Tawa Paratha.",Punjabi,Side Dish,Vegetarian,Punjabi,1,35,3,http://www.archanaskitchen.com/punjabi-mooli-ki-bhurji-recipe
Punjabi Wadi Choliya Ki Sabzi Recipe,"1/4 cup Badi (wadi) - lightly crushed,300 grams Fresh green chickpeas,1/4 cup Homemade tomato puree,1 inch Ginger - grated,1 cup Curd (Dahi / Yogurt),1/4 teaspoon Asafoetida (hing),2 teaspoon Coriander Powder (Dhania),1 teaspoon Turmeric powder (Haldi),1 teaspoon Red Chilli powder,Salt - to taste,Sunflower Oil - to cook,Coriander (Dhania) Leaves - small bunch","To begin making the Punjabi Wadi Choliya Ki Sabzi Recipe, heat 1/2 tablespoon of oil in a heavy bottomed pan. Add the crushed urad dal wadi to the oil and sauté on low heat till they become crisp and golden. Take care not to burn them. Once done, remove the fried wadis to a bowl and keep aside.Heat a teaspoon of oil in the same pan. Add the tomato purée, ginger, asafoetida, turmeric powder, coriander powder and red chili powder. Sauté and cook on medium heat for 3-4 minutes until the tomato puree is thick.Now add the Hara Choliya (Green Chickpeas) and crisp wadi to the pan.Toss well and add 2 cups of water, salt and bring the Choliya Wadi Sabzi to a brisk boil. Once it comes to a brisk boil, turn the heat to low, cover with a lid and cook till water is reduced to half and hara Choliya is tender and cooked.Stir in the yogurt and simmer for another minute. Once done, check the salt and spice levels and adjust to suit your taste. Turn off the heat and transfer to a serving bowl. Stir in the chopped coriander leaves and serve.Serve the Punjabi Wadi Choliya Ki Sabzi along with a bowl of rice, papad, and achar for a wholesome weeknight dinner.",Punjabi,Side Dish,High Protein Vegetarian,Punjabi,1,40,4,https://www.archanaskitchen.com/punjabi-wadi-choliya-ki-sabzi-recipe
Garlic Naan Without Yeast Recipe,"1 cup Whole Wheat Flour,1 cup All Purpose Flour (Maida) - (more for dusting),1-1/2 tablespoon Garlic - ground to paste,2 tablespoons Butter - melted,4 tablespoons Curd (Dahi / Yogurt),1/2 cup Milk,1/2 teaspoon Baking powder,1/2 teaspoon Baking soda,2 tablespoons Coriander (Dhania) Leaves - finely chopped,Salt - to taste","To begin making the Garlic Naan Without Yeast recipe, mix all the ingredients except 1/2 teaspoon garlic and butter in a mixing bowl.Make a soft dough out of it and keep it aside to rest for 1/2 an hour.Mix the butter and the remaining garlic in an another bowl. Now take a small portion of dough, dust it with all purpose flour and roll it in the shape of naan with the help of rolling pin.With the help of water wet one side of the naan. Take a normal tava and put the wet side on it.When little bubbles appear on it. Turn the pan upside down and let it cook on simmer gas.About after 1 minute its fully cooked. Take it on a plate, apply butter and garlic combination on it and serve hot.Serve Garlic Naan Without Yeast along with Dal Makhani and Vegetable Malai Kofta for a delicious weekend dinner.",North Indian Recipes,Dinner,Vegetarian,Punjabi,1,60,4,http://www.archanaskitchen.com/garlic-naan-without-yeast-recipe
Butter Garlic Naan Recipe - Garlic Flavoured Flatbread,"3 cups All Purpose Flour (Maida),1-1/2 teaspoons Active dry yeast,1/4 cup Curd (Dahi / Yogurt) - whisked,Salt - as required,1/2 teaspoon Sugar,8 cloves Garlic - ground,2 tablespoon Butter - softened,Lukewarm Water - as required,6 cloves Garlic - finely minced,2 teaspoons Coriander (Dhania) Leaves - chopped,1 teaspoon Mint Leaves (Pudina) - chopped,2 tablespoon Butter - melted","To begin making the Butter Garlic Naan, prep all the ingredients and keep them ready.In a large mixing bowl, add the flour, salt, sugar and yeast and stir to combine. Add the curd, butter, garlic paste and mix well. Gradually add the lukewarm water and knead it into a soft pliable dough.Knead for about 8-10 minutes on a flat, lightly floured surface. (Use the hook attachment for kneading, if using a stand mixer)Place the dough in a well oiled bowl and cover with a damp kitchen towel. Let the dough rest for 2 hours, till it doubles in size.Punch down the dough, once doubled and knead for a minute or two.Divide the dough into 6-7 equal portions and shape them into a ball. Pat or Roll out each ball to a 7-8 inch elongated, tear shape. (Keep the other dough balls covered while your roll out one.) Sprinkle some chopped garlic over the Naan and press well.Turn it over and brush this side with some water.Preheat an iron griddle over medium heatPlace the water brushed side on the hot iron griddle.Invert the griddle exposing the garlic side directly to the flame, without directly touching the flame.Move the griddle slowly so that the Naan cooks evenly.In about a minute, the Naan starts browning and you can see a few bubbles.Using a pair of tongs, take off the Naan from the griddle and cook the other side directly on the flame. Keep moving the naan for even cooking.Mix the coriander and mint with the melted butter. Brush the Garlic Naan with this herbed butter and serve Butter Garlic Naan with Punjabi Sabut Moong Ki Dal and Dry Methi Malai Matar, along with Beetroot Raita for a satisfying meal.",North Indian Recipes,Lunch,Vegetarian,Punjabi,1,270,12,https://www.archanaskitchen.com/butter-garlic-naan-garlic-flavoured-flat-bread-recipe
Brinjal Methi Bharta Recipe With Pomagrams,"150 grams Methi Leaves (Fenugreek Leaves) - finely chopped,1 Brinjal (Baingan / Eggplant),2 inch Ginger - peeled and grated,1 Onion - finely chopped,1 Tomato - grated,2 Green Chillies - finely chopped,1 teaspoon Turmeric powder (Haldi),1 teaspoon Garam masala powder,1 teaspoon Coriander Powder (Dhania),1 tablespoon Butter,1 teaspoon Red Chilli powder,Salt - to taste,1 tablespoon Sunflower Oil,1/4 cup Anardana Powder (Pomegranate Seed Powder)","To begin making this recipe, we will first saute the chopped methi leaves. Heat a teaspoon of oil in a pan, add the chopped methi leaves and stir fry it on medium heat until you notice the leaves shrink and soften. The methi leaves will also give out a lot of water. Evaporate most of the moisture by turn the heat to high for a few minutes. Once most of the water is evaporated, turn off the heat and keep the methi aside.The next step is to make the Baingan Bharta. For this, the brinjal can be roasted in two ways; in the oven or on the gas flame.Method using the oven for roasting : Preheat the oven to 180 C.Place the brinjal on a baking sheet and place in the preheated oven for about 30 minutes or until the brinjal has started to soften and the outer skin is charred.When you prick inside with a knife, you can feel that the brinjal has become tender, if not continue to roast until done.Method using the flame for roasting: Place the brinjal on the stove top flame, with continuous monitoring, using tongs to turn the brinjal around while it is roasting.After about 10 minutes you will notice that the brinjal’s skin begins to char and the inside begins to get tender. To test, when you insert a knife you will feel it is soft and not hard. If hard continue to roast until done.Once brinjal is roasted allow the brinjal to cool down. Peel the charred skin of the cooled brinjal and discard the skin. Coarsely mash the pulp using a fork or mince finely using a knife.Heat oil in a pan over medium high heat. Add the cumin seeds and allow seeds to crackle. Add the grated ginger and chopped onions, sauté over medium heat until the onions are tender.Then add the grated tomatoes, turmeric powder, green chillies, coriander powder, garam masala powder and chilli powder. Stir to combine and sauté until all the ingredients come together for about couple of minutes.Stir in the roasted brinjal, butter and salt. Turn the heat to low and simmer the brinjal for about 10 minutes or so until it gets well combined with the tomatoes and spices. Turn off the heat and stir in the sauteed methi leaves. Check the salt and spices and adjust to suit your taste.To add color and subtle sweetness to this Baingan Methi Bharta, sprinkle it with Pomegranate seeds and served it along with Phulkas and Punjabi Kadhi Pakora",Punjabi,Lunch,Vegetarian,Punjabi,1,50,4,http://www.archanaskitchen.com/baingan-methi-ka-bharta-recipe-with-pomegranates
Surti Obbattu Recipe - Fruit & Nut Pooris In Saffron Milk,"1 cup Sooji (Semolina/ Rava) - fine,1/4 cup All Purpose Flour (Maida),2 tablespoon Ghee,Sunflower Oil - for frying,Rose Petals - for garnish,100 grams Badam (Almond) - roughly chopped,25 grams Cashew nuts - roughly chopped,25 grams Sultanas,1 tablespoon Gulkand - as required (optional),1/2 teaspoon Cardamom Powder (Elaichi),1-1/2 cup Fresh coconut - grated,2 tablespoons Sugar,3 cups Milk,8 tablespoons Sugar,16 Saffron strands,1 cup Milk,4 tablespoons Sugar,12 Saffron strands,70 grams Badam (Almond) - (soaked overnight and peeled)","To prepare Surti Obbattu, mix semolina, maida, 1 tablespoon of ghee and enough water to make a soft dough, cover and set it aside for 30 minutes to rest.Add the remaining ghee in a pan and roast the almond, cashews, sultanas and coconut on a low flame and toss in the sugar and cardamom and cook until any water evaporates. Dish it into a bowl.In a pan, add all the ingredients for soaking surti obbattu and bring it to a boil and let it cool until use. This is to warm when needed.In a mixer jar, add the soaked and peeled almonds and grind coarsely. Add this along with the other ingredients for the badam milk to be spooned on top of soaked surti obbattu and bring it to a boil in a pan and turn off the flame and set aside until needed, to cool it as well.Divide the dough into 8 portions and roll it out into pooris and deep fry in hot oil. This must be done quickly and must not sit in the oil for too long. These pooris need not be crispy.Now dip this one at a time into the soaking milk and let it sit for 30 seconds to 1 minute, take it on to a plate, center the dry fruit mixture and roll it into cylindrical rolls. You can also use Rose gulkand along with the dry fruit mixture into the rolls.Spoon the thick Badam milk on top and garnish with Rose petals.",Karnataka,Dessert,Vegetarian,Gujarati,1,70,4,https://www.archanaskitchen.com/surti-obbattu-recipe-fruit-nut-pooris-saffron-milk
Aloo Amritsari (Recipe In Hindi),"4 Potatoes - cut into wedges, 1 teaspoon celery, 2 onions - cut directly, 2 inches ginger - cas, 2 long garlic, 2 tomatoes - finely chopped, 1/2 teaspoon turmeric powder, 1/2 small Spoon garam masala powder, 1 teaspoon coriander powder, 1/2 teaspoon Kashmiri red chilli powder, 4 sprig coriander - finely chopped, salt - as per taste, oil - as per use","To make Aloo Amritsari, first heat the oil in a pressure cooker. After heating, add celery and cook for 10 seconds. Add onion, green chillies, ginger and garlic after 10 seconds. Cook onion until it becomes soft. After the onion softens, add tomatoes and cook until it becomes soft. After softening, add potatoes. After adding, add 1/2 cup of water, salt, mix and close the cooker. Cook until 2 cities come and then turn off the gas. Opening the pressure automatically, open and add green coriander to it. Mix and serve hot. Serve Aloo Amritsari with Dal Tadka, Bundi Raita and Phulka for dinner.",Punjabi,Lunch,Vegetarian,Punjabi,1,45,4,https://www.archanaskitchen.com/aloo-amritsari-recipe-in-hindi
Gujarati Vaghareli Mag Recipe - Whole Green Moong Dal Sabzi Recipe,"1 cup Green Moong Dal (Whole) - soaked overnight,1 teaspoon Cumin seeds (Jeera),1 sprig Curry leaves - torn,2 inch Ginger - finely chopped,1 Green Chillies - finely chopped or slit,1/2 teaspoon Turmeric powder (Haldi),1 Lemon - juice extracted,6 sprig Coriander (Dhania) Leaves - finely chopped,1 teaspoon Sunflower Oil,1 teaspoon Salt - or to taste","To begin making the Jain Style Whole Green Moong Dal Sabzi or Vagharela Mag, soak the moong dal overnight for about 6-7 hours.Once soaked, cook the moong dal along with salt and with 1 of water including the water that it was soaked in. Pressure cook for 3-4 whistles and turn off the heat. Allow the pressure to release naturally, ensuring the moong dal is soft, tender and still remains grainy but not mushy. Heat oil in a pan on medium heat; add the cumin seeds and allow them to crackle. Stir in the green chillies, curry leaves ginger and turmeric powder, sauté for a few seconds. Add the cooked moong dal and stir gently to combine all the ingredients.Taste and adjust the salt to suit your taste.Cover Whole Green Moong Dal Sabzi / Vagharela Mag with a light fitting lid and simmer for 4 to 5 minutes until tender and all the ingredients are well combined.Finally squeeze the lemon juice, add the coriander leaves and give the Vagharela Mag a gentle stir. Turn off the heat and serve warm.Serve Jain Style Whole Green Moong Dal Sabzi Recipe / Vagharela Mag with hot Tawa Parathas make a rich, wholesome and nutritious breakfast. Serve Jain Style Whole Green Moong Dal Sabzi for lunch along with Pudina Lahsun Laccha Paratha, Gujarati Wadi Pulao Recipe, Boondi Raita.",Gujarati Recipes,Lunch,High Protein Vegetarian,Gujarati,1,430,4,http://www.archanaskitchen.com/jain-style-whole-green-moong-dal-subzi-recipe-gujarati-vaghareli-mag
Gujarati Adadiya Ladwa Recipe - Urad Dal Halwa with Nuts & Spices,"2 cups Urad Dal Flour - coarsely ground to a flour,2 cups Ghee - + 1/4 cup ghee,1/2 cup Milk - lukewarm,1 cup Sugar,1-3/4 cups Khoya (Mawa) - crumbled,2 tablespoon Gond (natural gum) - shallow fried in ghee and crushed,1/4 cup Raisins - chopped,1/3 cup Cashew nuts - chopped,1/2 cup Badam (Almond) - chopped,2 tablespoons Pistachios - chopped,4 tablespoons Dry ginger powder,2 tablespoons Cardamom Powder (Elaichi),2 tablespoons Cinnamon Powder (Dalchini),2 tablespoons Cloves (Laung) - powdered,1-1/2 tablespoon Black pepper powder,1 1/2 tablespoon Peepramul powder (ganthoda),2 Badam (Almond) - sliced or pistachois will also do for garnishing","To begin making the Gujarati Adadiya Ladwa Recipe, sieve the flour in a broad flat dish. Sprinkle the lukewarm milk and ghee over the flour a little at a time.With gentle palm pressure of both hands, combine the flour along with the ghee and milk until well combined. The mixture should be such that it should form a lump when you hold it firmly with closed fist.This entire procedure which is called ‘Drabo Devo’ would take about 8 to 10 minutes. Cover it and keep it in a warm place for at least 3 hours. The purpose of this is to let the flour bind well together.After 3 hours have passed, gently crumble the mixture and then sieve it in a medium sized sieve. If you don't have a sieve crumble it between your palms until the mixture feels like coarse crumbs. Keep aside.In a sauce pan add 1 cup of water and prepare sugar syrup of less than 1 thread consistency and keep aside. The purpose of preparing the syrup first is that it cools down before you finally pour it over the hot Adadiya Ladwa mixture.Heat a heavy bottomed sauce pan; add the Adadiya Ladwa crumb mixture and saute on medium heat for about 5 minutes. Stir in the crumbled khoya and continue to saute on low heat. Gradually add a little ghee at a time and keep stirring the mixture until you get a roasted aroma. The mixture you have turned a light golden brown.At this stage add in the chopped nuts, raisins and continue to keep stirring. You will notice that that ghee begins to leave the sides of the pan. Add the crushed edible gum and sauté on low or medium flame till it turns golden brown. Finally add the almonds, pistachios and the rest of the spice powders. Stir all ingredients until well combined and turn off the heat. After about a minute, stir in the sugar syrup to the above ladva mixture.Spread the mixture into a flat dish and allow it to cool completely ( 8 - 10 hours or overnight). After it has cooled completely, stir the mixture once again and check if you need any more additions to suit your taste. Shape the ladva mixture into balls or a desired shape. Garnish with finely sliced badam and pistachios.You can store the Gujarati Adadiya Ladwa for upto a month in the refrigerator in an airtight container. Serve the Gujarati Adadiya Ladwa as warm Dessert for the winter months along with a warm glass if milk.Serve it after a meal of Gujarati Dal Recipe - Sweet Tangy and Spicy Dal, Steamed Rice, Gujarati Kobi Marcha No Sambharo Recipe, Phulka",Gujarati Recipes,Dessert,Vegetarian,Gujarati,1,45,4,https://www.archanaskitchen.com/adadiya-ladwa-recipe-urad-dal-halwa-with-nuts-spices
Kesar Shrikhand Recipe - Greek Yogurt Pudding With Saffron,"2 cups Hung Curd (Greek Yogurt) - (use low fat preferably),1 cup Caster Sugar,1 teaspoon Cardamom Powder (Elaichi),6 Saffron strands,1/4 cup Pistachios - sliced or almonds will also do,1 cup Fresh fruits - of your choice","To begin making the Kesar Shrikhand Recipe, pour the yogurt into a cloth sieve or a sieve which has the tiniest of the holes.Take a large enough container where the rim of the sieve will sit on the mouth of the container. Place the sieve with yogurt to sit on the container.Place this container along with the yogurt in the fridge for 5-6 hours or overnight. Doing this strains all the water from the yogurt into the container below and makes the yogurt thick and creamy. The yogurt does not get sour as it is kept refrigerated.Remove the fully strained whey free yogurt from the fridge and discard collected the whey.Place another large clean container where the sieve can sit on. With the yogurt still on sieve; rub the saffron into the yogurt with the tips of your fingers until the color and flavor of the saffron get into the yogurt.Add the sugar to the yogurt sitting on the sieve. Now using a large flat spoon; briskly mix the yogurt mixture such that all the ingredients strain out through the sieve into the container below, making the yogurt smooth and well blended with the sugar. With the yogurt mixture in the large container now; add the cardamom powder and whisk it well until well blended. Stir in the nuts and refrigerate well for 5-6 hours before serving.Serve the Kesar Shrikhand topped with nuts, fruits like pomegranate, sliced green grapes, chopped mangoes and many more to enhance the taste and making it rich and festive. It makes a great dessert for parties when you cook an Indian menu.",Gujarati Recipes,Dessert,Vegetarian,Gujarati,1,390,4,http://www.archanaskitchen.com/kesar-shrikhand-recipe
Chole Capsicum Masala Recipe,"1 cup Kabuli Chana (White Chickpeas) - soaked and cooked until soft,Green Bell Pepper (Capsicum) - diced,2 Onions - finely chopped,2 teaspoons Ginger Garlic Paste,2 teaspoons Coriander Powder (Dhania),1 teaspoon Red Chilli powder,1 teaspoon Cumin powder (Jeera),1/2 teaspoon Turmeric powder (Haldi),1 teaspoon Kasuri Methi (Dried Fenugreek Leaves),1/2 cup Cashew nuts,1 cup Homemade tomato puree,Sunflower Oil - for cooking,Salt - to taste","To begin making the Chole Capsicum Masala recipe, soak cashew nuts in warm water for 12 to 15 minutes.Heat oil in a wok/kadai. Add sliced onions and cook until golden brown.Add garlic paste and saute for 1 minute. Next add the cubed capsicum pieces and saute for 2 to 3 minutes.Then add cumin powder, coriander powder, turmeric powder and chilli powder. Fry for a minute, taking care not to burn.Now add the tomato sauce/puree and boiled chickpeas along with 2 cups of water.Let this mixture come to boil and then simmer for 5 minutes until the flavours mix together.Meanwhile, make a paste of soaked cashew nuts.Add the cashew paste to the curry along with salt. Simmer for 4 to 5 minutes.Add kasoori methi, remove from flame and serve hot.Serve Chole Capsicum Masala along with Kachumber Salad, Steamed Rice and Phulkas for a weekday meal.",North Indian Recipes,Dinner,Vegetarian,Punjabi,1,70,4,http://www.archanaskitchen.com/chole-capsicum-masala-recipe
Punjabi Lobia Masala Recipe (Punjabi Style Black Eyed Beans Curry),"1 cup Black Eyed Beans (Lobia),2 Onions - finely chopped,2 Tomatoes,1 Green Chilli - slit,1/2 tablespoon Ginger - made into paste,1/2 tablespoon Garlic - made into paste,1 teaspoon Cumin seeds (Jeera),1 inch Cinnamon Stick (Dalchini),1 Bay leaves (tej patta),3 Cloves (Laung),1 teaspoon Red Chilli powder,1/2 teaspoon Turmeric powder (Haldi),2 teaspoons Cumin powder (Jeera),2 teaspoons Coriander Powder (Dhania),1 teaspoon Garam masala powder,1 tablespoon Kasuri Methi (Dried Fenugreek Leaves),1 inch Ginger - cut into juliennes for garnish,1 tablespoon Ghee,Salt - to taste","To begin making the Punjabi Lobia Masala, wash and soak the lobia for 4 to 5 hours and then pressure cook with enough water for 2 whistles and keep aside.Make a puree of tomatoes using a hand blender and keep aside.Heat ghee in a wok on medium flame, add the cinnamon stick, cloves and bay leaves and let release its aroma into the ghee.Add the cumin seeds and let it crackle.Add the ginger garlic paste and cook until the raw smell goes away.Add the finely chopped onions and saute until it turns light brown.Now, add the slit green chilli, tomato pureè and simmer for 3 minutes.Add the red chilli, turmeric and cumin powder, mix well and let the mixture cook until the ghee leaves the sides.Now, add the cooked lobia along with the water in which it has been boiled and simmer for 5 minutes.Gently smash a few lobia for the gravy to thicken further.Slightly crush the kasuri methi between your palms and add it to the gravy along with garam masala and mix well.Switch off the flame, and garnish with the ginger juliennes.Serve the Punjabi Lobia Masala along with phulkas or steamed rice for a weeknight dinner.",Indian,Dinner,Vegetarian,Punjabi,1,40,4,https://www.archanaskitchen.com/punjabi-lobia-masala-recipe-punjabi-style-black-eyed-peas-curry
Instant Khaman Dhokla Recipe,"2 Green Chillies - chopped,1 inch Ginger - chopped,1/4 cup Water,1-1/2 cups Gram flour (besan),1/2 cup Water - or more if required,1 teaspoon Salt - to taste,1/4 teaspoon Cooking soda,1 teaspoon Enos fruit salt,1 teaspoon Sugar,1/4 teaspoon Turmeric powder (Haldi),1 tablespoon Sunflower Oil,1 tablespoon Lemon juice,1 teaspoon Sunflower Oil,1 teaspoon Mustard seeds,1 teaspoon Cumin (Jeera) seeds,4 Green Chillies - slit,2 sprig Curry leaves,2 tablespoons Sugar,1/4 teaspoon Salt,1/2 cup Water,2 tablespoons Lemon juice,1/4 cup Fresh coconut - grated,6 sprig Coriander (Dhania) Leaves - finely chopped","To begin preparing the Khaman Dhokla, prepare all the ingredients and keep them ready.Grease a 7 inch cake tin or a dhokla pan and keep aside. Prepare a steamer with water and keep it ready. First, make the green chilli ginger mixture. Into a small jar of mixer grinder, add the green chillies, ginger and water and blend to make a puree. Keep this aside.Into a large mixing bowl, add all the ingredients along with the above green chilli ginger paste and keep aside.Whisk well to combine, the addition of lemon juice and soda will make the Khaman Dhokla batter froth up.It is important you steam the batter immediately once it is well combined, so that the Khaman Dhokla remains fluffy when steamed.Pour the Khaman Dhokla batter into the greased pan and place it in the prepared steamer. Cover the steamer and turn on the heat to high and steam for 10 minutes until done.You will know when it is done, when you insert a knife in the centre and around the edges and it comes out clean.Remove the Khaman Dhokla from the steamer and allow it to cool completely. Do not cut it while it is warm or hot as it will crumble.The next step is to prepare the tadka along with the sugar lemon water.Preheat a pan with oil over medium heat; add the mustard seeds and cumin seeds and allow it to crackle. Once it crackles, add the green chillies and curry leaves and stir for about a minute. Once done, add the water, lemon juice, sugar and salt. Stir well until the sugar has dissolved and turn off the heat. Allow the tadka to cool a bit. Once the Khaman Dhokla has cooled completely, cut it into squares or diamonds. Spoon the tadka over the Khaman Dhokla so it gets soaked well. If there is more tadka water remaining, just keep it aside and pour it later when you feel it has become dry or you want it more juicy.Remove the Khaman Dhokla from the pan and place it on a serving platter. Sprinkle freshly grated coconut and chopped coriander leaves and serve. Serve it along with Green Chutney and Adrak Chai as an evening snack.",Gujarati Recipes,Snack,Vegetarian,Gujarati,1,30,4,http://www.archanaskitchen.com/instant-sandwich-khaman-dhokla-recipe
Rumali Roti Recipe,"1 cup All Purpose Flour (Maida),1/4 cup Curd (Dahi / Yogurt),1 tablespoon Sunflower Oil,Salt - to taste,Lukewarm Water - to knead","To begin making the Rumali Roti Recipe, mix all the ingredients together and knead it into a soft dough.Rest the dough for around 10 minutes. Then knead one last time and pinch out a small portion from the dough.Toss it on the flour and roll out into thin circles to approximately 6 inches in diameter. As you roll them out, you can keep tossing the dough in dry flour while rolling; this will prevent it from getting sticky when rolling them out.Roll it as thin as possible. Tip: It is a good idea to roll out a batch of dough so it gets easier to cook the entire batch. Although Gujarati ladies are very quick in rolling and cooking them simultaneously; this comes with practice of rolling and understanding the heat of your skillet.Heat a dosa tawa so that you can cook the big roti well. Place rolled dough on the hot skillet. In a few seconds you will notice that small air pockets start to form. At this point flip the rolled dough to cook the other side on the skillet.Serve the Rumali Roti Recipe, along with Butter chicken or Paneer Kadai to enjoy your lunch.",Punjabi,Side Dish,Vegetarian,Punjabi,1,35,4,https://www.archanaskitchen.com/rumali-roti-recipe
Rajasthani Makki Ka Chatpata Dhokla Recipe,"15 cloves Garlic,6 Green Chillies,6 sprig Coriander (Dhania) Leaves - finely chopped,2 cups Makki Ka Atta (Yellow Corn Meal Flour),1 teaspoon Baking soda,Salt - as required,Water - as required","To begin making the Rajasthani Makki Ka Chatpata Dhokla recipe, firstly crush garlic, coriander and green chillies in mortal pestle. Next, add baking soda, garlic, coriander and green chilli mixture, required salt and maize flour in a mixing bowl.Knead the dough properly with the required water. Make small Dhokla out of it just like we make the south indian wadas.Steam these dhokla in the idli steamer for almost half an hour. Serve Rajasthani Makki Ka Chatpata Dhokla recipe hot with a dollop of ghee or green chutney.",Rajasthani,Snack,Diabetic Friendly,Gujarati,1,40,6,http://www.archanaskitchen.com/rajasthani-makki-ka-chatpata-dhokla-recipe
Palak Paneer Bhurji Recipe -Spiced Cottage Cheese Scramble With Spinach Recipe,"200 grams Paneer (Homemade Cottage Cheese) - crumbled,50 grams Spinach Leaves (Palak) - finely chopped,2 Green Chillies - finely chopped,1 Onion - finely chopped,1 Tomato - finely chopped,2 cloves Garlic - finely chopped,1/2 teaspoon Cumin seeds (Jeera),2 teaspoon Red Chilli powder,2 teaspoon Garam masala powder,2 teaspoon Amchur (Dry Mango Powder),1 tablespoon Butter,Salt - to taste,Sunflower Oil - for cooking","To begin making the Palak Paneer Bhurji recipe, first prep all the ingredients and make the homemade paneer by following the link.Heat oil in a heavy bottomed pan on medium heat. Add the cumin seeds and allow it to crackle.Once the cumin seeds have crackled add the ginger , garlic , green chili and onion fry till it turns light brown. And add tomatoes, saute till they have softened and the most of the moisture is evaporated.Now add the spinach and saute until the spinach is cooked.Once the spinach is cooked add the spice powders and the crumbled paneer.Add a dollop of butter and saute the ingredients until well combined and simmer for about 3 to 4 minutes for the flavors to seep into the Paneer Bhurji.Once done, turn off the heat and serve the Spinach Paneer Bhurji along with Homemade Whole Wheat Bread toast and Muskmelon (Kharbuj) Juice for breakfast.",North Indian Recipes,Vegetarian,Vegetarian,Punjabi,1,45,4,http://www.archanaskitchen.com/palak-paneer-bhurji-recipe-spiced-cottage-cheese-scramble-with-spinach-recipe
Jain Style Dal Makhani Recipe,"3/4 cup Black Urad Dal (Whole),1/4 cup Rajma (Large Kidney Beans),1 teaspoon Cumin seeds (Jeera),1 inch Cinnamon Stick (Dalchini),3 Cloves (Laung),2 Black cardamom (Badi Elaichi),2 Tomatoes - pureed,1 Green Chilli - finely chopped,1 teaspoon Red Chilli powder,1 teaspoon Garam masala powder,2 teaspoon Dry ginger powder,2 tablespoons Ghee,1 cup Milk - low fat (optional),Salt - to taste,1 inch Ginger - cut to julienne (optional),2 tablespoons Fresh cream","To begin making the Jain Style Dal Makhani Recipe, wash and soak the whole urad dal and rajma overnight.Pressure cook the soaked dals in 2 to 3 cups of water for 4 to 5 whistles and simmer for 10 minutes; slightly mash the dals and keep aside.In the meantime, puree the tomatoes using a mixer grinder and keep aside.Heat ghee in a wok/kadhai on medium flame, add the cinnamon stick, cloves, black cardamom and let it release its aroma into the ghee.Add the cumin seeds and let it crackle.Once the cumin seeds have crackled add the tomato puree, green chillies and cook for 2 minutes.Once the tomatoes have cooked add the spice powders including red chilli, garam masala, dry ginger powder and cook until the ghee floats on top.Now, add the cooked dals, season with salt, add water to your desired consistency and simmer for 10 to 15 minutes.At this stage you can even add the milk and let the dal boil.Once the Dal Makhani reaches your desired consistency, switch off the flame. Transfer Dal Makhani to a serving bowl and garnish with ginger julienne and cream. Serve the Jain Style Dal Makhani recipe along with tawa parathas and kachumber salad for the weeknight dinner.",North Indian Recipes,Lunch,High Protein Vegetarian,Punjabi,1,40,4,https://www.archanaskitchen.com/jain-style-dal-makhani-recipe
Adraki Rajma Masala Recipe - Rajma Masala Recipe,"2 cups Rajma (Large Kidney Beans) - soaked for 8 hours,1 Onion - finely chopped,2 cloves Garlic - pounded using a mortar and pestle,2 inch Ginger - finely chopped,2 Tomatoes - pureed,1/2 teaspoon Turmeric powder (Haldi),2 teaspoon Coriander Powder (Dhania),1 teaspoon Red Chilli powder,2 teaspoon Black pepper powder,1 teaspoon Dry ginger powder,1/2 teaspoon Garam masala powder,1 Bay leaf (tej patta),Coriander (Dhania) Leaves - Small bunch,1 tablespoon Ghee,Salt - to taste","To begin making Adraki Rajma Masala Recipe, wash and soak the rajma overnight. Pressure cook with enough water for 6 whistles, turn the heat to low and cook for another 15 to 20 minutes.Turn off the heat and allow the pressure to release naturally.Heat ghee in a heavy bottomed pan, add the bay leaf.Add the chopped onion, ginger and garlic and saute until the onion turns golden.Add the tomato puree and cook until the masala is cooked well. This will take 3 to 4 minutes.Now, add the coriander, turmeric, red chilli powders, garam masala, dry ginger, pepper powder and saute until the ghee separates out. This will take 2 minutes.Add the boiled rajma, enough water to your desired consistency, season with salt and let the Adraki Rajma Masala simmer for 10 to 15 minutes.Once the Adraki Rajma Masala thickens a bit, garnish with coriander leaves and switch off the heat. Check the salt and spices and adjust to suit your taste.Serve the Adraki Rajma Masala along with Phulkas or with Steamed Rice, Lauki Raita and Carrot Cucumber Tomato Salad With Lemon and Coriander Recipe for the weekday lunch.",Bihari,Lunch,High Protein Vegetarian,Punjabi,1,320,4,http://www.archanaskitchen.com/adraki-rajma-masala-recipe-rajma-masala-recipe
Jowar Garlic Naan Recipe- Healthy Sorghum Naan,"1 cup Jowar Flour (Sorghum),1 cup Whole Wheat Flour,1/4 cup Methi Leaves (Fenugreek Leaves) - finely chopped,1 teaspoon Active dry yeast,1/4 cup Curd (Dahi / Yogurt),1 teaspoon Salt,1 teaspoon Sugar,10 cloves Garlic - finely chopped,Ghee - for cooking","To begin making the Jowar Garlic Naan Recipe, Let us make the dough.To make the dough, in a mixing bowl, combine the jowar flour, wheat flour, methi leaves, yeast, salt and sugar.Start by making the dough with all the yoghurt and then add a little water at a time and only use required amount of water to make a firm dough. Add a teaspoon of oil to coat the dough and knead for a few more minutes until smooth.Set the dough aside to rest covered for 2 hours. After 2 hours, knead once again and divide the dough into equal portions.Preheat the iron griddle on medium high heat.Roll the portions of dough into balls; flatten these balls with the palm of your hand.Take a portion of the dough, toss it on the flour and roll out into oval shape.As you roll them out, you can keep tossing the dough in dry flour while rolling; this will prevent it from getting sticky when rolling them out.After the first roll of the dough ball, sprinkle some garlic on the surface of the dough , lightly press it down and begin to roll it again.Once you got a nice oval shaped naan of medium thickness, transfer it on the hot griddle. Let it cook for 2-3 minutes.Then flip the Jowar Garlic Naan and smear about 1/2 a teaspoon of ghee. Using a flat spatula do a light pressing and turning motion to cook to the naan.Flip to the other side and press and turn the naan in a similar way, smear ghee once again. You will notice brown spots around the naan and it will be slightly crisp. Remove from heat and place on a platter and serve hot.Continue the similar process with the remaining rolled portions and serve hot.Serve this Jowar Garlic Naan Recipe along with Tamatari Chole Recipe or Amritsari Fish Gravy Recipe and Tomato Onion Tadka Raita Recipe and Carrot, Radish & Peanut Salad with Lemon Recipe for a complete healthy, nutrition packed meal on a Sunday afternoon.",North Indian Recipes,Main Course,Diabetic Friendly,Punjabi,1,155,4,https://www.archanaskitchen.com/jowar-garlic-naan-recipe
Gujarati Style Multigrain Masala Kadak Puri Recipe - Masala Mathri,"1-1/2 cup Whole Wheat Flour - or multigrain flour,1/2 cup Rice flour,3 tablespoons Ghee,1 teaspoon Red Chilli powder,1 teaspoon Cumin seeds (Jeera),1/4 teaspoon Asafoetida (hing),1 tablespoon Coriander (Dhania) Seeds - roasted,Salt - as per taste,Sunflower Oil - for deep frying","To begin making the Gujarati Style Multigrain Masala Kadak Puri Recipe, in a large bowl combine multigrain flour, rice flour, haldi, crushed coriander seeds, cumin seeds, asafoetida, red chili powder, salt and 3 tablespoons ghee. Bring the dough together with your fingers. Add little water to the kadak puri (mathri) flour mixture and knead to make a firm dough. The dough should be of stiff consistency. Cover the kadak puri dough and keep it aside for 25 to 30 minutes.Once the dough is well rested, knead again to bring it together.Preheat the oil in the deep frying pan on medium heat. Roll the dough into a large circle of about 1/2 inch thickness. Use a cookie cutter to make small circles of 1-1/2 inch diameter. Prick the circles with a fork and keep aside. You can alternatively make tiny balls and roll each ball of dough into circles.Once the oil is hot, deep fry the puris on medium heat until crisp and golden. Once done, drain the Masala Kadak Puri (Mathri) on an absorbent paper.Repeat the same for the rest of the mathri dough and allow them to cool completely before storing.Store the Gujarati Style Multigrain Masala Kadak Puri in a clean airtight container up to 2 weeks.Serve Gujarati Style Multigrain Masala Kadak Puri at tea time along with chai with Achar and Chai.",Gujarati Recipes,Snack,Vegetarian,Gujarati,1,60,4,http://www.archanaskitchen.com/gujarati-style-multigrain-masala-kadak-puri-recipe-masala-mathri
Ringan Methi Nu Shaak Recipe - Gujarati Style Eggplant & Fenugreek Leaves Sabzi,"15 Small Brinjal (Baingan / Eggplant) - cut into long strips,2 cups Methi Leaves (Fenugreek Leaves) - finely chopped,1/2 teaspoon Turmeric powder (Haldi),1 teaspoon Red Chilli powder,2 teaspoons Coriander Powder (Dhania),1 teaspoon Cumin powder (Jeera),2 teaspoons Jaggery - powdered,2 teaspoon Amchur (Dry Mango Powder),1/2 teaspoon Mustard seeds,1/2 teaspoon Cumin seeds (Jeera),1 tablespoon Sunflower Oil,Salt - to taste","To begin making the Ringan Methi Nu Shaak Recipe (Gujarati Style Eggplant and Fenugreek Leaves Sabzi), wash and cut the brinjals into long strips and keep them immersed in a bowl of salted water to avoid discolouration.Heat oil in a heavy bottomed pan on medium flame, add in the mustard seeds, cumin seeds and let it crackle.Drain the eggplants from water and add it to the pan.Season with little salt, mix well and let the eggplants cook in its own water until its half cooked. This will take around 5 minutes. Now, add in the fenugreek leaves and saute for a minute.Cover the pan and allow the brinjal and methi to completely cook through. Add the turmeric, cumin, coriander, red chilli powder and mix well. Saute the vegetables occasionally and let the water dry out completely.Add the jaggery, amchur powder to Ringan Methi Nu Shaak and mix well. Once the vegetables comes together, switch off the heat.Serve this Ringan Methi Nu Shaak Recipe (Gujarati Style Eggplant and Fenugreek Leaves Sabzi) along with Phulkas, Gujarati Dal and Kachumber Salad for a delicious weekday lunch.",Gujarati Recipes,Lunch,Vegetarian,Gujarati,1,25,4,https://www.archanaskitchen.com/ringan-methi-nu-shaak-recipe-gujarati-style-eggplant-and-fenugreek-leaves-sabzi
Gravel-til Bhakri Recipe (Cesme Crusted Barge Flobard),"3 cups Bajra Flour ( Pearl Millet),1/4 cup Sesame seeds (Til seeds),Salt - to taste,Lukewarm Water - as required","To begin making the Bajri-Til Bhakri, first sift the bajra flour and salt together in a deep mixing bowl.Knead the dough well with 1/4 cup of lukewarm water at a time, until it comes together in a smooth ball. The dough will be similar to what we prepare for Makke Ki Roti.Grease the dough with ghee, cover with a muslin cloth and let rest for 10 minutes.Meanwhile heat tawa over medium heat. Dust your rolling surface with little whole wheat flour.Divide the dough into 6 - 8 equal portions and roll out a portion of the dough into a round and thick roti using your hands. You can shape the roti by pressing out a circle with your fingers as well.Place the roti over the pre-heated skillet and spread a little water on the surface of the bhakri.Now sprinkle some sesame seeds on the surface and press lightly with a flat spatula, so that the seeds stick to the upper part of the roti.Turn over the roti and cook the other side for a few more seconds.Lift the roti tongs and roast over the direct flame till brown spots appear on both the sides.Similarly, prepare the remaining Bajri-til Bhakri and serve it with a dollop of ghee and Bhogichi Bhaji.",Maharashtrian Recipes,Indian Breakfast,Diabetic Friendly,Gujarati,1,40,4,https://www.archanaskitchen.com/bajri-til-bhakri-recipe-sesame-crusted-bajra-flatbread-recipe
Gujarati Wadi Casserole Recipe,"3/4 cup Basmati rice,1/2 cup Badi (wadi),2 Green Chillies - finely chopped,1 sprig Curry leaves,1 tablespoon Chana dal (Bengal Gram Dal),1 tablespoon White Urad Dal (Split),1 teaspoon Mustard seeds,1/2 teaspoon Turmeric powder (Haldi),1/2 teaspoon Lemon juice,1 Asafoetida (hing),Salt - to taste,Sunflower Oil - for cooking","To begin making the Gujarati Wadi Pulao Recipe, wash and soak the rice for 10 to 15 minutes.Heat 2 tablespoons of oil in a wok or a kadai and stir fry the wadi until golden brown in color. Once done, remove the wadi from the oil and keep aside.In the same kadai, heat a teaspoon of oil; add the mustard seeds, urad dal, chana dal and fry until the dals have slightly changed color and are well roasted. Add asafoetida, green chilies and curry leaves and saute for a few seconds.Add the fried wadi, soaked rice and salt. Give it a good stir. Add 2 cups of water and bring the pulao to a brisk boil.Once the rice comes to a brisk boil, turn the heat to low, cover the pan and cook until all the water is absorbed and the rice is completely cooked. Once cooked, turn off the heat and allow the rice to rest for another 10 minutes.After 10 minutes stir in a tablespoon of ghee and the juice from the lemon. Serve Gujarati Wadi Pulao along with Tomato Onion Tadka Raita and a roasted Papad for a weekday meal. You can also pack this in your Lunch Box.",Gujarati Recipes,Lunch,Vegetarian,Gujarati,1,65,4,http://www.archanaskitchen.com/gujarati-wadi-pulao-recipe
Palak Chole Recipe (Spinach & Chickpea Curry),"1 cup Kabuli Chana (White Chickpeas) - soaked overnight,1 cup Spinach Leaves (Palak) - washed and roughly chopped,1 Onion - finely chopped,1 Tomato - finely chopped,1 Green Chilli - slit,1 inch Ginger - grated,2 cloves Garlic - grated,Salt - as per taste,2 teaspoons Garam masala powder,1 teaspoon Turmeric powder (Haldi),1 teaspoon Red Chilli powder,1 teaspoon Coriander Powder (Dhania),1 Bay leaves (tej patta),2 Cardamom (Elaichi) Pods/Seeds","To make Palak Chole Recipe first clean, wash and soak chickpeas in water overnight or atleast 5 - 6 hours.While chickpea is soaked make puree of tomato and green chili using 2 - 3 tablespoon of water in blender.Heat a teaspoon of oil in a pan; add in the chopped spinach and sautee until the spinach is soft and tender. Keep this aside.Note: We cook the spinach separately from the chola, as the cooking times for the chickpeas and spinach are very different. Spinach takes a couple of minutes, while the chola/ chickpeas take 20 to 30 minutes.In a pressure cooker heat oil over medium heat, once oil is heated add in the bay leaf and cardamom pods; saute for 1 minute or until spices start releasing aroma.Now add in chopped onion, ginger and garlic and saute over medium heat until onion turn light brown in color.Once onion is ready add tomato puree, salt, turmeric powder, garam masala, coriander powder, red chili powder until you see the mixture coming together and thickening a little bit. Add the chickpeas along with the water it was soaked in into the masala and stir well. Add in additional water so that the water level is atleast 2 inches above the soaked chola/ chickpeas.Give it a good stir and cover the pressure cooker and place its weight on. Cook the chola in the pressure cooker until you hear 4 to 5 whisles. After 4 to 5 whistles, turn the heat to low and simmer the chola for another 15 minutes and then turn off the heat.Allow the pressure to release naturally. This will take another 15 minutes. Once the pressure releases naturally, open the cooker, add in the sauteed spinach and give it a good stir.Check the salt and spice levels and adjust to suit your taste. Gently mash the chickpeas little bit with the back of the ladle to thicken the gravy little bit and the Palak Chole is ready to be served.Serve the Palak Chole (Spinach & Chickpea Curry) along with a choice of Indian breads for dinner or in the for lunch along with Jeera Rice.",North Indian Recipes,Lunch,High Protein Vegetarian,Punjabi,1,60,4,https://www.archanaskitchen.com/palak-chole-recipe-spinach-chickpea-curry
Gujarati Style Lapsi Recipe - Millet Sweet Pudding,"1 cup Foxtail Millet,1/4 cup Yellow Moong Dal (Split),1 teaspoon Cardamom Powder (Elaichi),1/4 cup Jaggery,1 tablespoon Ghee,2 tablespoons Cashew nuts - broken","To begin making the Gujarati Style Lapsi Recipe, heat a pan on medium heat and roast the yellow moong dal until a lightly roasted aroma is released. Don’t allow the moong dal to turn brown.Place the roasted moong dal and the millet along with jaggery and cardamom into the pressure cooker. Add 2 cups of water, cover the pan, place the weight on and pressure cook until you heat one whistle.After the first whistle, turn the heat to low and simmer for 3 to 4 minutes. After 3 to 4 minutes, turn off the heat and allow the pressure to release naturally. Keep this aside.Now heat a tablespoon of ghee in a small pan and roast the cashew nuts until golden and crisp. Turn off the heat and keep aside.In the final steps to make Lapsi, add the roasted cashew nuts into the cooked millet and dal.Stir well on medium heat for about 5 minutes until the jaggery has got well blended with the millet and dal mixture. The Millet Lapsi is now ready. Turn off the heat and transfer the Lapsi to a serving bowl.Serve the Gujarati Style Lapsi Recipe Recipe as a dessert of after a meal of Steamed Rice, Gujarati Kadhi Recipe - Sweet And Spicy Gujarati Kadhi, Phulkas, Fansi Nu Muthia Nu Shaak",Gujarati Recipes,Dessert,Vegetarian,Gujarati,1,35,4,https://www.archanaskitchen.com/gujarati-style-lapsi-recipe-millet-sweet-pudding
Punjabi Kadhi Pakora Recipe - Delicious Punjabi Kadhi,"1 cup Gram flour (besan),2 Green Chillies - finely chopped,1 Onion - finely chopped,1 Potato (Aloo) - grated,1/2 teaspoon Ajwain (Carom seeds),1/2 teaspoon Cooking soda,Salt - to taste,Water - to combine the ingredients,Sunflower Oil - for deep frying,500 grams Curd (Dahi / Yogurt) - whisked,3 tablespoon Gram flour (besan),1/2 teaspoon Turmeric powder (Haldi),2 Green Chillies - chopped,1/2 inch Ginger - peeled and grated,2 cups Water,Salt - to taste,1 tablespoon Ghee,1/4 teaspoon Mustard seeds,5 Curry leaves,1/2 teaspoon Red Chilli powder,2 Dry Red Chillies,1/4 teaspoon Asafoetida (hing),4 sprig Coriander (Dhania) Leaves","To begin making the Punjabi Kadhi Pakoras lets begin to make pakora mixture in a bowl by combining all the ingredients of pakora together except water. Add a little water at a time to the dry ingredients and mix well until all the ingredients come together to make a thick batter.Heat a Kuzhi paniyaram Pan, drizzle some oil in each cavities. Once the oil is heated, take a small portion of batter in spoon or finger and drop them into each cavities.Fry the pakoras on medium heat until pakoras turn golden brown from outside. Flip it on the other side as well. Once done transfer to a plate lined with a paper napkin. Set the pakoras aside while you prepare Kadhi.To prepare Kadhi, whisk the yogurt along with the gram flour until well combined. Add 2 cups of water and whisk again. Whisk thoroughly to ensure there are no lumps. Add in the spices, salt, chopped green chili, grated ginger to this gram flour mixture. Stir once again to combine the ingredients.Pour the kadhi mixture in a heavy bottomed saucepan and heat it over medium heat. Once punjabi Kadhi starts simmering stir to avoid lump formation.Once it has begun to boil, turn the heat to low and simmer for about 20 minutes, stirring occasionally. Now add fried pakoras to it and simmer the punjabi kadhi pakora further for 5 minutes. Turn off the heat. For tempering the punjabi kadhi pakora, add a tablespoon of ghee into a saucepan on medium heat.Add the mustard seeds, once seeds crackle add the curry leaves, red chilies and fry for 1 minute until roasted. Now add asafoetida, red chili powder and stir to combine. Turn off the heat.Pour this seasoning over the Punjabi Kadhi Pakora. Garnish with coriander leaves and serve.Serve the Punjabi Kadhi Pakora along with Phulka Recipe (Roti/Chapati), Carrot Cucumber Tomato Salad and Kaddu Simla Mirch Sabzi.",Punjabi,Dinner,Vegetarian,Punjabi,1,50,4,https://www.archanaskitchen.com/kadhi-pakoras-creamy-yogurt-curry-with-fried-dumplings-recipe
Raw Mango Dhokla Recipe Topped With Sweet Mango Chutney,"1 Mango (Raw) - peeled and chopped,1/2 teaspoon Mustard seeds,2 Dry Red Chillies,1 teaspoon Panch Phoran Masala,1/2 teaspoon Cumin seeds (Jeera),1/2 teaspoon Fennel seeds (Saunf),1/4 teaspoon Kalonji (Onion Nigella Seeds),1/4 teaspoon Methi Seeds (Fenugreek Seeds),1/2 teaspoon Mustard seeds,2 tablespoons Sunflower Oil,1/4 cup Jaggery - (adjust),1 teaspoon Salt,1 cup Gram flour (besan),1/2 teaspoon Turmeric powder (Haldi),1/2 teaspoon Salt,1 teaspoon Sugar,1 teaspoon Enos fruit salt,1/2 cup Mango (Raw) - grated,1 tablespoon Sunflower Oil","To begin making the Raw Mango Dhokla Recipe Topped With Sweet Mango Chutney, we will first make the chutneyIn a pressure cooker, add mustard seeds and dried red chillies.Then add the mango pieces, jaggery, panch phoran salt and turmeric powder. Add little water and cook the mangoes for 3 to 4 whistles.Once done, open the cooker and check the salt and spices and adjust accordingly. Keep the Sweet and Spicy Mango Chutney aside.The next step is to make the Raw Mango DhoklaIn a bowl, add besan, salt, sugar, turmeric powder, and add water and mix it well to make a thick Khaman Dhokla Batter. Stir in the grated raw mangoes, oil and the eno's fruit salt.The Raw Mango Khaman Dhokla batter should be of idli batter consistency.Now grease a dhokla plate with oil and also preheat the dhokla steamer with water and keep ready.Spoon the Raw Mango Dhokla Batter into the dhokla plates, place them in the steamer and steam the dhokla on high heat for about 10 to 12 minutes until done.When you insert a knife inside, it should come out clean. Turn off the heat and allow the Raw Mango Dhokla to cool down. Now, once the Raw Mango Dhokla is cooled, loosen the sides and invert the bowl to unmold dhokla on a plate and cut them into diamonds.Place them on a serving platter and spoon the Sweet and Spicy Raw Mango Chutney over the dhokla and serve.The Raw Mango Dhokla Recipe makes a great party starter recipe or even serve for an evening snack during the summers.",Gujarati Recipes,Snack,High Protein Vegetarian,Gujarati,1,60,5,https://www.archanaskitchen.com/raw-mango-dhokla-recipe-topped-with-sweet-mango-chutney
Vatana Bateta Na Rotla Recipe - Gujarati Peas and Potato Roti,"4 Potatoes (Aloo) - boiled and grated,1 cup Green peas (Matar) - coarsely ground,3/4 cup Rice flour,1/2 cup Fresh coconut - finely grated,1/4 cup Coriander (Dhania) Leaves - finely chopped,3 Green Chillies - finely chopped,2 inch Ginger - grated,1 teaspoon Sugar,2 teaspoon Lemon juice,1 tablespoon Sesame seeds (Til seeds),1/2 teaspoon Turmeric powder (Haldi),1/4 teaspoon Asafoetida (hing),Sunflower Oil - as needed,Salt - to taste","To begin making the Vatana Bateta Na Rotla Recipe, in a mixing bowl, add the rice flour and add 1 tablespoon oil to it. Using your hand rub the oil to the flour to make a coarse crumb like mixture.Add the grated potatoes, grated coconut, green chili, ginger, coriander leaves, lemon juice, sesame seeds, sugar, salt, turmeric powder and asafetida. Combine all the ingredients, check the salt and adjust to suit your taste. Now add the coarsely ground peas to the mixture and give it a gentle mix.Place a flat non stick skillet pan on medium heat and add 1 or 2 tablespoons oil. Once the oil heats up, put the Vatana Bateta No Rotla mixture in the pan and flatten it down so that the mixture fills up the pan, touches the sides of the pan.Allow it to cook so that it forms a golden crust. once you notice the rotla is getting set and is getting baked in the pan, using a flat spatula and flip to cook on the other side. (It's tricky but you should be able to get it right with practice).Let the crust form on the other side as well. If necessary add few drops of oil on the sides of the Rotla.We are looking for even golden crust on all sides, once that is done allow the Rotla to rest for a few minutes in the pan.Transfer the Vatana Bateta Na Rotla to a plate and serve warm by cutting into squares or wedges.Serve the Vatana Bateta Na Rotla Recipe qualifies to be an absolutely guilt free tea time snack along with Green Chutney and Date Tamarind Chutney and a cup of Masala Chai.",Gujarati Recipes,Snack,Vegetarian,Gujarati,1,60,4,https://www.archanaskitchen.com/vatana-bateta-no-rotla-recipe-gujarati-peas-and-potato-cake
Punjabi Style Lobia Masala Recipe (Black Eyed Peas Masala),"2 cups Black Eyed Beans (Lobia) - boiled,2 tablespoons Sunflower Oil,1 tablespoon Cumin seeds (Jeera),1 tablespoon Fennel seeds (Saunf),1 inch Cinnamon Stick (Dalchini),1 Onion - finely chopped,2 Green Chillies - slit in between,1 tablespoon Ginger Garlic Paste,1 tablespoon Red Chilli powder,1 tablespoon Turmeric powder (Haldi),1 tablespoon Salt,1 tablespoon Coriander Powder (Dhania),1 tablespoon Garam masala powder,1/2 tablespoon Cumin powder (Jeera),1/2 tablespoon Sugar,1/2 tablespoon Tamarind Paste,1/2 cup Homemade tomato puree,1/2 cup Milk","To begin making the Punjabi Style Lobia Masala recipe, heat oil in a wok/kadai.Add cumin seeds, fennel seeds, cinnamon and saute for a minute. Add onion and green chillies.Add ginger garlic paste and saute them till onion turn golden in colour.Add all dry spices including turmeric powder, red chilli powder, garam masala, coriander powder, cumin powder, sugar, salt and tamarind paste. Mix it well and add tomato puree.Cook mixture till oil separates from it. Add cooked black eyed peas(lobia) and mix well. Cook for 2-3 minutes.Add milk and mix well. Cook on slow heat for 5 minutes. Lobiya is ready to serve.Serve Punjabi Style Lobia Masala along with Phulka and Kachumber Salad for a weekday lunch or dinner.",Punjabi,Lunch,High Protein Vegetarian,Punjabi,1,165,4,https://www.archanaskitchen.com/punjabi-style-lobia-masala-recipe-black-eyed-peas-masala
Upar Ghee Laddu Recipe - Whole Wheat Flour & Banana Squares,"2 Cups Whole Wheat Flour,1 tablespoon Sunflower Oil,1 tablespoon Ghee,Water - for kneading,1/3 cup Jaggery,1/4 cup Ghee,2 Ripe Bananas - peeled and chopped,2 tablespoons Caster Sugar - (powdered sugar) (adjust)","To prepare Uparghi Laadu Recipe, combine the whole wheat flour, oil and ghee in a deep bowl and knead into a stiff dough adding water gradually. Dough should be firm, hard and stiff. It should not be soft and sticky.Divide the dough into 4 equal portions and make balls out of it.Dust a little flour and roll out the dough into a circle of medium thickness like that of a bhakhri. Prick with the help of a fork or make small cuts with a knife.Traditionally bhakris for this ladoo are cooked on an earthen tawa. But if we don’t have one, we can make them on a non stick tava/griddle.Heat a tawa and place the bhakri. Cook on a low to medium flame from both sides till golden brown spots appear on it. While cooking, press it with the help of a flat spoon or spatula. Make all the 4 bhakris like this.Let them cool down. Once it cools down, make small pieces with hands and put them into a mixer jar and grind. Once it is coarsely crushed, add jaggery and grind again to make a smooth mixture.Take out the mixture in a wide bowl and add chopped bananas to it. Mix well. Heat ghee in a small pan. Now add melted ghee and mix everything well by hand. Be sure jaggery and ghee are blended well with the mixture.In a greased plate, spread the mixture evenly.Sprinkle powdered sugar on it.Cut into square or diamond shaped pieces with a knife.Uparghi Laadu Recipe can be stored for 1-2 days at room temperature and 2-3 in refrigerator.",Gujarati Recipes,Dessert,Vegetarian,Gujarati,1,40,3,http://www.archanaskitchen.com/uparghi-laadu-recipe-whole-wheat-flour-banana-squares
Kasuri methi leaves recipe,"400 grams Kabuli Chana (White Chickpeas) - soaked overnight and boiled,1/2 cup Kasuri Methi (Dried Fenugreek Leaves),2 Tomatoes - pureed,8 Cashew nuts,1/2 teaspoon Red Chilli powder,1/2 teaspoon Turmeric powder (Haldi),1 teaspoon Garam masala powder,1 Bay leaf (tej patta),1 tablespoon Sunflower Oil,1 Green Chilli - finely chopped for garnish,Salt - to taste,1 Cinnamon Stick (Dalchini),3 Cloves (Laung),1 teaspoon Cumin seeds (Jeera),2 tablespoons Coriander (Dhania) Seeds","To begin making the Kasuri Methi Chole Recipe, wash and soak the chickpeas overnight and pressure cook for 3 whistles using a pressure cooker and keep aside.Make a smooth puree of the tomatoes and keep aside.Take a pan, dry roast the ingredients mentioned in the spice mix table on low flame till aromatic and grind it to a coarse mix using a mixer grinder and keep aside.Add oil to the same pan, add the bayleaf, tomato puree, turmeric and red chilli powder and saute for 2 to 3 minutes until the oil separates out.Now, make a smooth paste of the cashew using a mixer grinder with little water.Add the cashew paste, garam masala and the ground spice mix to the pan and saute until everything comes together.Now, add the kasuri methi, boiled chickpeas and water to your desired consistency.Season with salt and let the gravy simmer for 10 minutes till it become thick and switch off the flame.Garnish with chopped green chillies and serve hot.Serve the Kasuri Methi Chole Recipe, along with Phulkas and Palak Raita for the weeknight dinner.",Punjabi,Lunch,High Protein Vegetarian,Punjabi,1,35,4,http://www.archanaskitchen.com/kasuri-methi-chole-recipe
Batata Nu Shaak Recipe,"4 Potatoes - peel and chop, 1 inch ginger - tighten, 2 tomato puree, 1/2 teaspoon cumin seeds, 1/4 teaspoon mustard, 1/2 teaspoon turmeric powder, 1/4 teaspoon asafoetida, 1 teaspoon Red chili powder, 1 teaspoon coriander powder, 2 teaspoons oil, 1 green coriander - finely chopped, black salt or rock salt - as per taste, salt - as per taste, Black Salt (Kala Namak) - to taste, Salt - to taste","To make batata nu shak, first heat oil in a pan. Add mustard seeds, cumin, cinnamon and let it cook for 30 seconds. Add asafetida, turmeric powder, red chili powder, ginger, tomato puree and let it cook for 2 minutes. Now add coriander powder, garam masala powder, potato, salt, black salt and 2 cups of water. Allow to boil and then cover the pan. Let it cook for 15 minutes or until the potatoes are soft. After cooking, mash some potatoes to make the gravy thicker. Garnish with green coriander after cooking and serve. Serve batata nu shak with boondi raita and puri for dinner.",Gujarati Recipes,Lunch,Vegetarian,Gujarati,1,55,4,https://www.archanaskitchen.com/batata-nu-shaak-recipe-in-hindi
Karela Muthia Recipe - Bitter Gourd Steamed Dumplings,"3 Karela (Bitter Gourd/ Pavakkai) - peeled and grated,4 tablespoons Gram flour (besan),2 tablespoons Rice flour,2 tablespoons Jowar Flour (Sorghum) - white millet flour,1/2 teaspoon Ginger - grated,1/2 teaspoon Garlic - chopped,1/2 teaspoon Green Chilli Paste,2 pinch Cooking soda,1/2 teaspoon Turmeric powder (Haldi),1/2 teaspoon Cumin powder (Jeera),1/2 teaspoon Garam masala powder,Salt - as required,1 teaspoon Cumin seeds (Jeera),1/2 teaspoon Mustard seeds,1 teaspoon Sesame seeds (Til seeds),2 Dry Red Chillies,Sunflower Oil - as required","To begin making the Karela Muthia Recipe, wash karelas and grate them along with the peel.Squeeze the grated karela with hand to remove excess water content and collect the greens in a mixing bowl.Add besan, jowar atta, rice atta, ginger, garlic, green chilli paste, cooking soda, turmeric powder, cumin powder, garam masala powder, salt and mix with a hand whisk.Now slowly add little water and knead to make a firm dough. Grease your palm and divide the dough into four equal portions.Roll each portion between your palm to shape into a thick log. Make four logs and keep aside.Heat water in a steamer (Idli or Dhokla steamer) and place the logs on the steamer plate and steam for 15 minutes or more till the flour cooks well.Remove and keep aside to cool. Cut into 1 inch pieces and collect them in a bowl.For tempering, heat oil in a tadka pan and add cumin, mustard seeds, dry red chilies and asafoetida and allow them to splutter.Now add the muthia pieces and shallow fry them for 5 to 6 minutes.Serve Karela Muthia as a snack along with Green Chutney with a cup of Punjabi Style Espresso Coffee Recipe for your evening.",Gujarati Recipes,Snack,Vegetarian,Gujarati,1,35,4,http://www.archanaskitchen.com/karela-muthia-recipe-bitter-gourd-steamed-dumplings
Amritsari Ajwaini Paneer (Recipe In Hindi),"1 cup cup cheese, 1 cup tomato puree, 1 onion - finely chopped, 2 cloves garlic, 1 green chili, 1 inch ginger, 5 cashews, 2 long, 1 teaspoon celery, 1 teaspoon garam masala powder, 1 teaspoon turmeric Powder, 1-1 / 2 teaspoon coriander powder, 1/2 teaspoon red chilli powder, 1/2 teaspoon sugar, salt, 1 tablespoon oil, coriander - chopped","To make Amritsari Ajwaini Paneer, first of all, add onion, garlic, ginger and green chilli in a mixer grinder and make a paste. Keep it aside. Now in a mixer grinder add some water with cashew nuts and make a paste. Keep it aside. Now add celery and long pieces in a hamadasta and grind it. Heat oil in a pan. Add onion paste to it and cook for 3 minutes. Now add turmeric powder, ground spice and garam masala and cook for 2 minutes. Now add tomato puree, coriander powder, red chili powder and salt. Cover the pan and cook it for 4 to 5 minutes. After this add cashew paste, sugar and cook for 1 minute. Now add cottage cheese and garnish with green coriander. Serve Amritsari Ajwaini Paneer with Onion Thepla and Coriander Mint Chutney.",North Indian Recipes,Side Dish,Vegetarian,Punjabi,1,60,4,http://www.archanaskitchen.com/amritsari-ajwaini-paneer-recipe-in-hindi
Cranberry Whole Wheat Naan Recipe,"2-1/4 cups Whole Wheat Flour - extra for dusting,1-1/2 teaspoons Active dry yeast,1 teaspoon Sugar,100 grams Curd (Dahi / Yogurt),150 ml Lukewarm Water,2 teaspoon Salt,2 tablespoon Sunflower Oil,Ghee - or butter as needed,1/4 cup Prune Spread,100 grams Cranberries,1 teaspoon Black sesame seeds,1 teaspoon Badam (Almond) - flaxes (optional)","To begin the preparation of Cranberry and Prune Chutney Whole Wheat Naan Recipe, take yeast and sugar in a bowl and pour luke warm water and let it sit for 5 minutes until the yeast starts bubbling. If the yeast doesn’t react discard it and start another batch.In another bowl, add flour, salt, oil and mix with your fingers, make a well in the center and pour in the frothy yeast mixture and yogurt. Mix well. We just want all the dry flour to be wet. The dough will be sticky.Thoroughly clean the counter surface, rub your fingers with little flour, transfer the dough onto the counter and start kneading. Initially it will be sticky. Knead until smooth, soft and shiny.The kneading should be “stretch, fold back” movements. Do not add too much flour while kneading. We need flour just to rub your fingers with in case dough is very difficult to handle. If you add more flour, the naan might not turn soft.Place the dough into a bowl rub oil all over the dough, and cover it with a damp cloth. Set it aside for 1 – 1.5 hours, for the dough to prove. After 1-1.5 hours the dough would have risen and it would be double the size.In the meanwhile, soak the cranberries in water for about 30 minutes. Then chop into smaller pieces. Check how to make the prune chutney by clicking on the link Spiced Prune Chutney Recipe.Once the dough is proven, knock it down (punch it with your fist), this is done to release all the air that would have collected. Gently knead for another 2 minutes.Divide the dough into equal parts (I made 4 large balls). Dust a little flour if needed to roll and press the dough.Sprinkle chopped cranberries, and spread the Spiced Prune Chutney. You can add the cranberries later also on top over the tawa. Now bring the edges to the center sealing the stuffing in the center. Now roll the naan into any desired shape making sure not to break the stuffing out of the naan. Sprinkle some black sesame and few almond flakes on top.Heat a tawa. Grease it well with ghee. Place the rolled naan and cook covered on low flame. You will see the naan bubbling up.Turn the naan the other side and rub ghee generously and cook. Keep turning naan once in 30 seconds to 1 minute on both sides until all edges are cooked and naan is browned on both sides. Remove from tawa and again rub ghee generously on top. Repeat the process for the remaining dough.Serve the Cranberry and Prune Chutney Whole Wheat Naan Recipe along with some Smoked Dal Makhani Dhaba Style Recipe to enjoy your rich Sunday meal.",North Indian Recipes,Lunch,Vegetarian,Punjabi,1,70,4,https://www.archanaskitchen.com/cranberry-and-prune-chutney-whole-wheat-naan-recipe
Lobia Masala (Recipe In Hindi),"1 cup cowpea, 1/4 cup tomato puree, 1 teaspoon cumin seeds, 1 inch ginger - peel and tighten, 1 green chili - finely chopped, 1 teaspoon turmeric powder, 1 teaspoon coriander powder, 1 teaspoon red chilli Powder, 1 teaspoon sugar, 1 teaspoon lemon juice - or tamarind water, 1 tablespoon oil, salt - as per taste, coriander leaves - little (for garnish)","To make lobia masala, first soak the lobia in water for 2 hours. Now put them in a pressure cooker with 1 cup of water and cook till it becomes soft. After cooking, drain the water and keep it aside. Now heat oil in a pan. Add grated ginger and cook for 20 seconds. After 20 seconds, add tomatoes and cook till the tomatoes become soft. After softening, add turmeric powder, coriander powder, garam masala powder, green chillies, salt and cowpea. Mix, reduce the heat and let it cook for 15 minutes. After that add lemon juice and garnish with green coriander. Serve the Lobiya Masala with Bundi Raita and Tawa Paratha for dinner.",Punjabi,Lunch,High Protein Vegetarian,Punjabi,1,45,3,https://www.archanaskitchen.com/lobia-masala-recipe-in-hindi
Whole Wheat Methi Garlic Naan Recipe | Oven Method with yeast,"2 cups Whole Wheat Flour,2 teaspoons Active dry yeast,1 teaspoon Salt,1 teaspoon Sugar,6 cloves Garlic - finely chopped,100 grams Methi Leaves (Fenugreek Leaves) - finely chopped,1/4 cup Curd (Dahi / Yogurt),1 tablespoon Sunflower Oil,Butter - for greasing Naan","To begin making the Whole Wheat Methi Garlic Naan recipe, first prep all the ingredients and keep them ready.Into a large mixing bowl, add the flour, salt, sugar and yeast. Combine all the dry ingredients.Make a well in the center, add the Methi leaves, garlic, yogurt and little lukewarm water at a time and knead well to make smooth dough.Drizzle a little oil on the top and knead until the dough is smooth for about 3 to 4 minutes.Cover the dough with a lid or a kitchen towel and allow the dough to rise in room temperature for at least 2 hours until it has risen in size.Once the dough has risen, we will now prep for baking the Naan.Preheat the oven to 250 C for about 20 minutes.In this 20 minutes, we will roll the dough out into ovals and allow it to rest for 15 minutes.Divide the dough into 10 to 12 portions. Dust in flour and roll into an oval of 1/4 inch thickness.Place the rolled Whole Wheat Methi Garlic Naan into a greased and dusted baking sheet and continue the remaining process of the remaining dough.Cover the rolled dough with a kitchen towel.Allow the dough to rest for about 15 to 20 minutes in the baking sheet.Once rested and the oven is well preheated, place the Whole Wheat Methi Garlic Naan in the oven and bake on high heat for about 10 to 12 minutes until you notice the golden crust on the top.Once the Whole Wheat Methi Garlic Naan has a golden crust, remove from the oven and smear it with butter and serve hot.Serve the Whole Wheat Methi Garlic Naan recipe along with Matar Paneer and Dal Makhani for a wholesome lunch or dinner.",North Indian Recipes,Dinner,Vegetarian,Punjabi,1,140,12,http://www.archanaskitchen.com/whole-wheat-methi-garlic-naan-recipe-oven-method-with-yeast
Hariyali Paneer Tikka Masala Gravy Recipe -No Onion No Garlic Recipe,"250 grams Paneer (Homemade Cottage Cheese) - cut into an inch lengthwise,1 teaspoon Fennel seeds (Saunf),2 Green Chillies - finely chopped,50 grams Coriander (Dhania) Leaves - finely chopped,20 grams Mint Leaves (Pudina) - finely chopped,2 Tomatoes - pureed,1 inch Ginger - finely chopped,1 inch Cinnamon Stick (Dalchini),2 Cardamom (Elaichi) Pods/Seeds,1 Bay leaf (tej patta),1/2 teaspoon Garam masala powder,1/2 teaspoon Chaat Masala Powder,1/4 cup Fresh cream,Salt - to taste,1 tablespoon Butter - to cook","To begin making the Hariyali Paneer Tikka Masala Gravy ,coarsely grind the fennel seeds, coriander, mint, ginger and green chillies in a blender along with some water.Heat butter in a pan, add spices - cinnamon, bay leaf, and cardamon pods and then the tomato puree. Cook until the raw smell of the tomato goes away.Add the ground green masala ingredients, and the garam masala and chaat masala, saute the masala for a few minutes on low heat. Cover the pan and allow the hariyali masala gravy to cook through. This will take about 4 to 5 minutes.Once done, stir in the cream and paneer. Check the salt and spices and adjust to suit your taste. Simmer for 3 more minutes so the paneer absorbs the flavors of the masala.Once done, turn of the heat and serve.Serve your exotic Hariyali Paneer Tikka Masala Gravy with Phulka or Garlic Naan and Boondi Raita Recipe Spiced With Black Salt",North Indian Recipes,Lunch,High Protein Vegetarian,Punjabi,1,45,4,https://www.archanaskitchen.com/hariyali-paneer-tikka-masala-gravy-recipe-no-onion-no-garlic-recipe
Pomegranate Flavoured Stuffed Khandvi Recipe,"1/2 cup Gram flour (besan),1/2 cup Curd (Dahi / Yogurt),1 cup Pomegranate juice,1-1/2 teaspoon Red Chilli powder,Salt - to taste.,2 tablespoons Paneer (Homemade Cottage Cheese) - grated,2 tablespoons Fresh coconut - grated,1-2 teaspoons Sugar,1 Green Chilli - chopped,1 tablespoon Coriander (Dhania) Leaves - finely chopped,1/2 teaspoon Sesame seeds (Til seeds),Salt - to taste,1/2 tablespoon Sunflower Oil,1 teaspoon Mustard seeds,Asafoetida (hing) - a pinch,1 Green Chilli - chopped,Coriander (Dhania) Leaves - Few sprigs chopped,Fresh coconut - grated","To begin making Pomegranate Flavoured Stuffed Khandvi, in a mixing bowl, combine the paneer, along with fresh coconut, sugar, green chilli, cilantro, sesame seeds and salt to taste. The next step is to make the Pomegranate Khandvi.In a mixing bowl, combine besan, yogurt, pomegranate juice, red chilli powder and salt to taste.Using a whisk, mix well to form a smooth batter.Rest it for about 20-25 minutes. After this cook the mixture in a pan and stir constantly so that no lumps are formed. Cook it till it becomes really thick and soft.Once it is very thick, spread just a little on the kitchen counter to check the batter is ready or not). If you are able to roll it than the batter is ready. If not, then cook it for some more time.Once the batter is ready, spread it on the kitchen counter or on the greased inverted Thali. Spread into a thin layer using a bowl or a palette knife. Once it is cool, cut it into strips. Once it is done spread the stuffing mixture all over the khandvi and roll them tightly.Heat 1 tablespoon of oil in a pan and add mustard seeds, chopped green chillies and asafoetida.When they splutter, pour it over the Pomegranate flavoured khandvi. Garnish it with chopped cilantro and grated coconut.Serve Pomegranate flavoured khandvi with Dhaniya Pudina Chutney and hot Masala Chai.",Gujarati Recipes,Snack,Vegetarian,Gujarati,1,50,4,http://www.archanaskitchen.com/pomegranate-flavoured-stuffed-khandvi-recipe
Aloo Beans Sabzi Recipe - Potato & Beans Stir Fry,"3 Potatoes (Aloo) - boiled,250 grams Green beans (French Beans) - chopped and steamed,1 teaspoon Mustard seeds,1 teaspoon Cumin seeds (Jeera),1 teaspoon Coriander Powder (Dhania),1/2 teaspoon Turmeric powder (Haldi),1 pinch Asafoetida (hing),1/4 teaspoon Red Chilli powder - according to taste,1 sprig Curry leaves,Sunflower Oil - for cooking","To begin making the Aloo Beans Sabzi Recipe, we will first cook the potatoes and beans separately.See video recipe of how to cook the potatoes in a pressure cooker and beans in a pressure cooker.Once the potatoes are cooked, allow it to cool and remove the skin and dice them into chunks. Keep the steamed beans and potatoes aside while we proceed to make the masala for the sabzi.Heat a teaspoon of oil in a heavy bottomed pan; add the mustard seeds and cumin seeds and allow them to crackle. Next add the chopped curry leaves, turmeric powder, asafoetida powder, coriander powder, red chilli powder to the oil. Stir for a few seconds. Finally add the cooked potatoes and steamed green beans into the sabzi masala, sprinkle salt and give it a stir. Cover the pan, turn the heat to low and simmer the Aloo Beans Sabzi for about 3 to 4 minutes, so all the masalas get well coated with the sabzi. Check the salt and spice levels, and adjust to suit your taste.Transfer the Aloo Beans Sabzi to a bowl and serve it along with Gujarati Dal and Phulka's for a wholesome weeknight dinner or even a weekend brunch with family.",Gujarati Recipes,Lunch,Vegetarian,Gujarati,1,40,4,http://www.archanaskitchen.com/aloo-beans-sabzi-recipe-potato-beans-stir-fry
Masala Jowar Bhakri Recipe,"1 cup Jowar Flour (Sorghum),1 Onion - finely chopped,1 Green Chilli - finely chopped,Coriander (Dhania) Leaves - a handful,1 sprig Curry leaves - finely chopped,1 teaspoon Sesame seeds (Til seeds),1/2 teaspoon Ajwain (Carom seeds),2 teaspoons Sunflower Oil,Salt - to taste","To begin making Masala Jowar Bhakri Recipe, in a large mixing bowl, add the jowar flour, salt and mix well.Add the chopped onions, green chillies, coriander leaves, and curry leaves to the bowl and mix well.Pour warm water little by little to make a smooth and soft dough. Divide the dough into equal size balls.Grease a tava with oil and heat.Take one ball and place it on the greased tava.Wet your fingers and spread the dough to make a bhakri.Place the tawa on medium heat and drizzle oil on the sides of the bhakri.Once the bhakri starts to brown on the sides, flip them.You can cover and cook the other side for another 2-3 minutes.Remove the bhakri from the tawa and hold the back of the tawa under running water to cool it down.Once the tava is cool, grease and repeat the above process for the remaining dough.Healthy, nutritious and wholesome Masala Jowar Bhakri is ready to be served.Serve with Hurali Kalu Chutney Recipe, Paruppu Thogayal Recipe or a tangy gravy like Senai Kizhangu Ghostu Recipe.",Maharashtrian Recipes,Indian Breakfast,Gluten Free,Gujarati,1,35,2,http://www.archanaskitchen.com/masala-jowar-bhakri-recipe
Vegan Godhi Payasa Recipe - Lapsi Kheer,"1 cup Broken Wheat (Dalia/ Godumai Rava),3 tablespoons Coconut Oil - virgin oil,3 Cardamom (Elaichi) Pods/Seeds - crushed finely,10 Cashew nuts,10 Badam (Almond),2 teaspoons Poppy seeds,1/4 cup Fresh coconut - grated,1-1/4 cup Jaggery","To begin making the Vegan Godhi Payasa recipe, soak almonds and cashews in water for an hour.Grind almonds (peeled), cashews, poppy seeds and coconut with little water into a smooth paste in a mixer grinder.Wash and soak the broken wheat in water for 1 hour. Drain the broken wheat using a colander and squeeze excess water with your hands.Heat coconut oil in a heavy bottomed pan on low flame, and add the broken wheat and saute it until it is fluffy and starts to turn golden.Next, add the jaggery and stir it around for a couple of minutes until the broken wheat absorbs the sweetness, add the crushed cardamom. Once the pan loses moisture and starts to catch the bottom, add 3 cups of water, cover and cook on medium heat until 90 percent of the water is absorbed. Now, add the above prepared nut paste, mix it all together and cook for 3 to 4 minutes. Add some water if required to adjust the consistency according to your preference. Serve hot or chilled.You can garnish with dried fruit and nuts if you wish, since we use the nut paste and the texture of the Broken wheat is quite nutty you will not miss any dry fruit garnish.Serve Vegan Godhi Payasa as a dessert after your meal of Mixed Vegetable Sambar, Steamed Rice, Carrot And Beans Thoran and Elai Vadam..",South Indian Recipes,Dessert,Vegetarian,Gujarati,1,170,3,http://www.archanaskitchen.com/vegan-godhi-payasa-recipe-lapsi-kheer
Khaman Dhokla Poha Recipe,"2 cups Khaman dhokla - crumbled,1 Onion - finely chopped,1 tablespoon Mustard seeds,2 Green Chillies - finely chopped,1/4 teaspoon Asafoetida (hing),1/4 cup Fresh coconut - grated,Coriander (Dhania) Leaves - Few sprigs finely chopped,Sunflower Oil - for cooking","To begin making the Khaman Dhokla Poha Recipe, use leftover dhokla.Here is the recipe for the Khaman Dhokla Recipe if you would like to make this recipe with fresh Khaman Dhokla. Once the dhoklas cool down, crumble the dhoklas and keep aside.Heat oil in a heavy bottomed pan and when the oil is hot, add mustard seeds and let them splutter.Once the seeds have spluttered add asafoetida, curry leaves and green chillies and saute them for a few seconds.Next, add some chopped onions and saute them for a minute till they become soft and translucent.Once done add grated coconut, salt to taste and saute for a minute.After a minute add the crumbled dhoklas to the pan, stir well to combine. Turn off the heat and garnish with coriander leaves and serve.Serve Khaman Dhokla Poha with Pudina Chutney and a cup of Masala Chai.",North Indian Recipes,North Indian Breakfast,Vegetarian,Gujarati,1,45,4,http://www.archanaskitchen.com/khaman-dhokla-poha-recipe
Sprouted Ragi & Rajma Cutlets Recipe,"1 cup Rajma (Large Kidney Beans) - soaked in water,1/2 cup Sprouted Ragi,2 Potatoes (Aloo) - peeled and boiled,2 Green Chillies,1 teaspoon Turmeric powder (Haldi),1 teaspoon Coriander Powder (Dhania),1 teaspoon Garam masala powder,1 teaspoon Amchur (Dry Mango Powder),4 tablespoons Makki Ka Atta (Yellow Corn Meal Flour),2 sprig Coriander (Dhania) Leaves - chopped,1/4 cup Milk,1/2 cup Whole Wheat Bread crumbs,Salt - to taste,Sunflower Oil","To begin making the Sprouted Ragi & Rajma Cutlets Recipe, we will first sprout ragi, soak ragi in water overnight and drain all the water.Spread the ragi on to a damp cloth and cover it another damp cloth and leave it aside for a day. You need to keep the ragi in an environment that is little humid. This will help in sprouting the ragi.Once the ragi is sprouted keep it aside to make the cutlet. Cook the soaked rajma and potatoes in a pressure cooker with enough water for about 5 whistle.Allow the pressure to release naturally and drain any excess water. Mash the potatoes and rajma using a potato masher to a coarse paste.Grind the sprouted ragi, green chilli and coriander leaves in the mixer to a coarse paste and add this also to the mashed mixture.Add all the spice powders including turmeric powder, coriander powder, garam masala powder, amchur with salt and corn meal. Mix to form the cutlet mixture.Make round cutlets of the same and keep them aside. Now one by one, dip them into the milk and coat with the bread crumbs.Heat oil in a skillet. Put the round cutlets on the tawa and fry them from both the sides till they turn crisp and golden brown.Serve the Sprouted Ragi & Black Eyed Peas Cutlets Recipe along with Dipping Sauce, Tomato Ketchup to enjoy the cutlet. You can also serve it along with some Masala Chai Recipe - Indian Spiced Tea.",North Indian Recipes,Appetizer,High Protein Vegetarian,Punjabi,1,55,4,https://www.archanaskitchen.com/sprouted-ragi-rajma-cutlets-recipe
Lapsi Recipe - Sweetened Gujarati Broken Wheat,"1 cup Broken Wheat (Dalia/ Godumai Rava),1 cup Jaggery,1/2 teaspoon Cardamom Powder (Elaichi),1/4 cup Raisins,1/4 cup Cashew nuts - broken,2 tablespoons Ghee","To begin making the Lapsi Recipe, dissolve the jaggery in 2 cups of hot water, strain to remove any residue and set aside.Heat one tablespoon of ghee in a pan on medium heat; add the cashew nuts and roast until the color changes to light golden. Turn off the heat and keep the roasted cashew nuts aside.Heat another tablespoon of ghee in a wide pan on medium heat; stir in the broken wheat and roast the wheat until it gets a roasted aroma and the color changes to golden orange.Pour in the jaggery mixture and cardamom powder stirring continuously until well combined. Reduce the heat to low and cover the pan with a lid and simmer for 10 minutes; stirring occasionally until the wheat is cooked to tender.When done the grains should be separate and not mushy and sticking together. Allow the Lapsi to rest covered for five minutes. Stir in the cashew nuts and the raisins to the above mixture and serveServe the Lapsi warm as a Dessert or a sweet for special occasions.",Gujarati Recipes,Dessert,Vegetarian,Gujarati,1,50,4,http://www.archanaskitchen.com/lapsi-recipe
Rawalpindi Style Chole Recipe,"1 cup Kabuli Chana (White Chickpeas),2 Onion - finely chopped,1 Tomato - finely chopped,5 cloves Garlic,1/4 inch Ginger,1 Green Chilli - slit,2 tablespoon Coriander (Dhania) Seeds,2 tablespoon Anardana Powder (Pomegranate Seed Powder),1 teaspoon Cumin seeds (Jeera),2 tablespoon Cumin powder (Jeera),2 tablespoon Red Chilli powder,1 tablespoon Turmeric powder (Haldi),1 teaspoon Amchur (Dry Mango Powder),1 tablespoon Garam masala powder,1 Black tea - bag,4 tablespoon Ghee,Salt - to taste","To begin making the Rawalpindi Style Chole recipe, firstly soak the chickpeas in water overnight or for about 6-7 hours.After soaking, pressure cook the chickpeas in cooker by adding 1/4 teaspoon salt and a tea bag. Pressure cook for 8 to 10 whistles.After pressure cooking, discard the tea bag, drain and retain water in which the chickpeas were pressure cooked. Slightly mash half of the boiled chickpeas and keep them aside.Dry roast the coriander seeds and pomegranate seeds. After cooling, add them to a grinder and powder them. Keep it aside.Heat a kadhai and add ghee. When ghee gets melted, add cumin seeds and let them crackle.After the cumin seeds crackle, add onion and fry till onion turns pinkish. Crush the garlic and ginger using mortar pestle and make a paste.Add this to the onion in the kadhai and saute till the raw smell of garlic goes away. Add green chili and saute for a few seconds.Now add tomato and saute till tomato turns mushy. Once the tomatoes are soft add turmeric powder, red chili powder, cumin powder, dry mango powder and garam masala,the ground coriander seeds powder and anardana powder. Mix well t o combine. Add boiled chickpeas, salt to taste and 1 cup of the retained water left after boiling the chickpeas. Bring the pindi chole to a brisk boil and simmer for some time. After the gravy thickens turn off the heat.Transfer the Rawalpindi chole to a serving bowl and keep aside.Serve Rawalpindi Style Chole Recipe with Puri and Burani Raita for a perfect Weekend breakfast or lunch.",Punjabi,Dinner,High Protein Vegetarian,Punjabi,1,55,4,http://www.archanaskitchen.com/rawal-pindi-style-chole-recipe
Spinach Khandvi Recipe - Savory Gram Flour Pinwheels With Spinach,"1 cup Gram flour (besan),1 cup Curd (Dahi / Yogurt),100 grams Spinach Leaves (Palak) - roughly chopped,1-1/4 cups Water,1/2 teaspoon Turmeric powder (Haldi),1/4 teaspoon Asafoetida (hing),1/4 teaspoon Sugar,Salt - to taste,1/2 teaspoon Mustard seeds,1/2 teaspoon Cumin seeds (Jeera),1 teaspoon Sesame seeds (Til seeds),6 Curry leaves,2 tablespoons Fresh coconut - grated,2 tablespoons Coriander (Dhania) Leaves - chopped,2 teaspoons Sunflower Oil","To begin making the Spinach Khandvi Recipe, into a blender combine the besan, curd, spinach leaves, turmeric powder, asafoetida powder, sugar, salt and blitz it once, once it has all come together. Open the mixer jar add about a cup of water and blitz the mixture once again. When you blend, add the water little at a time, so we get a finely pureed spinach mixture.Before we proceed to the next step, we need to prepare the work surface to make Khandvi. It is important to have a smooth surface and the ideal is granite counter top. Clean the counter top thoroughly as you will be spreading the cooked gram flour mixture. If you don't have a granite counter top, then you can use a flat plate or a smooth cookie sheet big enough to spread the mixture. If you do it on plates, or cookie sheets, you will probably have to spread the mixture in multiple rounds. The number of these plates you need will depend on how thin you spread the mixture. My estimate is about 3-4 plates of 12 inch diameter. Also if you use plates or cookie sheets, spread them on the back side.Transfer the khandvi batter into a non-stick pan and heat on low to medium heat, stirring constantly to prevent lump formation. Continue stirring on low heat, till the mixture thickens for 15 minutes.The mixture will begin to attain a shine. Once you notice the Khandvi batter has a shine to it and has thickened, turn off the heat. Keep the mixture covered, so it remains hot while you proceed to the steps below, as it will not spread when it cools down.Spread the hot mixture on the prepared surface as thinly as possible, with a flat spatula. When you have finished spreading the batter, allow it to cool a little and settle down about three minutes and not less. Repeat this process and continue to spread the entire mixture, before it cools down.After about 10 minutes have passed begin rolling the mixture into a log starting from the top. Once the rolls have been made, cut the rolls into one inch size logs. Place the cut rolls on a serving platter.Heat oil in a pan for seasoning; add mustard seeds, cumin seeds, sesame seeds, curry leaves allow them to crackle.Sprinkle the seasoning over the rolls and garnish with coriander leaves and coconut. This can be made one day ahead and kept in the refrigerator and warmed up in the microwave before serving.Serve Spinach Khandvi as a side dish along with Gujarati Dal, Aloo Bhindi and Hot Phulkas for your weekday lunch.",Gujarati Recipes,Lunch,Vegetarian,Gujarati,1,50,4,http://www.archanaskitchen.com/spinach-khandvi-recipe-gujarati-snack-savory-gram-flour-pinwheels
Vegan Mango Lassi Recipe,"1 Mango (Ripe) - cut into small pieces,2-3 cups Almond Milk (Badam Milk),1 tablespoon Maple syrup,1 pinch Salt,1 teaspoon Vanilla Extract,1 pinch Saffron strands,4 Pistachios - chopped finely,1/4 teaspoon Rose water - (optional)","To begin making Vegan Mango Lassi Recipe, peel the skin of mangoes and cut them into small cubes. You can use store bought mango puree but it tastes best with fresh fruit pulp.In a Blender, add mango pieces, almonds, and blend them well. Ensure there are no fruit chunks left out in the jar.Now, add salt, maple syrup, vanilla extract to the jar and grind them until smooth.To add more richness to the lassi, you can add a cup of almond milk yogurt or soy milk yogurt to the drink and grind them together.Serve Vegan Mango Lassi in glasses with ice cubes. Garnish with chopped pistachios and saffron.You can optionally stir in rose syrup for enhanced flavor and taste.Serve Vegan Mango Lassi along with Black Beans Stuffed Paratha, Aloo Paratha or any other Stuffed Paratha of your choice. You can also serve your favourite pickle to eat with the stuffed paratha.",Indian,Appetizer,Vegan,Punjabi,1,15,8,http://www.archanaskitchen.com/vegan-mango-lassi-recipe
Soya Keema Aloo Paratha Recipe,"1-1/2 cups Whole Wheat Flour,1/4 cup Bajra Flour ( Pearl Millet),1/4 cup Jowar Flour (Sorghum),Salt - to taste,1 teaspoon Sunflower Oil,1 cup Soy Chunks (Nuggets) - soaked and minced,3 Potatoes (Aloo) - boiled and mashed,1 Onion - finely chopped,2 Green Chillies - finely chopped,1/2 teaspoon Red Chilli powder,1 teaspoon Garam masala powder,1 teaspoon Amchur (Dry Mango Powder),Mint Leaves (Pudina) - small bunch,Salt - to taste,Ghee - as needed","To begin making the Soya Keema Aloo Paratha Recipe we will first cook the soak the soya granules for about 20 minutes in hot water. Once soaked and soft, strain the excess water out using a strainer.Using a turbo chop, blend the soya to get a soya mince - this will be your soya keema.Take a bowl , add the flours, salt and add little water at a time and knead to make soft and firm dough. Add a little oil on the top to make the dough smooth and non sticky.Take a heavy bottomed pan or kadai and add oil. Add the onions and saute until it becomes soft. Add the green chilies and stir fry for a few seconds.Add the soya keema and salt and stir fry for a few minutes until all the water evaporates.Once done, Add the potatoes, red chilli powder, garam masala powder, amchur powder and mint leaves.Turn off the heat and mix Soya Keema Aloo Paratha filling mixture well.Check the salt and adjust according to taste.Divide the paratha dough into 6 equal portions.Dust the portion of the dough in flour and roll into a 3 inch diameter circle.Place a tablespoon of the Soya Keema Aloo Paratha stuffing in the center and brings the edges of the dough towards the center to seal the stuffing.Flatten the Soya Keema Aloo Paratha, dust in flour again and roll to make a thick paratha (flatbread).Repeat this procedure with the remaining parathas and keep aside.Heat a skillet over medium heat and place the stuffed Soya Keema Aloo Paratha over the skillet, drizzle ghee and cook on both sides until browned and crisp. Serve the Soya Keema Aloo Paratha along with a bowl of Paka Kela Anar Raita for breakfast or dinner.",North Indian Recipes,Indian Breakfast,High Protein Vegetarian,Punjabi,1,55,4,https://www.archanaskitchen.com/soya-kheema-paratha-recipe-spicy-soy-granules-flat-bread
Amritsari Gobi Matar Recipe (Punjabi Style Creamy Cauliflower and Peas Curry),"1 Cauliflower (gobi) - cut into florets,1/2 cup Green peas (Matar),1/8 teaspoon Turmeric powder (Haldi),1/2 teaspoon Coriander Powder (Dhania),1 teaspoon Red Chilli powder,1/2 teaspoon Garam masala powder,2 Onions,4 Tomatoes,2 Green Chillies,4 cloves Garlic,1/2 inch Ginger,20 Badam (Almond) - soak in warm water for 15 minutes and peel the skin,15 Cashew nuts,1 tablespoon Sunflower Oil,1/2 teaspoon Cumin seeds (Jeera),Coriander (Dhania) Leaves - few sprigs","To begin making the Amritsari Gobi Matar recipe, grind the ingredients given under ‘for the gravy’ into a puree using a mixer grinder.Grind the soaked and peeled almonds and cashews into a cream by adding 1/4 cup of water. You can adjust the consistency while grinding.Heat a pan/wok with oil and temper with cumin seeds. Add the puree, turmeric powder, chilli powder, dhania powder, salt and cook over low flame for 5 to 7 minutes.Now add the cauliflower, peas and mix well. Add 1/2 cup water (adjust) and cook them covered till the cauliflower is just done and soft but not mushy.Add the garam masala powder and stir in the almond cashew cream and let it come to a boil.Switch off, garnish with cilantro leaves and serve hot. Serve Amritsari Gobi Matar along with Pudina Tawa Paratha for a delicious weekday lunch or dinner.",North Indian Recipes,Dinner,Vegetarian,Punjabi,1,71,2,https://www.archanaskitchen.com/amritsari-gobi-matar-recipe-punjabi-style-creamy-cauliflower-and-peas-curry
Stuffed Bharwa Tinda Recipe (Stuffed Apple Gourd),"4 Tinda (Apple Gourd),1 Onion - chopped,2 Tomatoes - chopped,4 cloves Garlic - chopped,1 inch Ginger - chopped,1/2 teaspoon Turmeric powder (Haldi),1 teaspoon Red Chilli powder,2 teaspoon Coriander Powder (Dhania),1 teaspoon Garam masala powder,1 teaspoon Cumin powder (Jeera),1/2 teaspoon Amchur (Dry Mango Powder),1 pinch Asafoetida (hing),Salt - to taste,Sunflower Oil,2 sprig Coriander (Dhania) Leaves - chopped","To begin making the Stuffed Bharwa Tinda Recipe, heat a kadai with oil, add ginger and garlic and saute until it softens.Add chopped onions and saute until they turn golden brown, at this point you can add chopped tomatoes and a bit of salt and saute till the tomatoes soften.Add all the spice powders and keep sautéing until the masala combines well. Switch off the heat. Allow the mixture to rest for some time..In the meanwhile, peel the tinda or the apple gourds, slit them on the top cross wise. Do the same for the rest of the tinda.Grind the mixture in the grinder to form a smooth paste and start stuffing the mixture into the cut tinda as much as possible.Heat a pressure cooker, drizzle some oil place the stuffed tinda inside the pressure cooker and gently cook them on low heat. Add the remaining stuffed mixture also and sprinkle some salt and add a cup of water.Pressure cook them for about 3 whistle and allow the pressure to release naturally and serve hot with chopped coriander leaves.Serve the Stuffed Bharwa Tinda Recipe along with jeera rice, phulka and Sweet & Spicy Raw Papaya Moongfali Ki Subzi by the side.",Punjabi,Lunch,Vegetarian,Punjabi,1,45,4,http://www.archanaskitchen.com/stuffed-bharwa-tinda-recipe-stuffed-apple-gourd
Masoor Dal and Rajma Masala Recipe,"1 cup Masoor Dal (Whole),1/2 cup Rajma (Large Kidney Beans),1 Onion,2 Tomatoes - pureed,1 Green Chilli - slit,1 inch Ginger,2 teaspoons Coriander Powder (Dhania),1 teaspoon Red Chilli powder,1 teaspoon Garam masala powder,1 inch Cinnamon Stick (Dalchini),1 teaspoon Cumin seeds (Jeera),1 teaspoon Ginger - juliennes for garnish,2 teaspoons Ghee - or clarified butter,Salt - to taste","To begin making the Masoor Dal Aur Rajma Masala Recipe, wash and soak the lentils overnight and then pressure cook with water and little salt using a pressure cooker for 3 to 4 whistles and keep aside.Now, make a smooth paste of onion and ginger and keep aside.Heat ghee in a pan on medium heat, add the cinnamon stick, cumin seeds and let it splutter.Add in the onion and ginger paste and saute till it turns brown. Add the slit green chilli and tomato puree and saute for 2 minutes.Now, add the dry spices including coriander, red chilli and garam masala powder and saute for couple of minutes till the raw smell goes away.Add the cooked whole masoor dal and rajma to the pan, enough water to your your desired conistency, season with salt and let it simmer for 10 minutes on low flame.Once, the lentils are thick, switch off the flame and garnish with the ginger julienne's.Serve Masoor Dal Aur Rajma Masala Recipe along with Roti's or Steamed Rice for the weeknight dinner.",North Indian Recipes,Dinner,High Protein Vegetarian,Punjabi,1,35,4,http://www.archanaskitchen.com/masoor-dal-aur-rajma-masala-recipe
Corn Okra Recipe,"400 grams Bhindi (Lady Finger/Okra) - diagonally cut,3 tablespoon Makki Ka Atta (Yellow Corn Meal Flour),1 Onion - sliced,1 teaspoon Cumin seeds (Jeera),2 teaspoon Coriander Powder (Dhania),1 teaspoon Red Chilli powder,1 teaspoon Turmeric powder (Haldi),1 teaspoon Garam masala powder,1 teaspoon Amchur (Dry Mango Powder),2 teaspoon Sunflower Oil,Salt - to taste","To begin making the Makai Wali Bhindi, cut the bhindi diagonally in thin slices and keep them aside.Heat oil in a wide pan, add the cumin seeds and let it crackle. Add the thinly sliced onion and saute till it is brown in colour.Add the sliced bhindi and give it a good stir. Cover it with a lid and let it cook for 3 minutes on low flame.Add the coriander, red chilli, turmeric powder and salt, and mix it well. Cook in open pan for 2 more minutes occasionally stirring the mix.Now add the maize flour and fold it gently into the mix. Cook the bhindi in low heat till the raw smell of the maize flour goes away and stir occasionally.Once the maize flour is cooked, add the garam masala and the dry mango powder and give it one last stir. Season with salt, if required.Serve Makai Wali Bhindi with phulka, steamed rice and dal for a complete meal.",Punjabi,Lunch,Vegetarian,Punjabi,1,35,4,http://www.archanaskitchen.com/makai-wali-bhindi-recipe
Pudina Sooji & Oats Dhokla Recipe - Steamed Semolina Cake With Oats & Mint Leaves,"2 cups Sooji (Semolina/ Rava),40 grams Rolled Oats Or Instant Oats,1/4 cup Mint Leaves (Pudina) - finely chopped,1 cup Curd (Dahi / Yogurt),2 teaspoons Enos fruit salt,1/2 teaspoon Asafoetida (hing),1 Ginger - grated,1 teaspoon Sunflower Oil,Red Chilli powder - for garnish,Salt - to taste,1 teaspoon Mustard seeds,1 teaspoon Sesame seeds (Til seeds),1 teaspoon Sunflower Oil,1 sprig Curry leaves","To begin making the Pudina Sooji & Oats Dhokla Recipe, we will first roast the semolina (sooji).In a wok, dry roast the semolina until you get a slightly roasted flavor. Roast on medium heat in a kadai for about 3 to 4 minutes taking care not to brown the semolina (sooji). Once roasted, transfer to a large mixing bowl and keep aside.In a large mixing bowl where you have kept the roasted semolina, add the oats, the asafoetida, the mint leaves, the ginger, the salt, the teaspoon of oil and yogurt. Add water little at a time and stir to make a thick batter (about 2-1/2 cups). Check the salt and adjust to suit your tastePudina Sooji Oats Dhokla batter to rest for about 10 minutes.Once the batter is well rested, add the eno fruit salt and mix vigorously. The next step is to steam the Pudina Sooji & Oats Dhokla. Preheat a steamer with water on medium-high heat. Grease the Dhokla Plates with oil and pour the Pudina Sooji & Oats Dhokla batter evenly into the plates. Fill it only up to 3/4th level of the plates. Sprinkle just a little red chilli powder over the dhokla batter to add to the taste of the dhoklaPlace the filled dhokla plates in the steamer and steamer on high for 10 minutes. After 10 minutes turn off the heat and remove the dhokla from the steamer and set aside for 5 minutes before you can cut them into shapes.The final step is to season the Pudina Sooji & Oats Dhokla. Heat a teaspoon of oil in a tadka pan; add the mustard and cumin seeds and allow it to crackle. Add the curry leaves and give it a stir. Turn off the heat.Drizzle the seasoning over the Pudina Sooji & Oats Dhokla and serve it along with Green Chutney for breakfast or dinner",Gujarati Recipes,North Indian Breakfast,Vegetarian,Gujarati,1,45,4,http://www.archanaskitchen.com/pudina-sooji-oats-dhokla-recipe-steamed-semolina-cake-with-oats-mint-leaves
Rajma and Corn Salad Recipe,"1/2 cup Kashmiri Rajma - or regular rajma,1/2 cup Sweet corn - kernels,1/4 cup Mint Leaves (Pudina) - roughly torn,2 tablespoons Pickled Jalapenos - roughly chopped,Salt - to taste,1/2 teaspoon Black pepper powder,1 tablespoon Lemon juice,1 teaspoon Sugar,1 teaspoon Vinegar,1 teaspoon Cumin powder (Jeera),1/2 teaspoon Red Chilli powder,2 cloves Garlic - crushed,1 tablespoon Extra Virgin Olive Oil","To begin making the Rajma and Corn Salad Recipe, wash and soak the rajma overnight.Pressure cook the rajma with water for about 8-10 whistles. Allow the pressure to release naturally.In a pan, boil water on medium flame, add the corn and cook until the kernels swell up. Drain out the water and set aside.In a mixing bowl, combine the boiled rajma and corn, chopped mint leaves and jalapenos.For the dressing, in a small bowl,add salt, pepper, lemon juice, sugar, vinegar, jeera powder, red chili powder, crushed garlic & olive oil.Just before serving, toss in the dressing into the salad.Serve Rajma and Corn Salad Recipe as a side dish along with Panchmel Dal and Phulka for a weeknight dinner.",Indian,Side Dish,High Protein Vegetarian,Punjabi,1,25,5,https://www.archanaskitchen.com/kidney-beans-corn-and-chickpea-salad-recipe
Kadhi Pakora Recipe,"1 cup gram flour, 2 green chillies - finely chopped, 1 onion - finely chopped, 1 potato - finely chopped, 1/2 teaspoon celery, 1/2 teaspoon cooking soda, salt - to taste, water - mix ingredients For (as per use), oil - as per use, 500 gm curd - cracked, 3 teaspoon gram flour, 1/2 teaspoon turmeric powder, 1 green chilli - finely chopped, 1/2 inch ginger - grated, 2 Cup water -, salt - as per taste, 1 teaspoon ghee, 1/2 teaspoon mustard, 4 curry leaves, 1/2 teaspoon Kashmiri red chilli powder, 1 red chili powder, 1/4 teaspoon asafoetida, green coriander - Finely chopped","To make Kadhi Pakora, firstly put the oil on a low flame in a pan for the Pakora floor. While the oil is heating, add the pakoras ingredients to make pakoras in a pot. Now add a little water and make a thick batter. Once the oil is hot, pour small balls into the oil with the help of a spoon or your fingers. Fry the pakodras till they are cooked well. Make sure that the pakodas are cooked on a low flame till they turn brown. Now put the paper napkin in a plate and take out the pakodia in it. Keep it aside. To make Kadhi, beat the curd and gram flour together. Now add 2 cups of water to it so that there are no lumps in the solution. Now add all the spices, salt, grated ginger and mix. Put this solution in a tapli and start cooking on low heat. Stir the solution until it comes to a boil. When the batter starts boiling, reduce the heat and cook for about 20 minutes. Bitch kept moving between bitches. Now cook the pakoris for 5 more minutes and turn off the gas. Now prepare for tempering. Heat ghee in a tempering pot, add mustard seeds, curry leaves and dry red chillies and let it cook for 30 seconds. Now add asafoetida, red chili powder and mix and tie the gas. Pour this into the tadka kadhi from the upper and mix. Garnish with green coriander and serve hot. Serve kadhi pakoda with rice and kachumbar salad for dinner.",Punjabi,Dinner,Vegetarian,Punjabi,1,15,2,https://www.archanaskitchen.com/kadhi-pakoras-recipe-in-hindi
Tomato Chole Recipe,"1 Cup Kabuli Chana (White Chickpeas),1 Onion - finely chopped,1 Tomato - cut into wedges,1 inch Ginger - grated,2 cloves Garlic - mashed,1 inch Cinnamon Stick (Dalchini),1 Cardamom (Elaichi) Pods/Seeds,1 Bay leaf (tej patta),1/2 teaspoon Turmeric powder (Haldi),1 teaspoon Red Chilli powder,1 teaspoon Garam masala powder,1 teaspoon Coriander Powder (Dhania),2 tablespoon Sunflower Oil,Salt - to taste,4 sprig Coriander (Dhania) Leaves - roughly chopped for garnish,1 Onion - chopped,2 Tomatoes - chopped,1 Green Chilli","To begin making the Tamatari Chole Recipe, first wash and soak the chickpeas for 6 hours or overnight in 2 cups of water.Transfer chickpeas to Pressure Cooker with 2-1/2 cups of water and cook until for 6 to 7 whistles, turn the heat to low and cook for another 15 minutes until done.Grind all the ingredients mentioned in the list to form a smooth paste, you can add a little water and transfer it to a bowl.Heat oil in a saucepan over medium heat, add the grated ginger, onion and garlic and saute for few seconds.Stir in the ground paste, turmeric powder, coriander powder, garam masala, chilli powder and salt. Cook the mixture until the tomatoes and onions are well cooked and there is no raw smell. The mixture will thicken and come together.At this time add in the cooked chickpeas and tomatoes wedges, pour about 1 cup water. Stir to combine. Allow the mixture to come to a boil over medium heat.Once the mixture begins to boil, turn the heat to low and simmer the mixture for 20 to 30 minutes. Adjust the consistency and taste of the dish according to your taste, by adding water and spices.Serve the Tamatari Chole Recipe along with Garlic Naan, Burani Raita, Carrot Cucumber Tomato Salad with Lemon and Coriander by the side to make your dinner special.",North Indian Recipes,Lunch,High Protein Vegetarian,Punjabi,1,60,4,http://www.archanaskitchen.com/tamatari-chole-recipe
Malai Kofta Curry Recipe - Creamy and Healthy Paneer Aloo Kofta Curry,"3 Potatoes (Aloo) - boiled,1-1/2 cups Paneer (Homemade Cottage Cheese) - crumbled,1/2 teaspoon Garam masala powder,1/2 teaspoon Red Chilli powder,2 tablespoons Gram flour (besan),1/4 cup Coriander (Dhania) Leaves - finely chopped,1/2 cup Raisins - a handful,Salt - to taste,Sunflower Oil - for cooking,1 tablespoon Ghee - for cooking,1 inch Ginger - finely chopped,4 cloves Garlic - finely chopped,1 Onion - finely chopped,2 cups Homemade tomato puree,2 teaspoons Coriander Powder (Dhania),1/2 teaspoon Garam masala powder,1/2 teaspoon Turmeric powder (Haldi),1 teaspoon Red Chilli powder,1/2 teaspoon Cardamom Powder (Elaichi),1 tablespoon Honey,1/4 cup Fresh cream,1 tablespoon Kasuri Methi (Dried Fenugreek Leaves) - for garnishing,Salt - to taste","To begin making the Malai Kofta Recipe, combine all the ingredients for the koftas in a bowl and divide them into lemon size balls.Flatten the balls in the palm of your hands and place a couple of raisins in the center. Close the kofta dough back into a ball and keep aside.The next step is to cook the Malai Koftas either in the Kuzhi Paniyaram PanIf you plan to use the Kuzhi Paniyaram Pan; then place the kofta balls in the pan's cavities; drizzle the koftas with a little oil and pan fry them until golden brown on both sides. You will have to flip the kofta balls so they fry on all sides evenly. The next step is to make the Kofta CurryHeat oil in a heavy bottomed pan; add in the grated ginger, garlic, onions and sauté for a few seconds until the onions soften.Stir in the tomato puree, honey, turmeric powder, cardamom powder, garam masala powder, coriander powder, salt and chilli powder to taste.Bring the kofta curry to a boil and simmer for a couple of minutes till the tomatoes get cooked through.Finally add in the cream and the kasuri methi and stir it into the kofta curry.Adjust the consistency of the malai kofta curry by adding water if required. Do make sure to check the salt and spice levels and adjust according to your taste. When you are ready to serve, place the kofta curry in the serving bowl and add the warm malai kofta balls in the curry, garnish with coriander leaves and serve hot.Serve Non Fried Malai Kofta Recipe with Tawa parathas and Mixed Vegetable Pulao Recipe and Mooli Raita for lunch or dinner. You can even serve the Malai Kofta for a indian dinner party menu.",North Indian Recipes,Main Course,Vegetarian,Punjabi,1,60,4,http://www.archanaskitchen.com/malai-kofta-recipe-cottage-cheese-potato-balls-in-creamy-red-gravy
Gujarati Mooli Bajra Muthia Recipe - Radish And Bajra-Besan Dmplings,"2 Mooli/ Mullangi (Radish) - peeled and grated,Mooli Ke Patte (Radish Greens) - a handful,3/4 cup Bajra Flour ( Pearl Millet),1/2 cup Whole Wheat Flour,1/4 cup Gram flour (besan),2 teaspoons Ajwain (Carom seeds),1 teaspoon Coriander Powder (Dhania),1 teaspoon Cumin powder (Jeera),1/2 teaspoon Asafoetida (hing),1 teaspoon Turmeric powder (Haldi),2-3 teaspoons Green Chilli Paste - or red chilli powder,2 teaspoon Ginger Garlic Paste,Coriander (Dhania) Leaves - a handful,1 tablespoon Sunflower Oil,2 teaspoons Lemon juice,1 teaspoon Sugar,Salt - to taste,1 tablespoon Sunflower Oil,2 teaspoons Cumin powder (Jeera),1 teaspoon Fennel seeds (Saunf),2 teaspoons Sesame seeds (Til seeds),10 Curry leaves - (optional)","To begin making Gujarati Mooli Bajra Muthia Recipe, we will first make the Muthia dough.To make the muthiya dough, in a mixing bowl, combine the radish, radish leaves, bajra flour, whole wheat flour, besan, ajwain, dhaniya-jeera powder, hing, turmeric powder, green chilli paste, ginger garlic paste, coriander leaves, oil, lime juice, sugar and salt to taste. Add some water and mix till everything just comes together. Do not knead the dough too much. We are looking for a stiff firm dough. Prepare logs of dough that are 1-1/2 inch thick. you can form around 2-3 logs as per convenience of kneading lightly with palms.Prepare a steamer and keep it on medium heat to preheat.Grease the steamer plate with some oil.Place the logs on it and steam covered for about 15-20 minutes. Insert a knife to check if they are done. The knife should come out clean when the Muthia is steamed. Allow them to cool and slice the logs to about 1 inch thick. In a non-stick pan, heat cooking oil. Once the oil is hot, add the cumin seeds and once they sizzle, add in the curry leaves, fennel seeds and sesame seeds.Add the sliced Mooli Bajra Muthia and fry them on medium heat till they turn to a light golden colour.Serve Gujarati Mooli Bajra Muthia Recipe (Steamed and Tempered Grated Radish And Bajra-Besan Dumplings) on its own or with chutney of choice, like Dhaniya Pudina Chutney Recipe (Green Chutney) or Lahsun ki Chutney for snacks.",Gujarati Recipes,Snack,Vegetarian,Gujarati,1,45,4,https://www.archanaskitchen.com/gujarati-mooli-bajra-muthia-recipe-steamed-and-tempered-grated-radish-and-bajra-besan-dumplings
Panjiri Recipe - Healthy Punjabi Dry Fruit Snack,"1/2 cup Ghee,1 cup Whole Wheat Flour,1/4 cup Chiroti Rava,1/2 cup Sugar - powdered,2 tablespoons Gond (natural gum),1/3 cup Phool Makhana (Lotus Seeds),1/4 cup Badam (Almond),1/4 cup Cashew nuts,1/4 cup Pistachios,2 tablespoons Dry coconut (kopra) - slices,1 tablespoon Melon seeds,2 tablespoons Flax seeds,1 tablespoon Poppy seeds,1/2 teaspoon Dry ginger powder,1/2 teaspoon Nutmeg powder,1/2 teaspoon Cardamom Powder (Elaichi)","To begin making the Punjabi Panjiri Recipe, make sure all your ingredients are measured out and arranged neatly on the counter. Heat a kadai with a tablespoon of ghee on medium-low flame, and make sure the ghee is well heated. To this add the gondh crystals and stir them occasionally, until they puff up well. Once they have puffed up, turn off the flame and remove the puffed gondh in a plate and set aside. Next add a tablespoon ghee yet again on medium low flame and roast the makhana until well roasted. This will take about 2-3 minutes. Likewise use a tablespoon of ghee each and roast the almonds, cashew, pistachios, dry coconut slices, melon seeds, flax seeds, and the poppy seeds.Once each of these are roasted individually, and set them aside to cool. Combine the puffed gondh, roasted makhana, almonds, cashew, pistachios, dry coconut slices, melon seeds, flax seeds, and the poppy seeds in a mixing bowl and transfer to a mixer jar and grind to a coarse mixture. Transfer the freshly ground coarse mixture, into a large mixing bowl. Heat the remaining ghee in the kadai on medium-low flame, add the rawa and the whole wheat flour and roast until the mixture turns into a light brown colour. To this add the dry ginger powder, nutmeg and cardamom powder, mix well and allow it to cool. Once cooled add in the sugar powder and adjust the sweetness according to your taste. Transfer this sweetened rawa-wheat flour mixture into the mixing bowl that contains the freshly ground dry fruit coarse mixture. Mix well until combined and store in an airtight container for 2-3 weeks. Serve Panjiri Recipe along with a Turmeric Milk Recipe - Haldi Doodh / Golden Milk or Badam Milk Recipe - Almond Milk as a snack during the winter season.",Punjabi,Snack,Vegetarian,Punjabi,1,35,6,https://www.archanaskitchen.com/panjiri-recipe-healthy-punjabi-dry-fruit-snack
Cheese Garlic Naan Recipe,"1-1/2 cup All Purpose Flour (Maida),1 cup Whole Wheat Flour,1/2 cup Curd (Dahi / Yogurt),1 1/2 teaspoon Active dry yeast,Salt - to taste,1 tablespoon Garlic - minced,1/4 cup Coriander (Dhania) Leaves - finely chopped,1 tablespoon Butter,1 teaspoon Sunflower Oil,1 cup Cheese - grated,2 tablespoons Garlic - finely chopped,Butter - to smear on the naans","To begin making the Cheese Garlic Naan Recipe, we need to make the dough to ensure it is well rested. To make the dough in a mixing bowl, combine the all purpose flour, along with the whole wheat flour, active dry yeast, salt, garlic, coriander leaves, butter and mix well until the ingredients are well combined. Now knead the dough with the curd and use the required amount of water to knead a soft dough. Finally add in a teaspoon of oil and knead into a smooth dough and shape it into a large dough ball. Place this in a greased bowl, and cover with a damp cloth and keep it rested in a warm place for about two hours. Once the naan dough has doubled in size, punch down the dough, knead for a minute and divide into equal portions.Heat a cast iron tawa on medium heat, and keep it ready.Roll out each dough ball into a 4 inch diameter, place the grated cheese, and bring the edges together and make a potli, flatten between your palms, dust it in flour and begin to roll in a way that we get elongated, oval naans. Brush water on one side of the naan, and evenly spread it on the entire surface of the naan, now place this naan on the tawa, with the water side face down, quickly sprinkle some chopped garlic, and press it down on the naan, in a way it gets embedded in the Cheese Garlic Naan. Next, after about 40 seconds, flip the tawa upside down, in a way that the tawa is up and the naan is in direct contact with the flame. Gradually the naan , will fall off from the tawa, using a pair of tongs, take the Cheese Garlic Naan from the griddle and cook the other side directly on the flame. Keep moving the naan for even cooking. Remove from the flame, slather some butter and serve hot. Serve hot Cheese Garlic Naan along with Spinach Mushroom Chickpea Curry Recipe or Tadkewali Masoor Dal Recipe - High Protein Masoor Dal Recipe, Pudina Pyaz Kachumber Salad Recipe - Mint & Onion Salad followed by a dessert of Mango Sago Kheer Recipe - Sabudana Kheer With Mangoes",North Indian Recipes,Main Course,Vegetarian,Punjabi,1,45,4,https://www.archanaskitchen.com/cheese-garlic-naan-recipe
Punjabi Mixed Vegetable Kadai Recipe,"1/4 cup Potatoes (Aloo) - length wise,1/4 cup Baby corn - length wise,1/4 cup Carrot (Gajjar) - length wise,1/4 cup Green beans (French Beans) - length wise,1/4 cup Cauliflower (gobi) - chopped,1 tablespoon Green peas (Matar),2 Green Bell Pepper (Capsicum) - diced,2 Onion - (1 diced +1 chopped),1 Bay leaf (tej patta),1 teaspoon Cumin seeds (Jeera),1 teaspoon Garam masala powder - optional,1 teaspoon Kasuri Methi (Dried Fenugreek Leaves),1/2 teaspoon Turmeric powder (Haldi),1/4 teaspoon Sugar,Salt - to taste,2 tablespoons Fresh cream,2 tablespoons Butter - + Oil mixed,2 Tomatoes,1 Onion,1/4 inch Ginger,2 Green Chillies,3 cloves Garlic,1-1/2 tablespoon Coriander (Dhania) Seeds,3 Dry Red Chilli - adjustable,1/2 inch Cinnamon Stick (Dalchini),2 cloves Cloves (Laung),2 Cardamom (Elaichi) Pods/Seeds","To begin making the Punjabi Mixed Vegetable Kadai Recipe, firstly clean, wash and cut all the vegetables and keep them aside. Dice onions, capsicums and keep them aside too.Heat 2 cups of water in a saucepan. when it starts boiling switch of the stove and add the vegetables in it. Let the vegetables sit for about 8-10 minutes to speed the cooking process.The next step is to make the onion tomato paste. Heat oil in a heavy bottomed pan and add the ingredients under 'to saute and grind' including tomatoes, onions, ginger, green chillies and garlic. Let it cook till the onions and tomatoes turns a little mushy.Cool down and grind it a fine paste.The next step is to make the Kadai Masala. Dry roast coriander seeds, red chillies, cinnamon, cloves and elaichi until they turn slightly brown and starts releasing the aroma.Cool them and grind it in a mixer to a coarse powder.Heat butter in a kadai. Add cumin seeds and bay leaf. Let cumin seeds splutter. Add onion and saute till slightly browned.Next add the tomato paste and saute well for about 4-5 minutes or till raw smell goes and color changes.Meanwhile, as the tomato onion paste is getting cooked take another pan add a little oil, roast capsicum, and onion for 2 minutes. Set aside.Once the raw smell of the tomato onion paste goes and they start leaving oil, add turmeric powder, kasuri methi, grounded kadai masala, garam masala, salt and sugar. Cook for another 2 minutes.Add sauteed capsicum and onion. When the gravy starts giving a nice aroma, and the consistency is semi thick, add in the blanched veggies and mix well. Cover and cook for 2-3 minutes.Finally add in fresh cream and give a quick mix. Boil once, add chopped coriander leaves and switch off.Serve Punjabi Mixed Vegetable Kadai Recipe along with Dal Makhani, Palak Raita and Phulka for your everyday meal.",Punjabi,Dinner,High Protein Vegetarian,Punjabi,1,35,4,https://www.archanaskitchen.com/punjabi-mixed-vegetable-kadai-recipe
"Gujarati Badshahi Pulao Recipe - A Rich Preparation Of Rice, Vegetables, Nuts And Spices","2 cups Basmati rice,1/4 cup Carrots (Gajjar) - chopped,1/4 cup Green beans (French Beans),1 cup Cauliflower (gobi) - florets,1/4 cup Green peas (Matar),1 cup Tomatoes - chopped,2 Onions - chopped,1 inch Ginger - chopped,3 cloves Garlic,3 Green Chillies,1/2 teaspoon Turmeric powder (Haldi),3 Cardamom (Elaichi) Pods/Seeds,3 Cloves (Laung),1 inch Cinnamon Stick (Dalchini),1 Bay leaf (tej patta),2 teaspoons Whole Black Peppercorns,2 tablespoons Badam (Almond) - sliced,2 tablespoons Cashew nuts,1/4 cup Raisins - sutana variety,4 tablespoons Ghee,1/4 cup Mint Leaves (Pudina) - chopped,Salt - to taste","To begin making the Gujarati Badshahi Pulao Recipe, wash and soak rice in 4 cups of water for half an hour.Steam the vegetables - carrots, beans, florets and peas and set aside. Using the pestle and mortar, pound together the cinnamon, cloves and cardamom to a fine powder.Heat 1 tablespoon of ghee in a small pan on medium heat, roast the nuts and raisins and set aside.Make a paste of the onions, ginger, garlic and green chillies.Heat the remaining 3 tablespoons of ghee on medium heat; add onion-ginger-garlic paste and sauté until they turn light golden brown in colour.Add the pounded spice powder, bay leaves, crushed peppercorns, tomatoes, turmeric powder and sauté until the tomatoes are tender and soft. Stir in the rice along with the water it was soaked in, salt, and chopped mint leaves.Allow the Badshahi Pulao mixture to come to a boil and then turn the heat to low. Cover the pan and simmer for approximately 30 minutes until the rice has absorbed all the water and cooked to the desired texture.Once cooked, turn off the heat and allow the Badshahi Pulao to rest for 15 minutes. Gently stir in the steamed vegetables, roasted nuts and serve hot.Serve the Badshahi Pulao with Gujarati Kadhi and Papad and Boondi Raita for your everyday meals.",Gujarati Recipes,Lunch,Vegetarian,Gujarati,1,50,4,http://www.archanaskitchen.com/gujarati-badshahi-pulao-recipe-a-rich-preparation-of-rice-vegetables-nuts-and-spices
Peach Lassi Recipe - Peach Yogurt Smoothie,"2 cups Curd (Dahi / Yogurt) -,3 Peaches - ripe,1 sprig Mint Leaves (Pudina),1 tablespoon Honey - to taste,2 Peaches - diced pieces,3 Mint Leaves (Pudina)","To begin making the Peach Lassi Recipe, first peel and cut peaches into equal size pieces.Add the yogurt, diced peaches, mint leaves and honey in a blender. Blend until smooth and there are no lumps from the peaches.You can add a little water to adjust the consistency of the Peach Lassi to suit your taste. After adding water blend the liquid once again to combine well. Check the sweetness levels and adjust by adding more or less honey as required.Pour the Peach Lassi into the serving glasses, garnish with peach slices and mint leaves and serve chilled as a summer afternoon drink or even after an elaborate Indian Lunch of Rajasthani Dal Baati Churma on the weekends.",Indian,Lunch,Vegetarian,Punjabi,1,15,2,https://www.archanaskitchen.com/peach-lassi-recipe-peach-yogurt-drink-smoothie
Cheesy Aloo Paratha Recipe,"1 cup Whole Wheat Flour,1 teaspoon Sunflower Oil,1/4 teaspoon Salt,Water - required for kneading,2 Potato (Aloo) - boiled,1 teaspoon Sunflower Oil,1 Dry Red Chilli - broken and deseeded,1/2 teaspoon Cumin seeds (Jeera),Asafoetida (hing) - a pinch,1 Green Chillies - finely chopped,1 inch Ginger - grated,1 Onion - finely chopped,1/4 teaspoon Turmeric powder (Haldi),1/2 teaspoon Coriander Powder (Dhania),1/2 teaspoon Cumin powder (Jeera),1/2 teaspoon Garam masala powder,1/2 teaspoon Chaat Masala Powder,1/4 cup Cheese - processed and grated,4 sprig Coriander (Dhania) Leaves - finely chopped,Salt - to taste","In a wide bowl, add wheat flour, salt, oil, needed water and prepare a soft and smooth dough. Cover and keep it aside for 15-20 minutes. Dough should not be too hard.The next step is to prepare the stuffing. Pressure cook potatoes for 3 whistles or until soft. Peel the skin and mash them well.Heat oil in a non-stick pan. Add dry red chili and cumin seeds.Once it splutters, add hing/asafoetida, finely chopped onions, green chillies, ginger and pinch of salt and saute until onions turn transparent. Adding salt while cooking onions, prevents it from sticking and getting burnt.Then add the mashed potatoes, turmeric powder, coriander powder, cumin powder, kitchen king masala powder/ garam masala powder, chaat masala and salt and saute for 3-4 minutes till everything gets blended well.Be careful while adding salt at this stage, as we have added a pinch of salt to onions. Plus we are using chaat masala and cheese, so the stuffing will require less salt than usual. Check the salt level and add salt accordingly.Lastly, add 1/4 cup grated cheese and finely chopped coriander leaves, mix well and leave it to cool.Before starting to make parathas, knead the dough well. If needed, use 1/2 teaspoon oil and knead till it becomes smooth and soft.Divide the dough and stuffing into equal parts and make balls out of it. This will make 4 parathas.Dust a little flour and roll out the dough into a small circle.Keep stuffing in the center, gather all the corners and seal the dough with the stuffing inside. Press it down gently to flatten it.Dust a little four and roll it again very gently, so that stuffing doesn’t come out.Heat a tawa/non stick pan and place the paratha.Cook the paratha using little oil/butter/ghee till golden brown spots appears on both sides. Repeat the same steps to make more parathas.Serve Cheesy Aloo Paratha along with Boondi Raita and Dhaniya Pudina Chutney for a filling breakfast or serve it for weekday dinner.",North Indian Recipes,North Indian Breakfast,Vegetarian,Punjabi,1,30,2,http://www.archanaskitchen.com/cheesy-aloo-paratha-recipe
Gujarati Style Oriya Pak Recipe,"2 cups Black Urad Dal (Whole) - ground to make atta,1/4 cup Milk,1/4 cup Ghee,1 cup Ghee,250 grams Khoya (Mawa),1 tablespoon Gond (natural gum) - fried in ghee till crisp,1 cup Mixed nuts - (I used almonds,1-1/2 cups Sugar,1 cup Water,1-1/2 tablespoons Cardamom Powder (Elaichi),1-1/2 tablespoons Cloves (Laung) - powdered,3 tablespoons Dry ginger powder,1 tablespoon Peepramul powder (ganthoda),Cashew nuts - a few","To prepare Gujarati Style Adadiya Pak Recipe, in a mixing bowl combine, urad dal atta, milk, ghee.Mix well.Rub flour with palm for 3-4 minutes.Heat the ghee in kadai or heavy bottom kadai. Add flour mixture.Continuously stir it on medium flame till the mixture is brown in color.Meanwhile, combine sugar and water in a saucepan. Prepare a sugar syrup of 1 string consistency and keep ready.When flour starts to get brown color, add fried edible gum(gond) and grated khoya. Saute for a couple of minutes.Turn off the flame and add chopped nuts. Mix well.Allow the mixture to cool a bit. When mixture is lukewarm, combine it with sugar syrup. Mix well.Allow it to set for a while. Give a shape of your choice.Garnish Gujarati Style Adadiya Pak Recipe with cashew nuts and serve with coffee or masala chai.",Gujarati Recipes,Indian Breakfast,Vegetarian,Gujarati,1,60,4,http://www.archanaskitchen.com/gujarati-style-adadiya-pak-recipe
Tawa Tandoori Roti Recipe,"2 cups Whole Wheat Flour,1/4 cup Curd (Dahi / Yogurt),Salt - to taste,Sunflower Oil - for kneading as well","To begin making the Tawa Tandoori Roti Recipe, we will add all the ingredients into one bowl and add water slowly according to your requirement to knead it into a soft and non-sticky dough.Add little bit of oil at the end and knead it for some more time till the dough becomes completely soft.Rest the dough by covering it with a damp cloth for atleast 10 minutes.Once rested, heat a cast iron tawa pan. Pinch out a medium sized ball from the dough and flatten it on a floured rolling surface.Roll the dough flat and round, the thickness must be same as the tawa paratha. Take some water in a bowl and brush it over one side of the rolled dough.Place the watered surface dough on to the tawa and leave it for few seconds until you see some bubbles rising.Leave it on low heat for 2 minutes and with the help of a spatuala, try to carefully take out the roti, it will be little hard as it will get stuck to the pan but be careful enough to remove the roti and do not tear it apart.Flip it over and then cook on the other side as well. You can also lift the pan completely and flip it over before you remove the roti from the tawa and show it directly over the flame.Cook on the other side also for 2 minutes and you can serve hot.Serve the Tawa Tandoori Roti along with Bihari Karela and Aloo Ki Subzi , Punjabi Dal Tadka and raita to create a meal for your Sunday lunch or everyday lunch.",North Indian Recipes,Lunch,Vegetarian,Punjabi,1,60,4,https://www.archanaskitchen.com/tawa-tandoori-roti-recipe
Bathua Aloo Paratha Recipe,"4 cups Bathua leaves - finely chopped,2 Potatoes (Aloo) - boiled,3 cloves Garlic - finely chopped,2 Green Chillies - finely chopped,1/2 Onion - finely chopped,Ghee - for cooking,1 teaspoon Garam masala powder,1 teaspoon Amchur (Dry Mango Powder),2 cups Whole Wheat Flour,1 teaspoon Salt,Water - to knead the dough","To begin making Aloo Bathua Paratha, place the potatoes in the pressure cooker along with some water and pressure cook for 3 to 4 whistles and turn off the heat. Allow the pressure to release naturally.Once released, peel the skin and mash the potatoes and keep aside.Next make the dough for the parathas. In a bowl add whole wheat flour and salt and mix water and knead till you get a soft dough. Keep aside till you make the filling.Separate the Bathua Leaves from the stem and discard the stem. Wash and chop the bathua leaves. Preheat a pan on high heat; add the bathua leaves and cook the bathua leaves until soft and all the water has evaporated. Ensure there is no residue of moisture from the bathua. Turn off the heat and allow the bathua leaves to cool.In a mixing bowl, add the mashed potatoes, the cooked bathua leaves, chopped onions, green chillies, garlic, salt, garam masala powder and amchur powder. Mix the aloo bathua paratha mixture well. Give it a taste and adjust seasonings according to taste.Preheat a tava on medium heat and start making the parathas.To make the paratha take the required portion of Aloo Bathua Paratha dough and dust with dry wheat flour and flatten to a three inch diameter.Take the Aloo Bathua stuffing which should be larger than the size of the dough you took and place in the center.Fold the edges and bring the dough towards the center to close the ball. Remove any excess dough at the top.Place the Aloo Bathua Paratha on a flat surface dusted with wheat flour and roll gently.Once you have reached the desired size and thickness place the Aloo Bathua Paratha on the preheated tava and cook until the Aloo Bathua Paratha turns golden on both sides.Smear ghee and cook the Aloo Bathua Paratha until it is cooked through and is golden brown and crisp.Keep flipping the Aloo Bathua Paratha during the above process. Once done, remove from the tawa and proceed to make the remaining parathas the similar way and serve hot.Serve the Bathua Aloo Paratha Recipe along with Shalgam Gajar Aur Gobhi Ka Achar Recipe, Dahi, and a cup of Adrak Chai for a special weekend breakfast",North Indian Recipes,North Indian Breakfast,Vegetarian,Punjabi,1,70,4,http://www.archanaskitchen.com/bathua-aloo-paratha-recipe
Baked Amritsari Kulcha Recipe (Without Yeast),"1-1/2 cup All Purpose Flour (Maida),1 teaspoon Salt,1 teaspoon Sugar,1 teaspoon Baking powder,1/4 teaspoon Baking soda,1 tablespoon Sunflower Oil,3 tablespoons Curd (Dahi / Yogurt),Water - as required,Black sesame seeds - as required,Sesame seeds (Til seeds) - as required,Coriander (Dhania) Leaves - chopped,Butter - as required","To begin making the Baked Amritsari Kulcha recipe, in a medium sized bowl, add all the dry ingredients and mix it well.Gradually add water and then knead the dough. Make a soft dough and cover it and place it into warm place of your kitchen for 2 hours to ferment.After 2 hours, when dough is rising double in size, knead it again with some oil and device it into equal portions.Take one portion and apply sesame seeds and chopped coriander leaves on top and roll it into oval shape. Prepare all the kulcha in same manner.Take microwave safe plate, brush it with oil and place kulchas on it and rest them for 30 minutes. Preheat microwave at 180 degrees and bake kulchas for 10 minutes. Apply butter on top.Your delicious Amritsari Kulcha are ready to serve. Serve Baked Amritsari Kulcha along with Pindi Chole and Aam Ka Achaar for your weekend dinner.",Punjabi,Dinner,Vegetarian,Punjabi,1,20,2,https://www.archanaskitchen.com/baked-amritsari-kulcha-recipe-without-yeast
Amarnath Suji & Oats Dhokla Recipe,"2 cups Sooji (Semolina/ Rava),40 grams Rolled Oats Or Instant Oats,200 grams Green Amaranth Leaves - finely chopped,1 cup Curd (Dahi / Yogurt),2 teaspoons Enos fruit salt,1/2 teaspoon Asafoetida (hing),1 Ginger - grated,1 teaspoon Sunflower Oil,Red Chilli powder - for garnish,Salt - to taste,1 teaspoon Mustard seeds,1 teaspoon Sesame seeds (Til seeds),1 teaspoon Sunflower Oil,1 sprig Curry leaves","To begin making the Amaranth Sooji & Oats Dhokla Recipe, we will first roast the semolina (sooji). In a wok, dry roast the semolina until you get a slightly roasted flavor. Roast on medium heat for about 3 to 4 minutes taking care not to brown the semolina (sooji). Once roasted, transfer to a large mixing bowl and keep aside.Next we will cook the amarath leaves. Add the chopped amaranth leaves into the same heavy bottomed pan or wok, sprinkle some salt and stir-fry the leaves until it becomes soft and cooked. Make sure to evaporate any excess water that gets released while cooking the greens. Once cooked, allow the amaranth leaves to cool down and keep aside.Once the leaves are cooled, we will make the sooji oats dhokla batter. In a large mixing bowl where you have kept the roasted semolina, add the oats, the salt, the asafoetida, the cooked amaranth, the ginger, the salt, the teaspoon of oil and yogurt. Add water little at a time and stir to make a thick batter (about 2-1/2 cups). Check the salt and adjust to suit your tasteSooji Oats Dhokla batter to rest for about 5 minutes.The next step is to steam the Amaranth Sooji & Oats Dhokla. Preheat a steamer with water on medium-high heat. Grease the Dhokla Plates with oil and pour the Amaranth Sooji & Oats Dhokla batter evenly into the plates. Fill it only up to 3/4th level of the plates. Sprinkle just a little red chilli powder over the dhokla batter to add to the taste of the dhoklaPlace the filled dhokla plates in the steamer and steamer on high for 10 minutes. After 10 minutes turn off the heat and remove the dhokla from the steamer and set aside for 5 minutes before you can cut them into shapes.The final step is to season the Amaranth Sooji & Oats Dhokla. Heat a teaspoon of oil in a tadka pan; add the mustard and cumin seeds and allow it to crackle. Add the curry leaves and give it a stir. Turn off the heat.Drizzle the seasoning over the Amaranth Sooji & Oats Dhokla and serve it along with Green Chutney for breakfast or dinner",Gujarati Recipes,North Indian Breakfast,Vegetarian,Gujarati,1,45,4,https://www.archanaskitchen.com/amaranth-sooji-oats-dhokla-recipe
Moong Dal Ghughra Recipe (Gujiya / Karanji),"2 cups Vivatta Maida,1/2 cup Ghee,1/4 teaspoon Salt,Water - for kneading,Sunflower Oil - for deep frying,2 cups Green Moong Dal (Whole) - soaked and steamed,1 teaspoon Cumin seeds (Jeera) - coarsely pounded,1 teaspoon Fennel seeds (Saunf) - coarsely pounded,1 teaspoon Sesame seeds (Til seeds),2 teaspoons Sugar,1/2 teaspoon Asafoetida (hing),1 teaspoon Amchur (Dry Mango Powder),1/2 teaspoon Turmeric powder (Haldi),1/2 teaspoon Red Chilli powder,2 Green Chillies - finely chopped,1 inch Ginger - grated,Salt - to taste","To begin making the Moong Dal Ghughra (Karanji/ Gujiya) recipe we will first prepare the filling.Soak the moong dal in 2 cups of water for about 3 to 4 hours. Once soaked, drain any excess water and keep aside. Using a pressure cooker or steamer, cook the dal until soft and tender. Heat oil in a non stick pan on medium heat; add the cumin seeds, fennel seeds, sesame seeds, asafoetida and allow them to crackle.Stir in the cooked green moong dal and the remaining filling ingredients - sugar, turmeric powder, red chilli powder, green chillies, ginger and salt. Stir until all the ingredients are well combined.Allow the moong dal gujiya mixture to cool and divide into 20 portions and keep aside.In our next step we will make the dough for the pastry crust for the Ghughra/ GujiyaCombine the maida, ghee and salt, in a large bowl. Work the ghee into the flour with your fingers until the mixture resembles a coarse meal.Sprinkle water onto the crumbly dough and with your hands push the dough from the sides to the middle of the bowl to form a ball that holds together.Be careful to add only little water at a time, and not allowing the dough to become soggy. Knead well with your hands until the dough becomes into a firm ball of dough.Once rested, make 20 small portions of the gujiya dough and roll into a small 3 inch circle.Place a teaspoon full of moong dal mixture onto one half of the circle. Wet your fingers into the bowl of water and spread a little water around the edges of the circle.Gently fold the circle into a semi circle, forming a half moon shape. Seal the edges by pressing slightly, so that the dough sticks to each other making sure all the filling is concealed inside.Decorate the edges by twisting the dough portion carefully to form a twisted shape. Continue the same procedure with the remaining dough and filling portions.You can also use a calzone maker to make these gujiya and they are so much more faster and easier and you will have a perfectly filled ghughra.Preheat the oil for deep frying and deep fry these gujiyas on medium heat until golden brown in color.Serve the Moong Dal Gujiyas along with Green Chutney and Chai for Tea Time Snacks or even for festivals like Diwali or Holi or any special occasions with your family.",North Indian Recipes,Snack,Vegetarian,Gujarati,1,90,4,https://www.archanaskitchen.com/moong-dal-ghughra-recipe-gujiya-karanji
Stuffed Masala Aloo Naan Recipe Made Without Oven,"2 cups Whole Wheat Flour,1 teaspoon Salt,1 cup Aerated water (Soda Water),2 teaspoon Ghee,3 Potatoes (Aloo) - boiled and mashed,1 Onion - finely chopped,2 Green Chillies - finely chopped,1 teaspoon Garam masala powder,1 teaspoon Amchur (Dry Mango Powder),1/2 teaspoon Red Chilli powder,1/2 teaspoon Ajwain (Carom seeds),Salt - to taste,Coriander (Dhania) Leaves - small bunch","To begin making the Stuffed Masala Aloo Naan Recipe Made Without Oven, first prep all the ingredients and keep them ready by the side.Mix the flour, salt & ghee and knead a dough with soda water until you get a smooth dough. Set aside the naan dough for 30 minutes.Meanwhile mix the ingredients for the stuffed masala naan.Combine all the ingredients for the masala naan stuffing in a large mixing bowl. Check the taste and adjust to suit the palate. Set this aside.After the naan dough has rested take small portion of it, dust in flour and roll them into a small circle. Place a large spoonful of the stuffing in the center and seal the dough. Flatten it and roll the stuffed masala naan just a bit to make an oval or round shape.The next step is to cook the naan. You can either bake it in the oven or cook in a skillet/ tawa.Take heavy bottomed skillet/ tawa and cook the naans on one side. Once you notice one side is getting cooked, place the other uncooked side of the stuffed naan on flame. Grill the Stuffed Masala Naan till it is cooked and charred a bit. Once the masala naan is cooked, remove from the heat. Smear some butter on the naan and serve hot. Repeat the process for the remaining stuffed masala naans.Serve the Stuffed Masala Aloo Naan along with a Tadka Raita Recipe (Spiced Curd With Onions) for breakfast or even a one dish weeknight dinner.",North Indian Recipes,Main Course,Vegetarian,Punjabi,1,70,4,http://www.archanaskitchen.com/stuffed-masala-aloo-naan-recipe-made-without-oven
Aloo Amritsari Recipe,"4 Potatoes (Aloo) - cut into wedges,1 teaspoon Ajwain (Carom seeds),2 Onion - sliced,2 inch Ginger - grated,2 cloves Garlic,2 Tomatoes - finely chopped,1/2 teaspoon Turmeric powder (Haldi),1/2 teaspoon Garam masala powder,1 teaspoon Coriander Powder (Dhania),1/2 teaspoon Kashmiri Red Chilli Powder,4 sprig Coriander (Dhania) Leaves - finely chopped,Salt - to tase,Sunflower Oil - for cooking","We begin making the Aloo Amritsari by heating the pressure cooker with a little oil and temper the ajwain seeds till the aroma comes.Next add the onion, green Chillies, ginger and garlic and saute on low to medium heat until the onions are softened.Once the onions are softened, add the chopped tomatoes, saute until the tomatoes soften and mashed. At this point you can add salt as required which enhances the cooking of tomatoes.Next add the remaining ingredients including the aloo. Add 1/2 cup of water, salt and cover the pressure cooker. Cook until you hear a couple of whistles and turn off the heat. Allow the pressure to release naturally.Once done, open the pressure cooker and stir in the coriander leaves.You can serve it along with Ajwain Puri and Phulka to make it a complete meal.",Punjabi,Lunch,Vegetarian,Punjabi,1,45,4,http://www.archanaskitchen.com/aloo-amritsari-recipe
Gujarati Tawa Handvo Recipe - Healthy Pan Fried Lentil Cake,"1 cup Rice - (raw rice),1/2 cup Arhar dal (Split Toor Dal),1/2 cup Green Moong Dal (Whole),1/2 cup Chana dal (Bengal Gram Dal),1/4 cup White Urad Dal (Whole),2 Green Chillies,1 tablespoon Ginger - chopped,1 cup Curd (Dahi / Yogurt),2-1/2 teaspoons Enos fruit salt,1/2 teaspoon Turmeric powder (Haldi),2 cups Bottle gourd (lauki) - grated,Sunflower Oil - to cooking,Salt - to taste,1/2 teaspoon Mustard seeds,1/2 teaspoon Sesame seeds (Til seeds),1 teaspoon Curry leaves - finely chopped,1/4 teaspoon Asafoetida (hing),1/4 teaspoon Red Chilli powder,1 tablespoon Sunflower Oil,1/2 cup Green beans (French Beans) - finely chopped,1/2 cup Carrots (Gajjar) - finely chopped,1/2 cup Onions - finely chopped","To begin making the Tawa Handvo recipe we first need to wash and soak the rice and lentils together in 3 cups of water for 4 to 5 hours.Grind the rice, lentils, green chillies, ginger and salt along with the soaked water and yogurt to make a thick batter that is slightly coarse. The coarseness should feel like fine semolina.The consistency of the batter should be such that when you use a ladle to pour it should fall in dollops. Stir in the salt and allow the mixture to ferment for 8 hours.Once fermented you will notice the dough has risen. Gently stir in a tablespoon of oil to the batter. If your batter for some reason did not rise; stir 2 teaspoons of enos fruit salt into the batter and you will notice the air bubbles start popping out from the batter. Finally stir in the grated bottle gourd and turmeric. (This is the time you would stir in the other vegetables you would use)Heat one tablespoon of oil in a nonstick skillet (8 inches diameter) on medium high heat; add the mustard seeds, sesame seeds and curry leaves; allow them to crackle. Turn the heat to low and sprinkle the red chilli powder and asafoedita into the oil.Pour two ladles of batter into the pan and gently spread the batter evenly onto the pan. As you spread the batter the seasoning mixture will spread to the side; allow the seasoning to rest in places where it has spread as this gives a special crunchiness to the sides of the Handvo.Turn the heat low, drizzle a teaspoon of oil around the batter and cover the pan. Simmer for 3-4 minutes until the top feels cooked and steamed.Once you notice the top is cooked and there is no trace of raw batter, gently flip the Handvo with the help of a broad flat spatula to the opposite side and turn the heat to medium high.Allow it to turn golden brown and crisp. Flip over once again and allow the other side to brown and crisp slightly. Continue making similar cakes with the rest of the batter and serve hot.Serve Tawa Handvo lentil skillet pancakes along with Gor Keri pickle or with Gor (jaggery) and homemade butter for breakfast or a weeknight dinner.",Gujarati Recipes,North Indian Breakfast,High Protein Vegetarian,Gujarati,1,50,4,https://www.archanaskitchen.com/gujarati-tawa-handvo-recipe-healthy-pan-fried-lentil-cakes
Vagharelo Bhaat Recipe - Gujarati Masala Rice,"3 cups Cooked rice - mashed,3 cups Curd (Dahi / Yogurt),2 tablespoons Gram flour (besan),1/2 teaspoon Cumin seeds (Jeera),1/2 teaspoon Mustard seeds,3-4 Curry leaves - finely chopped,1/2 teaspoon Asafoetida (hing),1/2 teaspoon Turmeric powder (Haldi),1/2 teaspoon Red Chilli powder,1/2 teaspoon Sunflower Oil,1 Coriander (Dhania) Leaves - chopped (a small bunch),Salt - to taste","To begin making the Vagharelo Bhaat Recipe, we will first whisk the gram flour, yogurt, salt, asafoetida, red chilli powder and turmeric powder in a mixing bowl, until well combined. Heat oil in a pan on medium heat; add the mustard seeds, cumin seeds and curry leaves and allow them to crackle.At this stage, stir in the cooked rice and the gram flour yogurt mixture mish-mashing them together until well combined. Continue to stir so the mixture does not stick to the bottom of the pan.You will notice the mixture begins to thicken and comes to a bubbling state. Allow it to be in the bubbling state for about two minutes stirring continuously. Finally garnish with coriander leaves and serve hot.Serve the Vagharelo Bhaat as a one dish meal as it is or along with Dill Cucumber Raita Recipe, Aam Ka Achaar Recipe - North Indian Spicy Raw Mango Pickle, Papad as a complete meal.",Gujarati Recipes,Dinner,Vegetarian,Gujarati,1,35,3,https://www.archanaskitchen.com/vagharelo-bhaat-recipe-gujarati-masala-rice
Carrot Methi Jowar Thepla Recipe,"2 Carrot (Gajjar) - grated,1 cup Methi Leaves (Fenugreek Leaves) - chopped,2 teaspoon Cumin seeds (Jeera),1 teaspoon Red Chilli powder,1/2 teaspoon Turmeric powder (Haldi),2 teaspoon Cumin seeds (Jeera),1-1/2 cups Jowar Flour (Sorghum),1 cup Whole Wheat Flour,Salt - to taste,Sunflower Oil","To begin making the Carrot Methi Jowar Thepla, in a large mixing bowl add grated carrot, chopped methi leaves, cumin seeds, turmeric, red chilli powder, salt, whole wheat flour and the jowar flour.Add water, little at a time and form a firm dough which is not sticky. Knead it well, rest the thepla dough for at least 10 minutes and shape them into medium sized balls.Dust it with wheat flour and roll dough gently to make the dough to a thin circular thepla.The diameter of the Carrot Methi Jowar Thepla depends on how thin or thick you want it to be. Repeat the same process with the remaining dough portions.Preheat the skillet and let it get hot. Place the rolled Carrot Methi Jowar Thepla gently on the tawa and cook on both sides, drizzle oil or ghee and cook till the thepla have brown spots on either side. Cook on high heat as the theplas are thin and gets cooked fast.Once done, stack the Carrot Methi Jowar Thepla one over the other and serve hot.Serve Carrot Methi Jowar Thepla Recipe along with Kesar Elaichi Aam Chunda Pickle Recipe,Boondi Raita and Lauki Tamatar Ki Sabzi to make your breakfast or lunch complete.",Gujarati Recipes,North Indian Breakfast,Vegetarian,Gujarati,1,35,4,https://www.archanaskitchen.com/carrot-methi-jowar-thepla-recipe
Andhra Style Sarva Pindi/Gine Pindi Recipe (Rice Flour and Chana Dal Flatbread Recipe),"1 cup Rice flour,2 tablespoon Chana dal (Bengal Gram Dal) - soaked for 2 hours,1 sprig Curry leaves - chopped,1 tablespoon Sesame seeds (Til seeds),1 Onion - chopped,1 Green Chilli - chopped,1 teaspoon Ginger Garlic Paste,1 teaspoon Turmeric powder (Haldi),1 teaspoon Red Chilli powder,Salt - to taste","To begin making the Andhra Style Sarva Pindi, add all the ingredients into a bowl and add little water and knead into a soft and malleable dough.Now to prepare the roti, place a nonstick tawa/skillet on the heat. Spread out a large piece of plastic, or parchment paper on your work surface.Grease your palms with oil. Pinch a big ball of dough place it in the centre of the parchment or plastic. Then gently flatten it out to form a hand-patted disc, similar to Thalipeeth.Lift the paper, along with the rotti on it and turning it over, place it on the skillet with the rotti down on the hot skillet.Carefully supporting the rotti peel off the paper. Drizzle a little bit of oil along the edges of the roti and in the centre, into the hole made on the roti and allow it to sizzle and crisp up.When it seems half cooked, flip the roti over with a spatula to cook the other side.Cook well till you have brown patches on both sides. Then, take the roti off the skillet, add a dollop of butter or ghee, and serve immediately.Serve the Andhra Style Sarva Pindi along with Sweet and Spicy Raw Mango Chutney or Ridge Gourd Pachadi Recipe to create a delicious breakfast.",Andhra,South Indian Breakfast,Vegetarian,Punjabi,1,40,4,https://www.archanaskitchen.com/andhra-style-sarva-pindi-gine-pindi-recipe-rice-flour-and-chana-dal-flatbread-recipe
Layered Paneer Butter Masala Biryani Recipe,"1 cup Rice,2 cups Water,1 teaspoon Ghee,1 Cardamom (Elaichi) Pods/Seeds,2 Cloves (Laung),1 Star anise,1/2 inch Cinnamon Stick (Dalchini),2 Whole Black Pepper Corns,Salt - to taste,1 Bay leaf (tej patta),1/4 cup Fried Onions,1 sprig Coriander (Dhania) Leaves,1 sprig Mint Leaves (Pudina),200 grams Paneer (Homemade Cottage Cheese) - cut into 1/2 inch cubes,2 Tomatoes,2 tablespoons Fresh cream,1 Onion - roughly chopped,1 inch Ginger,3 cloves Garlic,1 Green Chilli,1 teaspoon Cardamom Powder (Elaichi),1/2 teaspoon Cumin powder (Jeera),1/2 teaspoon Garam masala powder,1/2 teaspoon Red Chilli powder,1 teaspoon Kasuri Methi (Dried Fenugreek Leaves),1 teaspoon Honey,Salt - to taste,Sunflower Oil - Cooking oil ,1 tablespoon Cashew nuts - fried to garnish","To begin making the Layered Paneer Butter Masala Biryani Recipe, wash and soak the rice in water for 30 minutes. To make the rice for Layered Paneer Butter Masala BiryaniIn a pressure cooker, heat ghee on low flame add the whole spices- cardamom, cloves, star anise, cinnamon stick, whole black peppercorns, and a bay leaf, allow these spices to sizzle, next add the drained rice, salt and 2 cups of water.Close the pressure cooker and pressure cook for two whistles and turn off the flame. Allow the pressure to release naturally. Spread the rice on a plate and allow it to cool. Once cooled, mix in the fried onions and chopped coriander and mint leaves. To make the Paneer Butter Masala for the Layered Paneer Butter Masala Biryani RecipeIn a kadai, heat a teaspoon of oil on medium heat, add the cumin seeds, cardamom, green chilli, ginger, garlic, and onions and saute for 4-6 minutes, once the onions turn brown add in the chopped tomatoes. Continue to cook until all the vegetables soften, add salt and turn off the flame. Allow it to cool. Once cooled, transfer the onion-tomato mix into a mixer-jar and grind into a smooth paste. Heat a pan on low heat, transfer the ground masala paste onion- tomato mix to the pan and continue to cook on low flame.Now add the cumin powder, garam masala powder, red chilli powder, honey and kasuri methi. Mix well and bring this paneer butter masala gravy to a brisk boil. When the gravy begins to boil, add in the paneer pieces and fresh cream. Mix well, and ensure that you are left with a thick semi coating masala on the paneer and turn off the flame. We are not looking for a gravy style -paneer butter masala, we want the masala to be well coated over the paneer pieces. To assemble the Layered Paneer Butter Masala Biryani RecipeGrease a big glass bowl generously with some melted butter, put some coriander- mint leaves and fried onions, start with the first layer, spread 1/3 cup of rice, pressing firmly, then a layer of paneer butter masala, repeat these layers till you end up with rice as the last layer. Place a serving plate over this Layered Paneer Butter Masala Biryani bowl and invert it on the plate. Serve Layered Paneer Butter Masala Biryani Recipe, along with Onion Raita for a simple meal. Finish this simple yet delicious meal with Kesar Shahi Tukda With Rabri Recipe (Saffron Bread Pudding With Spiced Milk Custard)",North Indian Recipes,Main Course,Vegetarian,Punjabi,1,45,4,http://www.archanaskitchen.com/layered-paneer-butter-masala-biryani-recipe
Spicy Aloo Naan Recipe,"2 cups All Purpose Flour (Maida),2 teaspoons Active dry yeast,1/4 cup Curd (Dahi / Yogurt),2 teaspoon Sugar,2 teaspoons Sunflower Oil,Salt - to taste,3 Potatoes (Aloo) - boiled and mashed,1 Onion - finely chopped,2 Green Chillies - finely chopped,1/2 teaspoon Turmeric powder (Haldi),1/2 teaspoon Garam masala powder,Coriander (Dhania) Leaves - few,1/2 teaspoon Amchur (Dry Mango Powder),Salt - to taste,2 cloves Garlic - finely chopped","To begin making the Spicy Aloo Naan Recipe, in a large bowl add the cups of flour all the ingredients for the dough and adding little water at a time knead to make a firm and smooth dough.Grease the dough with a little oil on the top and allow it to rest covered in a warm place until it doubles in volume.Once the naan dough has doubled, punch down the dough, knead for a minute and divide into 5 to 6 portions.The next step is to make the spicy aloo masala for the naan.In a large mixing bowl, add the mashed potatoes and the remaining ingredients and stir well to combine. Check the salt and adjust to suit your taste.Take a portion of the naan dough, dust it in flour and roll it into a 2 inch diameter circle. Place a spoonful of the spicy aloo masala and cover the filling by pulling the dough over it. Dust it with flour and gently roll to make a bigger oval. Brush the stuffed aloo naan with oil and sprinkle garlic on the top. Place it on a greased baking sheet. Proceed the same way with the remaining portions of the dough and potato filling.Preheat the oven to 200 C for 15 minutes. Bake the Spicy Aloo Naan in the preheated oven for about 10 minutes until puffed up and golden in color.Once done, remove from the oven brush some butter on the top and serve. Serve the Spicy Aloo Naan as an appetizer for your parties or along with Paneer Makhani for a weeknight dinner.",North Indian Recipes,Lunch,Vegetarian,Punjabi,1,80,4,http://www.archanaskitchen.com/spicy-aloo-naan-recipe
Chole Pindi Recipe (Spicy Chickpea Curry),"1 cup Kala Chana (Brown Chickpeas) - soaked overnight,2 Cardamom (Elaichi) Pods/Seeds,1 Onion - finely chopped,1 Cinnamon Stick (Dalchini),1 inch Ginger - finely chopped and more for garnish,2 Green Chillies - slit,1/2 cup Homemade tomato puree,1/2 teaspoon Turmeric powder (Haldi),1 teaspoon Anardana Powder (Pomegranate Seed Powder),1 teaspoon Coriander Powder (Dhania),1/2 teaspoon Garam masala powder,1/2 teaspoon Amchur (Dry Mango Powder) - (or juice from one lemon),1/2 teaspoon Red Chilli powder,Sunflower Oil - for cooking or ghee,Salt - to taste,1 inch Ginger - thinly sliced,Lemon - wedges to serve","To begin making the Chole Pindi Recipe, we will first cook the soaked Kala chana chola (chickpeas) in the pressure cooker. Click to see the video recipe of how to cook legumes like chickpeas in a pressure cooker.Make sure to cook the chola with a little salt. After it is cooked, when you place it between your fingers, it should mash easily. That's when you know you have the perfect texture of the cooked chola.The next step is to proceed to make the masala for the Pindi Chola. Heat a teaspoon of oil in a heavy-bottomed pan over medium heat.Add the onion, ginger, green chillies, tomatoes, turmeric powder, coriander powder, garam masala powder, amchur powder, chilli powder, cinnamon stick and cardamom.Stir fry the spices along with the tomatoes, until the onions and tomatoes soften. Once the onions and tomatoes, soften, add the cooked Kala Chana and give it a good stir. Cover the pan, and simmer the Pindi Chole for about 5 minutes so the chola absorbs all the masalas and gets good flavors and taste. Turn off the heat and stir in the chopped coriander leaves.Transfer the Pindi Chole to a serving bowl, garnish with thinly sliced ginger and a squeeze of lemon.Serve the Chole Pindi Recipe along with Phulka for an exciting Lunch meal.",North Indian Recipes,Lunch,Vegetarian,Punjabi,1,620,4,http://www.archanaskitchen.com/chole-pindi-recipe-spicy-chickpea-curry
Traditional Amritsari Chole Recipe | Punjabi Chole Masala,"1 cup Kabuli Chana (White Chickpeas) - soaked overnight (8 hours),1 Tea bags,3 tablespoons Ghee,1 Onion - finely chopped,1 Green Chilli - finely chopped,2 inch Ginger - finely chopped,1 Tomato - finely chopped,1/2 teaspoon Turmeric powder (Haldi),1 tablespoon Amchur (Dry Mango Powder),1 teaspoon Black Salt (Kala Namak),Salt - to taste,Coriander (Dhania) Leaves - as required,1 inch Cinnamon Stick (Dalchini),5 Cloves (Laung),1 Brown cardamom (Badi Elaichi),1/4 teaspoon Methi Seeds (Fenugreek Seeds),1 tablespoon Cumin (Jeera) seeds,2 tablespoons Coriander (Dhania) Seeds,1 tablespoon Dried Anardana Seeds (Pomegranate Seeds Dried),5 Dry Red Chillies,1 teaspoon Whole Black Pepper Corns","To begin with, the Amritsari Chole Recipe, first prep all the ingredients and keep them ready. Ensure the Kabuli Chana/ Chickpeas was soaked for 8 hours or overnight in water. Add the soaked chana into the pressure cooker, add a teaspoon of salt and the tea bag. Ensure the water level is at least 2 inches above the level. of chana.Note: The addition of tea bag while cooking the chana, help give the Amritsari chole a lovely deep colour. If you don't have tea bags, then you can make a small potli and add dark tea leaves into it and tiet it with a cotton thread and add it to the pressure cookerPressure cook the chickpeas/ kabuli chana for about 35 to 40 minutes on medium heat. There will be multiple rounds of whistles from the pressure cooker. After the first 15 minutes, turn the heat to low and continue pressure cook for the remaining time.Turn off the heat and allow the pressure to release naturally. In the meanwhile,we will make the Amritsari Chole Masala Powder.Preheat a skillet over medium heat; add all the spices and ingredients mentioned in the Chole Masala Powder section - coriander seeds, cumin seeds, methi seeds, cinnamon, cloves, badi elaichi,red chillies, anardana seeds and black pepper corns. Roast all of them on medium high heat for about 5 minutes until you get a roasted aroma and the spices start getting a roasted colour. Ensure you keep stirring it while they are getting roasted - so they get roasted eventy from all sides.Once done, turn off the heat and allow it to cool a bit. Once cooled, add the roasted chole masala spices into a small jar of the mixer grinder and blend to make smooth powder.Keep the Amritsari chole masala powder aside.Final step is to bring all the masala together.Add 2 tablespoons of ghee to a preheated pan over medium heat; add the onion, ginger and saute until the onion softens.Once the onion softens, add the dry Amritsari chole masala, chopped tomatoes, turmeric powder and kala namak and saute the tomatoes until it becomes mushy and soft. Once the tomatoes are soft. Add the cooked kabuli chana/ chickpeas into the chole masala. Stir well to combine.Cover the pan and simmer the Amritsari Chole Masala for a good 15 minutes.After 15 minutes of simmering, keep the pan uncovered and cook it open until the Amritsari chole masala has a thick gravy consistency. Mash a few chana a little to make it a thick gravy if required. Check the salt at this stage and add more if required. Once done, add the remaining 1 tablespoon of ghee and give it a brisk boil for a minute and turn off the heat. Finally garnish with coriander leaves and serve hot.Serve the Amritsari Chole along with Bhatura, Puri, or Kulcha and pair it along with lacha pyaz, boondi raita and some green chillies by the side for a special weekend lunch.",Punjabi,Dinner,High Protein Vegetarian,Punjabi,1,50,3,https://www.archanaskitchen.com/amritsari-chole-recipe-white-chickpeas-in-spicy-gravy
Gujarati Kobi Marcha No Sambharo Recipe - Cabbage & Bell Pepper Stir Fry,"2 cups Cabbage (Patta Gobi/ Muttaikose) - thinly shredded,1 Onion - thinly sliced,1 Green Bell Pepper (Capsicum) - cut into thin strips,1 teaspoon Mustard seeds,1/2 teaspoon Methi Seeds (Fenugreek Seeds),1/2 teaspoon Turmeric powder (Haldi),2 teaspoons Sunflower Oil,1 teaspoon Lemon juice,Salt - to taste","To begin making Gujarati Kobi Marcha No Sambharo Recipe, heat oil in a pan on medium flame.Once the oil is hot, add the fenugreek and mustard seeds and let it splutter.After the mustard seeds have spluttered add the sliced onions and saute until it turns translucent.Add the shredded cabbage, turmeric powder and saute a little until the cabbages are half cooked.Once done add the capsicum and saute until the vegetables are cooked yet retaining their crunch . Add salt, turmeric powder, mix well and check for taste. Saute for half a minute till the haldi is uniformly mixed in the Gujarati Kobi Marcha No Sambharo.Switch off the heat, add lemon juice and give Gujarati Kobi Marcha No Sambharo a quick stir.Serve the Kobi Marcha No Sambharo (Gujarati Style Cabbage and Bell Pepper Stir Fry) rolled in the Methi Ragi Soy Wheat Thepla Recipe or tawa paratha for kids lunch boxes.",Gujarati Recipes,Side Dish,Vegetarian,Gujarati,1,20,4,http://www.archanaskitchen.com/gujarati-kobi-marcha-no-sambharo-recipe-cabbage-bell-pepper-stir-fry
Kathiyawadi Shaak Recipe,"300 grams Small Green brinjal (green aubergine) - finely chopped,15 cloves Garlic - finely chopped,2 Onions - finely chopped,1 cups Roasted Peanuts (Moongphali),2 cups Curd (Dahi / Yogurt),1 tablespoon Red Chilli powder,2 tablespoons Coriander Powder (Dhania),2 teaspoons Cumin powder (Jeera),1 teaspoon Turmeric powder (Haldi),2 teaspoons Garam masala powder,1 tablespoon Coriander (Dhania) Leaves - for garnish,1 tablespoon Sunflower Oil","To begin making Kathiyawadi Shaak Recipe, wash and finely chop the aubergines, keep it soaked in water until cooking further to avoid the oxidation.Roughly crush the peanuts in a mixer grinder and keep aside.Heat oil in a pan on medium heat, add in the garlic and saute until it flavours the oil. This will take about 2-3 minutes. Add the onions and saute until the mixture turns golden brown. This will take close to 5 minutes. Drain the water from the aubergines and add it to the pan and mix well. Let the aubergines cook till 3/4th in its own moisture.Add the red chilli, turmeric, cumin, coriander powder and mix well. Add the crushed peanuts, season with salt and cook until the aubergines are well cooked.Now, whisk in the curd to smooth consistency and add it to the pan. Turn the heat to low, and mix the whole mixture together. This will avoid the curd to curdle.Let the mixture simmer for 5 minutes and switch off the heat. Garnish with coriander leaves.Serve the Kathiyawadi Shaak Recipe along with Phulka, Gujarati Kadhi and Kachumber Salad for a delightful weeknight dinner.",Gujarati Recipes,Dinner,Vegetarian,Gujarati,1,30,4,https://www.archanaskitchen.com/kathiyawadi-shaak-recipe
Rajasthani Dal Muthia Recipe,"1 cup Yellow Moong Dal (Split),1/2 teaspoon Turmeric powder (Haldi),1 Green Chillies - finely chopped,Salt - as required,Water - as required,Ghee - as required,1/2 teaspoon Asafoetida (hing),1 teaspoon Red Chilli powder,2 Dry Red Chillies,1/2 teaspoon Mustard seeds,Coriander (Dhania) Leaves - Few sprigs,2 cups Whole Wheat Flour,3 tablespoons Sunflower Oil - hot,Salt - as required,Water - as required,1 teaspoon Ajwain (Carom seeds)","To begin making the Rajasthani Dal Muthiya recipe, firstly we will begin with the dal. Add mogar dal, green chillies, salt and turmeric powder in a pressure cooker with required amount of water.Cook it till the cooker releases 3 whistles. Open the lid and mix it properly using a spoon. (if you want the dal watery, you can add hot water according to your preference)The next step is to temper the dal. Heat ghee in a tadka pan and add mustard seeds, red chili powder, asafoetida, dry red chillies and salt. (You have already added salt while boiling the dal, so make sure that you add extra according to your taste).Pout the tadka on the dal and garnish it with chopped coriander leaves.To make muthiya, add flour, ajwain, salt in a large mixing bowl. Mix it well.Slowly add the oil and water to make a dough out of it. Once it is done, cover it with a cloth and keep aside for 15 minutes.After 15 minutes, make medium sized balls out of the dough and keep it aside.Meanwhile, heat oil in a frying pan. Once the oil is hot, turn the heat to low.Take the flour ball and press it between your hand using your fingers. Once it is done, drop the muthiya into the hot oil and fry it from both sides till it becomes light brown in colour. It will take some time to cook, so don’t be in a hurry to take it out.Take it out on a tissue paper to remove the extra oil.Follow the same process for the remaining dough and serve it hot with the dal.Serve Rajasthani Dal Muthiya on its own with fried chillies and Masala Chaas for a delicious weekend lunch.",Rajasthani,Lunch,High Protein Vegetarian,Gujarati,1,30,2,https://www.archanaskitchen.com/rajasthani-dal-muthiya-recipe
Baked Chevdo Recipe (Chivda Mixture -Tea Time Snack),"500 grams Poha (Flattened rice) - the super thin and flat variety,1/4 cup Sesame seeds (Til seeds),12 sprig Curry leaves - finely chopped,1/4 cup Roasted Peanuts (Moongphali) - halved and without skin,1/4 cup Slivered Almonds (Badam) - roasted,1/4 cup Raisins,4 Green Chillies - finely chopped (adjust),2 teaspoons Turmeric powder (Haldi),1/2 teaspoon Red Chilli powder - (adjust),1 teaspoon Asafoetida (hing),2 tablespoons Sugar - coarsely powdered,Salt - to taste,Sunflower Oil - for roasting","To begin with the Baked Chevdo Recipe, first preheat the oven to 220 C.Sift the beaten rice using a large sieve sifter to remove any fine excess powders.Do it in batches.Next, depending on the size of the oven, place the beaten rice on the baking sheet, drizzle a little bit of oil based on the quantity and then a little bit of salt.Now stir to combine the oil and salt into the beaten rice. The oil we add is just to make sure the salt gets coated onto the beaten rice to give a nice taste.Place the beaten rice into the oven and bake for 5 to 7 minutes until very very lightly browned. Monitor closely as each oven works differently.Proceed the same way with the remaining beaten rice and then keep them all together in a large bowl or a baking tray.Our next step is to roast each on the individual ingredients.In a small pan, dry roast the sesame seeds until it crackles. Once it does, then add it to the baked beaten rice.Add in the roasted peanuts and almonds into the beaten rice as well.(Dont stir as yet, the more you keep stirring, the beaten rice will tend to crumble.)Next heat half a teaspoon of oil in the same small pan; add in the raisins and roast until it bloats up. Remove from the heat and pour it over the beaten rice. If you let it roast for longer than the bloating stage, then the raisins will become stiff.Next add in half a teaspoon of oil into the above pan and roast the green chillies, until lightly crisp and browned. Pour this over the beaten rice again.Finally heat a teaspoon of oil in the above pan; once the oil is heated, turn off the heat - add to this oil - the turmeric powder, red chilli powder and asafoetida powder. Stir to mix well.Pour this over the beaten rice.Finally, add the powdered sugar and the curry leaf powder over the beaten rice.Now stir all the ingredients that you poured over the rice. The stirring has to be a folding action - gentle and more gentle. The nylon poha also known as the thin poha breaks apart very easily. Although in the process of mixing all the ingredient you will notice that some crumble, but that's ok.Make sure you mix the and finally check for the salt levels, adjust the spices like salt, sugar, chilli and asafoetida according to your taste.The Baked Chevdo (Chivda Mixture)is now ready to be served along with tea time snack.",Gujarati Recipes,Snack,Vegetarian,Gujarati,1,50,8,https://www.archanaskitchen.com/farali-batata-chivda-potato-chevda-fasting-recipe
Khakhra Pizza Recipe With Cheese Spread & Roasted Vegetables,"2 Homemade Whole Wheat Khakras,2 tablespoons Britannia Cheese Spread - Peppy Pizza,1 Green Bell Pepper (Capsicum) - finely chopped,2 Tomatoes - blanched & chopped,1/4 cup Sweet corn - steamed,1 sprig Basil leaves - roughly chopped,1 teaspoon Pizza seasoning,1 teaspoon Red Chilli flakes","To begin making the Khakhra Pizza Recipe (Whole Wheat Crisp Flatbread Pizza), you can either make your khakra at home or buy the store bought ones. Here is the recipe to make the homemade khakhra recipeHeat the butter in a broad skillet pan, add capsicum and saute for a few minutes until softened. Add the blanched and chopped tomatoes, corn and italian seasoning and cook until the corn gets well coated with the capsicum and seasoning. Stir in the basil leaves and turn off the heat.The final step is to make the Khakhra pizza.Place a khakhra on a serving plate, spread a large tablespoon of Britannias Peppy Pizza Cheese Spread which adds a great taste and flavor to the pizza,Once spread, sprinkle the corn topping over the khakhra and voila the pizza is ready to be served. Serve the Khakhra Pizza as a tea time snack or as a quick after school snack for kids or serve it as a snack along with Masala Chai/Espresso Coffee.",Indian,Snack,Vegetarian,Gujarati,1,35,2,https://www.archanaskitchen.com/khakhra-pizza-recipe-whole-wheat-crisp-flatbread-pizza
Puran Poli Recipe | Gujarati & Maharastrian | Sweet Spiced Stuffed Paratha With Jaggery,"2 cups Whole Wheat Flour,1/4 teaspoon Salt,2 tablespoons Sunflower Oil,Ghee - for cooking/ serving,1 cup Arhar dal (Split Toor Dal),3/4 cup Jaggery,10 Saffron strands,1 teaspoon Cardamom Powder (Elaichi),1/2 teaspoon Nutmeg powder,2 tablespoons Gram flour (besan) - or more if required","To begin making the Gujarati Puran Poli Recipe, we will first make the dough. Add whole wheat flour into a large bowl; add salt and combine it with little water at a time and knead until the dough gathers together to form a firm dough yet soft dough. Add the 2 tablespoons of oil to coat the dough and knead for a couple of more minutes until smooth and firm. Cover and let the dough sit in a cool place until we get the puran filling ready. Divide the dough into 6 portions.Soak the dal for 15 to 20 minutes in water.Add the soaked dal with 1-1/4 cups of water (includes the soaked water) into the pressure cooker and pressure cook for 4 to 5 whisltes and turn off the heat. Allow the pressure to release naturally. Once the pressure releases, give the dal a quick mash.The next step is the make the puran filling. Into a heavy bottomed pan, add the cooked dal, and jaggery.Keep stirring until the jaggery dissolves completely.Stir in the saffron, cardamom and nutmeg to the jaggery mixture until well combined to make the puran poli filling. Add the besan at this point and mix it into the dal mixture and ensure it blends well without any lumps.Continue stirring the puran poli mixture until the dal mixture begins to thicken and leaves the sides of the pan.At this point turn off the heat and allow the puran poli mixture to cool completely. Divide the dough and puran mixture into 6 portions.Keeping a little flour for dusting handy on a plate; roll out the puran poli dough into 3 inch diameter circles.Place a portion of the puran poli mixture into the center of the circle.Bring edges of the circle towards the center and fold over to cover the entire filling; making sure the edges are all sealed well by pinching them together if there is any opening.Flatten the stuffed dough; dust over a little flour and roll gently into a 4 to 6 inch diameter circle taking care not to put too much pressure as the puran can come out of the dough.Preheat a skillet on medium high; place the rolled puran poli onto the skillet to cook until golden brown on both sides. At this point you can cook it along with ghee to make the puran poli crisp and delicious. Or you can make a dry puran poli and serve it along with ghee.Repeat the above process for all the remaining dough and puran portions.Serve the Gujarati Puran Poli hot with ghee smeared on the top as it is or along with Undhiyu and Gujarati Kadhi to make a delicious meal.",Gujarati Recipes,Dessert,Vegetarian,Gujarati,1,80,5,https://www.archanaskitchen.com/puran-poli-recipe-with-toor-dal-and-chana-dal
Fenugreek Paneer Bhurji Recipe in Creamy Gravy,"1 cup Homemade tomato puree,1 Onion - roughly chopped,2 cloves Garlic,1 inch Ginger,1/4 teaspoon Turmeric powder (Haldi),1/4 teaspoon Red Chilli powder,1/4 teaspoon Garam masala powder,Salt - to taste,Sunflower Oil - for cooking,2 tablespoons Fresh cream,1/2 teaspoon Cumin seeds (Jeera),1/4 teaspoon Turmeric powder (Haldi),1 Onion - finely chopped,2 Green Chillies - finely chopped,1 inch Ginger - grated,1 Green Bell Pepper (Capsicum) - finely chopped,1 Tomato - finely chopped,3/4 cup Methi Leaves (Fenugreek Leaves) - finely chopped,2 teaspoons Kasuri Methi (Dried Fenugreek Leaves),200 grams Paneer (Homemade Cottage Cheese) - crumbed,Salt - to taste,Red Chilli powder - to taste,Sunflower Oil - for cooking,4 sprig Coriander (Dhania) Leaves - finely chopped","To begin making the Methi Paneer Bhurji Recipe in Creamy Gravy, first prep all the ingredients as per instructions and keep them ready for cooking.Make the homemade tomato puree and the homemade paneer. Crumble the paneer and keep aside. The next step is to make the gravy. In a heavy bottomed pan, heat a teaspoon of oil on medium heat. Add the onion, garlic and ginger and saute the onions until they are lightly browned and caramelized.Once the onions are caramelized, turn off the heat. Allow it to cool a bit and grind in the small jar of the mixer grinder to make a smooth onion paste.Into the same heavy bottomed pan, add little oil and add the onion paste back turn the heat back to medium. Add the turmeric powder, red chili powder and garam masala powder. Saute for a few seconds in the onion paste mixture and then add the tomato puree. Stir well to combine and bring the tomato mixture to a boil.You can optionally add a tablespoon of butter to give it a richer taste. Add the salt and adjust the spices to suit your taste. Stir in the cream, turn off the heat and keep the gravy mixture aside.The next step it to make the Paneer Bhurji. Heat oil in a heavy bottomed pan, add the cumin seeds and allow it to crackle. Once the seeds crackle, add the chopped onion, bell peppers, ginger, green chilies and saute until they are soft and cooked through. Once done, add the tomatoes, turmeric powder, fenugreek leaves, kasuri methi and stir fry for 3 to 4 minutes until the methi leaves wilt down and soften. Stir in the crumbled paneer, salt and chili powder and combine all the ingredients well.Once the paneer bhurji is done, add this to the spicy creamy tomato gravy. Give the Paneer Bhurji Gravy a brisk boil and turn off the heat. Check the salt and spices once again and adjust to suit your taste.Once done, stir in the chopped coriander leaves into the Methi Paneer Bhurji and serve warm.Serve the Methi Paneer Bhurji in Creamy Gravy along with Phulkas and a Summer Lettuce Salad for a wholesome weeknight dinner or even make it for parties when you have friends and family over.",North Indian Recipes,Lunch,High Protein Vegetarian,Punjabi,1,55,4,http://www.archanaskitchen.com/methi-paneer-bhurji-recipe-in-creamy-gravy
Punjabi Style Moth Beans Dal Recipe (Matki),"1 cup Moth Dal (Matki) - soaked overnight,1 Onion - chopped,1 Tomato - chopped,1 Green Chilli - chopped,1 inch Ginger - chopped,4 cloves Garlic - chopped,1 teaspoon Cumin seeds (Jeera),1 teaspoon Amchur (Dry Mango Powder),2 teaspoons Garam masala powder,1 teaspoon Red Chilli powder,1 teaspoon Turmeric powder (Haldi),Salt - to taste,Sunflower Oil,1 Green Chilli - chopped,1/2 inch Ginger - sliced","To begin making the Punjabi Style Moth Beans Dal Recipe, we will soak the moth beans over night and keep it ready.Heat a pressure cooker with oil, add cumin seeds and allow it to crackle. Add ginger and garlic, saute until they turn soft.Add onions and saute well till they turn translucent. Add chopped tomatoes and sprinkle with salt and cook till it turns mushy.Add all the spice powders that are mentioned above and give it a mix. Add soaked moth beans with 2 cups of water and adjust the salt levels.Close it with the lid and cook for 4 whistle and turn off the heat. Allow the pressure to release naturally and open the lid.Serve it over a serving bowl and garnish it with green chilli and chopped ginger.Serve the Punjabi Style Moth Beans Dal Recipe along with hot phulka or Homemade Butter Naan or just with plain steamed rice.",Punjabi,Lunch,High Protein Vegetarian,Punjabi,1,55,4,http://www.archanaskitchen.com/punjabi-style-moth-beans-dal-recipe-matki
Punjabi Style Arbi (Recipe In Hindi),"500 gm arabic, 1 onion - finely chopped, 3 green chillies - chopped straight, 2 teaspoons ghee, 1 teaspoon cumin, salt - as per taste, 1 teaspoon red chilli powder, 1/4 teaspoon garam masala powder, 1 teaspoon Amchoor, 1 teaspoon Turmeric Powder, Coriander - For Garnish (as per use)","To make Punjabi style Arabic vegetables, first wash the Arabic. After washing, remove the skin and cut it out into thin long pieces. Now heat oil in a pan and add cumin seeds. After 15 seconds, add green chilies and let it cook for 1 minute. After 1 minute add onions and cook till they become soft. Add the Arabs to it and cook for 4 minutes. After 4 minutes add all the dry spices to it. Do not add mango powder and garam masala at this time. Reduce the heat and cook until the arbi is cooked. Bitch kept shaking in between. After the arbi is cooked, add mango powder and garam masala powder, mix it and let it cook for 1 minute more. Turn off the gas and serve hot. Serve Punjabi Style Arabic Sabzi with Panchamel Dal, Spinach Raita and Phulka for dinner.",Punjabi,Lunch,Vegetarian,Punjabi,1,55,4,https://www.archanaskitchen.com/punjabi-style-arbi-recipe-in-hindi
Punjabi Sabut Moong Ki Dal Recipe (Whole Green Lentils Cooked With Punjabi Spices),"1 cup Green Moong Dal (Whole),2 Onions - roughly chopped,2 Tomatoes - roughly chopped,1 inch Ginger - pounded,4 cloves Garlic - roughly pounded,2 Green Chillies,1 teaspoon Sunflower Oil,1 teaspoon Cumin seeds (Jeera),1/4 teaspoon Garam masala powder,Salt - to taste,1/2 teaspoon Turmeric powder (Haldi),1 teaspoon Ghee,1/2 teaspoon Kashmiri Red Chilli Powder,Coriander (Dhania) Leaves - chopped","To begin making the Punjabi Sabut Moong Ki Dal, first wash the green moon thoroughly under running water and soak the lentils for 3-4 hours or overnight. Ensure that there is sufficient water in the vessel to submerge the lentils completely.When ready to cool the dal, place a pressure cooker on the heat. Add whole moong dal with 3 cups of water, salt and turmeric powder to it. Shut the lid and allow it to cook on a high heat. When the pressure cooker releases one whistle, reduce the heat to low and continue to cook for 6 minutes before you turn the heat off. Allow the cooker to rest till the pressure has released naturally and the weight is easy to pull off. When the lid comes off without any resistance, you will know that the pressure has released completely and the cooker can be opened. Set the cooked moong aside.Place a kadai on the heat, add some oil to it and warm it up slightly. Add jeera seeds to it and toss till they gently brown.Add the chopped onions, green chilli, ginger and garlic to the oil and sauté it all until the onions are golden brown.When the onions turn brown, add tomatoes and sauté for a few minutes until the tomatoes are fully cooked.Add the cooked dal and garam masala at this stage and simmer for 2-3 minutes.In a tempering/tadka pan or ladle, melt the ghee. When it is warm, add the Kashmiri mirchi powder, saute for 30 seconds and pour the tempering over the dal right before serving.Add a dash of lemon juice and garnish with coriander leaves and serve hot Serve the Punjabi Sabut Moong Ki Dal with fresh Phulkas or Lachcha Parathas, with sliced onions and a dash of lemon for a simple comforting meal.",North Indian Recipes,Lunch,High Protein Vegetarian,Punjabi,1,40,2,http://www.archanaskitchen.com/punjabi-sabut-moong-ki-dal-recipe-whole-green-lentils-cooked-with-punjabi-spices
Whole Wheat Palak Naan Recipe,"2 cups Whole Wheat Flour,1/2 cup Spinach Leaves (Palak) - finely chopped (tightly packed),1 teaspoon Baking soda,1-1/2 teaspoon Salt - (adjust to taste),1/2 teaspoon Sugar,1 tablespoon Sunflower Oil,1 cup Curd (Dahi / Yogurt),Ghee - for smearing on naan,Kalonji (Onion Nigella Seeds) - or sesame seeds to sprinkle","To begin making the Whole Wheat Palak Naan, first add the flour, palak, salt, sugar, baking soda, oil into a mixing bowl and combine.Make a well in the center and all curd and begin to knead the dough together. Work it until it is a smooth dough dough. Add water if needed so make it a soft and slightly sticky dough. Do not be tempted to add more flour, the dough needs to be on the wetter/stickier side. Rub oil all over the dough, cover and let it rest for about 30 minutes.When ready to make the naans, divide the dough into 6-8 equal parts.Taking each portion at a time, dust a little flour if needed to roll and using a rolling pin or fingers, press the portion out into a thick, flat disc shaped like a naan.Rub water over the rolled out naan and sprinkle sesame seeds, kalonji seeds, and finely chopped palak leaves.Place a skillet on the heat and when it is warm enough, place the rolled naan over a hot tawa with the side sprinkled with kalonji facing the top. Cover and cook for about a minute on medium low flame.Now lift the tawa off the heat and flip the naan over, directly on to the heat. This ensures you get a charred smoky flavor to the naan, mimicking the tandoori flavour.Once done, take the naan off the heat/tawa and rub with ghee.Repeat with rest of the dough and serve hot naans with Mushroom Pasanda or Green Moong Dal Makhani.",North Indian Recipes,Dinner,High Protein Vegetarian,Punjabi,1,50,4,http://www.archanaskitchen.com/whole-wheat-palak-naan-recipe
Malai Matar Paneer Recipe (Cottage Cheese & Peas In Rich Creamy Gravy),"1 cup Green peas (Matar),1 tablespoon Cashew nuts - paste,1/2 tablespoon Poppy seeds - paste,1/2 cup Yogurt,1 tablespoon Green Chilli - paste,1/2 cup Onion - chopped,1 teaspoon Garlic - paste,1 teaspoon Coriander Powder (Dhania),1 tablespoon Coriander leaves - chopped","To begin making the Malai Matar Paneer recipe, in a kadai/wok heat oil and add garlic paste. As it turns light brown, add chopped onion. Fry onion until the onion becomes soft and translucent.Next, add poppy seed paste, green chilli paste, coriander powder, salt, sugar and cook it for about 5 minutes. After 5 minutes, add green peas and yogurt. Cook the same for about 3 to 4 minutes. Once the green peas are soft, add paneer cubes and give a stir. Add 1/2 cup of warm water and let it cook for 5 minutes.After 5 minutes, add cashew nut paste and cook for about 7 to 8 minutes. Check seasoning and garnish it with some chopped coriander leaves and give a stir. Malai Matar Paneer is ready to serve.Serve Malai Matar Paneer along with Lauki Raita, Kachumber Salad and Phulkas for a weekday meal with your family.",North Indian Recipes,Dinner,High Protein Vegetarian,Punjabi,1,45,4,http://www.archanaskitchen.com/malai-matar-paneer-recipe-cottage-cheese-peas-in-rich-creamy-gravy
Punjabi Style Tinda Sabzi Recipe,"8 Tinda (Apple Gourd) - peeled,1 Onion - finely chopped,4 cloves Garlic - minced,1 Tomato - chopped,2 tablespoons Tomato - paste,1/2 teaspoon Coriander Powder (Dhania),1/2 teaspoon Cumin powder (Jeera),1 teaspoon Garam masala powder,1 teaspoon Red Chilli powder - (or as required),1 tablespoon Sunflower Oil,1 teaspoon Cumin seeds (Jeera),1/4 teaspoon Turmeric powder (Haldi),1/4 teaspoon Asafoetida (hing),Salt - to taste","To begin making the Punjabi Style Tinda Sabzi, first heat oil in a heavy bottomed pan.Add the cumin seeds and once they splutter add the garlic, onion and saute till the onion turns translucent.Once done add the chopped tomato, tinde, tomato paste, asafoetida, turmeric powder, salt, red chilli powder and stir.Cook covered till the vegetable becomes soft, stirring once or twice. Add little water if required.When the vegetables are nearly cooked sprinkle cumin powder, coriander powder and garam masala on the sabzi and stir. Cook for about 2 minutes and then turn off the heat.Transfer Punjabi Style Tinda Sabzi and serve hot garnished with coriander leaves. Serve Punjabi Style Tinda Sabzi along with Dal Tadka, Palak Raita and Phulka for a weekday lunch.",Punjabi,Lunch,Vegetarian,Punjabi,1,20,4,https://www.archanaskitchen.com/punjabi-style-tinda-sabji-recipe
Dhokla Sandwich With Capsicum And Paneer Recipe,"1 cup Poha (Flattened rice) - ground to powder,1 cup Curd (Dahi / Yogurt),1/2 cup Sooji (Semolina/ Rava),1/2 cup Gram flour (besan),1 Green Chilli - chopped,1 teaspoon Cumin seeds (Jeera),1 inch Ginger - chopped,1 teaspoon Enos fruit salt,Salt - to taste,Sunflower Oil,1 teaspoon Cumin seeds (Jeera),1 teaspoon Mustard seeds,1 sprig Curry leaves,1 pinch Asafoetida (hing),Sunflower Oil,1 Red Bell pepper (Capsicum) - chopped,1 Yellow Bell Pepper (Capsicum) - chopped,1 Green bell peppers - chopped,1 cup Paneer (Homemade Cottage Cheese) - crumbled,1/2 cup Green Chutney (Coriander & Mint),2 tablespoons Red Chilli sauce","To begin making the Dhokla Sandwich with Capsicum and Paneer Recipe, firstly prepare a steamer filled with water and grease the dhokla plates. Keep aside.Grind the poha to a smooth powder in a mixer grinder and keep it aside. In the same mixer, add green chillies, ginger and cumin seeds and grind to a coarse paste.Add this paste to a mixing bowl and combine all the other ingredients - semolina, powdered poha, besan, salt, Enos fruit salt and mix well.Add yogurt and enough water and mix to form a thick batter. Rest the batter for 15 minutes until you move on to chop ingredients for your stuffing. Pour the dhokla batter into the greased dhokla plates.Preheat a steamer with water and place the dhokla batter for steaming. Steam on high heat for about 10 minutes until a tester inserted in the center comes out clean.Once steamed, remove the Dhokla from the steamer and keep aside for 5 minutes. Set aside to cool down.Heat a pan with oil, add bell peppers and saute for 10 minutes until it softens. Later add crumbled paneer and keep sautéing until the paneer is cooked.Once that is done, you can add the mint and coriander chutney, red chili garlic sauce and check for salt. Stir well until the mixture is evenly coated with the masala. Set aside to cool.Cut the dhokla to triangles or rectangular shapes as you wish and flip it over. Heat a grilling pan, once the pan becomes hot drizzle some oil and place the dhokla to get the grilled marks on top.Flip the dhokla pieces and grill them on the other hand as well and take them out. Take two grilled pieces of dhokla and stuff them with the filling and place them on the serving plate. Do the same for the rest of the pieces.Heat oil in a pan; add in the mustard seeds, cumin seed, hing and curry leaves and allow it to crackle. Turn off heat and pour the seasoning over the dhokla and serve hot. Serve the Dhokla Sandwich with Capsicum And Paneer Recipe along with Apple Almond Date Smoothie or Masala Chai to make it a complete breakfast or you can serve it with a fruit bowl to enjoy your evening snack.",North Indian Recipes,Snack,Vegetarian,Gujarati,1,55,4,http://www.archanaskitchen.com/dhokla-sandwich-with-roasted-capsicum-paneer-recipe
Punjabi Garam Masala Powder Recipe,"50 Grams Cumin seeds (Jeera),50 Grams Cardamom (Elaichi) Pods/Seeds,30 Grams Coriander (Dhania) Seeds,30 Grams Whole Black Peppercorns,20 Grams Fennel seeds (Saunf),10 Grams Cinnamon Stick (Dalchini),10 Grams Cloves (Laung),10 Grams Bay leaves (tej patta),10 Grams Dry ginger powder,2 Nutmeg - whole nutmeg","To begin making the Punjabi Garam Masala Powder Recipe, we will first get all the ingredients together and ready.Preheat a skillet on medium heat and roast all the ingredients together except the ginger powder, on low to medium heat until you can smell the aromas coming through.Make sure you keep stirring continuously, so the spices don't get burnt. Once the spices are roasted well (about 4 to 5 minutes), turn off the heat and allow it to cool.Once the spices are cooled down, using a Food Grinder, make a fine powder of the spices. The Punjabi Garam Masala Powder is now ready. Store the Garam Masala in an airtight glass jar and use as and when required. For longer shelf like, you can freeze the bottle and use it as desired.",North Indian Recipes,Vegetarian,Vegetarian,Punjabi,1,30,200,https://www.archanaskitchen.com/indian-garam-masala-powder-recipe
Gujarati Style Osaman Dal Recipe,"1 cup Arhar dal (Split Toor Dal),1/2 teaspoon Turmeric powder (Haldi),Salt - to taste,1 teaspoon Mustard seeds,1 teaspoon Cumin seeds (Jeera),2 Cloves (Laung),1 inch Cinnamon Stick (Dalchini),1 teaspoon Cardamom Powder (Elaichi),1 Green Chilli - chopped,4 cloves Garlic - sliced,1 sprig Curry leaves,1 tablespoon Jaggery,Ghee - for tempering","To begin making the Gujarati Osaman Dal Recipe, in a pressure cooker combine the toor dal with water, turmeric powder and salt, pressure cook for 4 whistles.Once done, switch off the heat, allow the pressure to release naturally. Open the lid and start mashing the dal to bring the dal and water together. Heat a tadka pan with ghee on medium flame, add mustard seeds, cumin seeds, cloves, cinnamon stick and cardamom powder and allow it to splutter in the oil for a few seconds. Add the jaggery and allow it to melt into the mixture. Once the jaggery has melted, add curry leaves, green chillies,and garlic and saute for few seconds. Add toor dal mixture and mix well. Add salt as needed and stir into the Gujarati Osaman Dal. Serve the Gujarati Osaman Dal Recipe along with Steamed Rice, Sweet & Spicy Raw Papaya Moongfali Ki Subzi Recipe by the side.",Gujarati Recipes,Lunch,High Protein Vegetarian,Gujarati,1,35,4,http://www.archanaskitchen.com/gujarati-style-osaman-dal-recipe
Kathiawadi Dhokli Nu Shaak Recipe,"1 cup Gram flour (besan),Salt - to taste,Turmeric powder (Haldi) - a pinch,1/2 teaspoon Red Chilli powder,1 teaspoon Ajwain (Carom seeds),1-1/2 cup Water,1 tablespoon Sunflower Oil,Curry leaves - few,1 teaspoon Cumin seeds (Jeera),1/2 teaspoon Mustard seeds,Asafoetida (hing) - a pinch,Salt - to taste,1/2 teaspoon Garam masala powder,1/2 teaspoon Red Chilli powder,1 cup Buttermilk,Coriander (Dhania) Leaves - to garnish","To begin making the Kathiyawadi Dhokli Nu Shaak, firstly we will make the dhokli. In a mixing bowl, mix gram flour, salt, red chilli powder, turmeric powder and carom seeds. Add required water and mix to make a batter. Next, grease a dhokla plate. Transfer the dhokli batter into the plate and steam cook it for 10 to 15 minutes.Later remove from the steamer and allow it to cool. Once it cools down, cut it into small pieces and keep them aside. The next step is to make the curry. Heat oil in a heavy bottomed pan on medium flame.Add mustard seeds and once it splutters add cumin seeds, asafoetida and curry leaves. Saute for about a minute.After a minute, add butter milk, salt, red chilli powder and garam masala into it. Mix everything and cook on sim till the curry starts boiling. This may take 2 to 3 minutes. Now add the diced dhokli, simmer and allow to boil for 3 to 4 minutes. Switch off and garnish with coriander leaves. Serve Kathiawadi Dhokli Nu Shaak along with Aloo Bhindi Ki Sabzi, Cucumber Green Chilli Raita and Phulka for a weekday meal.",Gujarati Recipes,Lunch,Vegetarian,Gujarati,1,45,4,http://www.archanaskitchen.com/kathiawadi-dhokli-nu-shaak-recipe
Cabbage Carrot Onion Pudina Thepla Recipe,"1 cup Cabbage (Patta Gobi/ Muttaikose),1 Carrot (Gajjar),1 Onion,2 cups Whole Wheat Flour,1 Green Chilli - finely chopped,1/4 cup Mint Leaves (Pudina) - chopped,1 teaspoon Cumin powder (Jeera),Salt - to taste,Water - to knead,1 tablespoon Sunflower Oil - to knead","To begin making the Cabbage Carrot Onion Pudina Thepla Recipe, we will first attach the chopping blade into the food processor and then add the cabbage and onion in the processor. Close the lid and turn on the food processor. Finely chop the onion and cabbage. Remove the chopping blade and attach the grating blade. Add the carrot through the spout of the food processor and grate the carrots. Once done remove the grating blade and attach the kneading blade. Add the flour, close the lid and turn on the food processor to mix everything well. Next add in the green chillies, mint leaves, cumin powder, salt to taste and start the blender. Slowly, add little water at a time to bring the dough together. Drizzle oil through the spout and continue to blend until the dough comes away from the side of the bowl.If your dough looks too sticky, then add some more flour to the processor and blend. Once done, take out the dough into a bowl.Divide the Cabbage Carrot Onion Pudina dough into lemon sized portions and keep aside.Dust a worktop with flour and roll the dough in flour. With the help of the rolling pin flatten the balls into a 5 inch diameter circle. The thepla should be nice and thin to cook evenly and quickly.Preheat a tawa on high heat and place the Cabbage Carrot Onion Pudina Thepla on the hot tawa. Flip after a few seconds once you notice small bubbles forming on the top. Drizzle oil over the Cabbage Carrot Onion Pudina Thepla and flip again after a few seconds. Drizzle oil on the other side again. Continue to flip and cook the thepla on high heat until golden brown spots appear.The continuous flipping and cooking motion helps to cook the theplas properly and also ensures that they remain soft.Continue the similar process with the remaining rolled portions and serve hot.Serve the Cabbage Carrot Onion Pudina Thepla Recipe along with Gujarati Kadhi Recipe and Khatti Meethi Tindora Sabzi for a delicious everyday meal.",Indian,Lunch,Vegetarian,Gujarati,1,40,4,http://www.archanaskitchen.com/cabbage-and-carrot-spiced-paratha-recipe
Beetroot & Sesame Thepla Recipe,"1 Beetroot - grated,2 cups Whole Wheat Flour,1 teaspoon Cumin powder (Jeera),1 teaspoon Amchur (Dry Mango Powder),1 teaspoon Garam masala powder,1 teaspoon Red Chilli powder,3 Green Chillies,1 teaspoon Ghee,3 teaspoon Sesame seeds (Til seeds),Salt - to taste,Chilled water - as needed","To begin making the Beetroot & Sesame Thepla Recipe, wash and peel the beetroot skin. Grate the vegetable finely.Take a mixing bowl and add the grated beetroot. Add all the masala powder, salt and ghee. Mix all the ingredients.Add whole wheat flour into the mixing bowl and knead it to a smooth dough with enough water.Take a small portion of the wheat flour dough and flatten it using a rolling pin into form a flat round dough.Heat the Tawa to medium heat & add the thepla on the hot tawa.Cook the beetroot thepla for about a minute & then flip and cook on the other side for a minute or till done.Apply butter or oil as needed to grease it while cooking.Serve the Beetroot & Sesame Thepla Recipe along with a Besan Kela Subzi, Gujarati Dal, and salad by the side to make it a nutritious meal.",North Indian Recipes,Side Dish,Vegetarian,Gujarati,1,40,4,http://www.archanaskitchen.com/beetroot-sesame-thepla-recipe
Makai Dhokla Recipe - Savoury Steamed Corn Cake,"1 cup Sweet corn,1 cup Corn meal,1/2 cup Curd (Dahi / Yogurt) - whisked,2-3 Green Chillies - chopped,1 inch Ginger - sliced,1/4 teaspoon Asafoetida (hing),1/4 teaspoon Turmeric powder (Haldi),1 teaspoon Enos fruit salt,1/2 teaspoon Lemon juice,1/2 teaspoon Sugar,Salt - to taste,Coriander (Dhania) Leaves - Chopped for garnishing,Sunflower Oil - for greasing the plates/moulds,2 tablespoon Sunflower Oil,1/2 teaspoon Mustard seeds,1/2 teaspoon Cumin seeds (Jeera),1 sprig Curry leaves - torn,1/4 teaspoon Asafoetida (hing),1/2 teaspoon Red Chilli powder","To begin making the Makai Dhokla, firstly crush the sweet corn in a blender along with green chilies and ginger.In a mixing bowl add the crushed corn paste, corn dalia and sour curd. Add asafoetida, turmeric powder, salt, sugar, lime juice and mix everything well.Add water to make a thick, dropping consistency batter and keep it aside for 30 minutes.Meanwhile, prepare the steamer and grease two 8 inch steel plates or any moulds of choice with a little oil.Add the fruit salt to the Dhokla batter, mix well and immediately pour the batter into the prepared plates/moulds.Steam for 12-15 minutes or till a knife/ tester inserted comes out clean.The next step is tempering. In a small pan heat the oil and add the mustard seeds and once they crackle, add the cumin seeds.Add the curry leaves, asafoetida and red chilli powder and take the pan off the heat.Drizzle this tempering (tadka) over the steamed dhokla using a spoon.Serve Makai Dhokla with Dhaniya Pudina Chutney and hot Masala chai.",Gujarati Recipes,Snack,High Protein Vegetarian,Gujarati,1,65,4,http://www.archanaskitchen.com/makai-dhokla-savoury-steamed-corn-cake-recipe
Fada Ni Khichdi Recipe,"1 cup Broken Wheat (Dalia/ Godumai Rava),1/4 cup Yellow Moong Dal (Split),1/2 teaspoon Turmeric powder (Haldi),1/2 teaspoon Garam masala powder,1 tablespoon Ghee,1 Carrot (Gajjar) - finely chopped,1/4 cup Green beans (French Beans) - finely chopped,Salt - to taste,1/2 teaspoon Whole Black Peppercorns - coarsely crushed,2 Cloves (Laung),1 Cardamom (Elaichi) Pods/Seeds,1/2 inch Cinnamon Stick (Dalchini),1 sprig Curry leaves,1/2 inch Ginger - grated,2 Green Chillies - slit,1/2 tablespoon Cumin seeds (Jeera),1 Dry Red Chilli,1/4 teaspoon Asafoetida (hing)","To begin making Fada Ni Khichdi recipe, firstly soak the moong dal in warm water for 15 mins. In a small pressure cooker, heat half of the ghee. After adding the ghee, add cloves, cardamom, cinnamon stick, curry leaves, ginger, green chillies, cumin seeds, dry red chilli, asafoetida, shahi jeera. Once these begin tgo sizzle add in the lapsi.Fry the lapsi in the ghee for 2 mins till a nice aroma comes out.After 2 minutes, add the soaked and drained moong dal and fry for 1-2 mins.Add the veggies- carrots, beans and saute again for 3-4 mins and add salt according to your taste.Once it is done, add the turmeric powder and garam masala powder.Now add 2-3 cups of water for a slightly runny khichdi or 2 cups of water for a grainy khichdi. Pressure cook it till the cooker releases 2-3 whistles. Let the pressure come down on its own.Now add the black pepper and stir. Adjust salt and spices according to your taste and mix it properly.Serve Fada Ni Khichdi along with Coriander Tadka Raita Recipe, Gujarati Gor Keri Recipe - Sweet And Spicy Raw Mango Pickle, and papad by the side.",Gujarati Recipes,Lunch,Vegetarian,Gujarati,1,50,4,http://www.archanaskitchen.com/fada-ni-khichdi-recipe
Gujarati Valsadi Vada Recipe - Multigran Masala Vada,"1 cup Wheat Berries/ Whole Wheat,1 cup Rice,1 tablespoon Jowar Seeds - grains,1 tablespoon Arhar dal (Split Toor Dal),1 tablespoon Chana dal (Bengal Gram Dal),1 tablespoon White Urad Dal (Split),1 cup Curd (Dahi / Yogurt),1 inch Ginger - grated,2 Green Chillies - finely chopped,1/4 teaspoon Turmeric powder (Haldi),1/4 teaspoon Asafoetida (hing),Salt - to taste,Sunflower Oil - for frying","To begin making the Gujarati Valsadi Vada Recipe take a heavy bottom pan and dry roast all the grains and dals separately on a low to medium heat till they turn light brown. Once roasted, keep it aside for coolingStart with whole wheat, next rice, then jowar, tuvar dal chana dal and finally urad dal.Grind the mix grains into a coarse Powder in a Flour Mill. Store them in an Airtight container for increasing its shelf life.For making Gujarati Valsadi Vada, take a cup of roasted flour and add turmeric powder , asafoetida, salt, ginger, chili and yogurt.The consistency of Valsadi Vada batter should be of thick consistency. Give it a good mix and keep aside for two hours.Heat oil in a deep frying pan over medium heat. Once the oil is preheated, spoon or make small rounds of the vada and slide it into the hot oil. Deep fry the alsadi Vada medium heat till crisp and browned on all sides.Transfer the Valsadi Vada on a plate lined with kitchen towel for removing excess oil. Fry the remaining batches of vadas in the same wayServe the Gujarati Valsadi Vada along with a spicy Pudina Chutney Recipe as a tea time snack along with Masala Chai.",Gujarati Recipes,Snack,Vegetarian,Gujarati,1,55,4,https://www.archanaskitchen.com/gujarati-valsadi-vada-recipe-multigrain-masala-vada
Ratalu Pakora Recipe - Purple Yam Pakora/Fritters,"1 cup Purple yam,1 cup Gram flour (besan),1/2 cup Water,1/2 teaspoon Salt,1 teaspoon Turmeric powder (Haldi),1 teaspoon Red Chilli powder,1/4 teaspoon Asafoetida (hing),pinch Baking soda,Sunflower Oil - for deep frying","To begin making the Ratalu Pakora recipe, firstly if you are using fresh yam, wash them in water and slice them into long slices. In a bowl, add besan flour, salt, spice powders, hing, baking soda and mix them well.Now, add water to the flour mixture little by little and mix them with a spatula.The batter should be thick and should be in the consistency of dosa batter. Meanwhile, heat oil in Wok/Kadai over medium heat. Once the oil is and reached required consistency such that a ball dropped into it rises steadily, take a slice of yam, dip it in the batter and drop it into the oil. Fry until they turn golden in color flipping through half way. Repeat the same for the remaining available yam slices.Prepare this Ratalu Pakoras and serve with Dhaniya Pudina Chutney, or Tomato Chutney on the side.",Gujarati Recipes,Snack,Vegetarian,Gujarati,1,40,15,http://www.archanaskitchen.com/ratalu-pakora-recipe-purple-yam-fritters
Kadai Chole Recipe- Dry Chickpeas Masala with Capsicum,"1 cup Kabuli Chana (White Chickpeas) - Soaked Overnight,2 Onions - diced in chunks,1 Green Bell Pepper (Capsicum) - diced in chunks,4 cloves Garlic - finely chopped,1 inch Ginger - finely chopped,2 Green Chilli - Slit,1 Tomato - Pureed,1 Cinnamon Stick (Dalchini),3 Cloves (Laung),1 Bay leaf (tej patta),1 Black cardamom (Badi Elaichi),1 teaspoon Coriander Powder (Dhania),1/2 teaspoon Cumin powder (Jeera),1 teaspoon Kashmiri Red Chilli Powder,1/2 teaspoon Amchur (Dry Mango Powder),1/2 teaspoon Garam masala powder,1/2 teaspoon Ajwain (Carom seeds),2 tablespoons Ghee,Salt - to taste","To begin making Kadai Chole Recipe, first wash and soak the chickpeas for 6 hours or overnight in water.Cook the chana in the pressure cooker along with salt and 3 cups water for about 30 minutes until soft. Heat ghee in a large kadai on medium heat; add the ajwain, onions, ginger, garlic, green chilli, cinnamon, cloves, cardamom, bay leaves and saute until the onions softened.Add the capsicum and stir fry the capsicum on high heat until the capsicum is just about soft. It should retain its green colour.Stir in the tomatoes,and all the dry masalas - Coriander Powder, Red chili powder, cumin powder, garam masala powder, amchur powder and salt.Give it a stir and finally add the cooked chana masala into the kadai. Add a little more ghee at this stage and cook the Kadai Chole along with the masalas until it gets well coated with the spices.Keep heat on low and cover the pan and cook the Kadai Chole for about 5 minutes minutes till all the flavors blend well with each other and turn off the heat.Check the taste and adjust the salt and spices accordingly. Once done, transfer the Kadai Chole to a s serving bowl and serve hot.Serve Kadai Chole with Mixed Vegetable Handi, Pudina Tawa Paratha and Mooli Raita Recipe for a perfect weekend dinner. You can also add a Gobi Biryani, Dal Makhani and a Moong Dal Halwa and make a perfect north indian menu for parties.",North Indian Recipes,Lunch,Vegetarian,Punjabi,1,55,4,https://www.archanaskitchen.com/kadai-chole-recipe-dry-chickpeas-with-capsicum
Rasawala Dhokla Recipe,"2 cups Gram flour (besan),1/2 cup Curd (Dahi / Yogurt),2 Green Chillies - made into paste,1 inch Ginger - made into paste,1 tablespoons Lemon juice,1 teaspoon Enos fruit salt,Salt - to taste,1 tablespoon Sunflower Oil,1 teaspoon Mustard seeds,1/2 teaspoon Cumin seeds (Jeera),1/2 teaspoon Asafoetida (hing),2 Green Chillies,1 teaspoon Red Chilli powder,1/4 teaspoon Turmeric powder (Haldi),2 tablespoon Jaggery - grated,1 tablespoon Tamarind Paste,Salt - to taste,4 sprig Coriander (Dhania) Leaves - chopped,1 tablespoon Sunflower Oil,1 teaspoon Mustard seeds,1/2 teaspoon Cumin seeds (Jeera),1/2 teaspoon Asafoetida (hing),2 Green Chillies,1 teaspoon Red Chilli powder,1/4 teaspoon Turmeric powder (Haldi),2 tablespoon Jaggery - grated,1 tablespoon Tamarind Paste,Salt - to taste,4 sprig Coriander (Dhania) Leaves - chopped","To begin making the Rasawala Dhokla recipe, in a large bowl combine the salt, yogurt and besan, whisk it together along with water to make a thick batter.Set the batter aside for 3 to 4 hours and allow it to ferment. After 3 to 4 hours, all the lemon juice, ginger garlic paste and enos fruit salt. Whisk well to combine.Prepare the steamer by preheating it with 1 cup water at its bottom. Grease the dhokla plates with oil.Pour the dhokla batter into each plate, filling only up to half its level.Steam for about 12 to 15 minutes on high heat with the lid covered, until the dhoklas are cooked, that when a tester like a clean knife when inserted into the centre comes out clean. Turn off the heat and allow it to rest for 5 minutes in the steamer.Take out the dholka plates from the steamer and allow it to cool completely before you can cut them into square or diamond pieces. Arrange them on a serving platter.The next step is to make the rasa. Heat oil in a heavy bottomed pan. Add mustard seeds, cumin seeds, hing and green chillies.Once it splutter add turmeric powder, red chilli powder, tamarind pulp, jaggery and salt.Add water as required and make a thin sauce. Bring to boil.Drop the dhoklas and allow them to simmer in the rasa for 3 to 4 minutes.Garnish with coriander and serve immediately. Serve Rasawala Dhokla along with Gujarati Methi Thepla and Masala Chai for a filling and delicious breakfast with your family.",Gujarati Recipes,North Indian Breakfast,Vegetarian,Gujarati,1,15,4,http://www.archanaskitchen.com/rasawala-dhokla-recipe
Oats Methi Muthia Recipe-Healthy Diabetic Friendly Muthia,"1/4 cup Instant Oats (Oatmeal) - powdered,1/4 cup Jowar Flour (Sorghum),1/4 cup Gram flour (besan),2 tablespoons Sooji (Semolina/ Rava),2 tablespoons Curd (Dahi / Yogurt),1/2 cup Methi Leaves (Fenugreek Leaves) - finely chopped,2 Green Chillies - finely chopped,1 inch Ginger - finely chopped,1/4 teaspoon Turmeric powder (Haldi),Salt - to taste,1 teaspoon Sunflower Oil,1/2 teaspoon Mustard seeds,1 teaspoon Sesame seeds (Til seeds),1/2 teaspoon Asafoetida (hing),1 sprig Curry leaves","For the Oats Methi MuthiaTo begin making the Oats Methi Muthia Recipe, powder the oats in a mixer grinder and keep it ready.In a large mixing bowl, combine, the powdered oats, jowar flour, besan flour, sooji, dahi, methi, green chillies, ginger, turmeric powder, and salt.Add very little water just to bring the Methi Muthia dough together. We need a nice, firm dough. Do not knead the dough too much.Once the muthia dough has come together, divide the dough into three parts, now shape them into long hot dog style rolls and set aside.Heat a steamer on high heat, place these muthia rolls on the steamer plate and cover and cook for 15 minutes.After 15 minutes, open the lid, insert a greased knife into one of the rolls to check if the Oats Methi Muthia has cooked, if the knife comes out clean it is steamed well.If not continue to cook for a few more minutes until done. Remove these Oats Methi Muthia from the steamer and allow it to cool.Once the Oats Methi Muthia have cooled, cut them into roundels and set aside.For the tadkaIn a pan heat oil, on medium heat, add mustard seeds, and curry leaves and allow them to crackle.Next add the sesame seeds and asafoetida, add the Oats Methi Muthia and toss for a few seconds.Serve this Oats Methi Muthia Recipe along with Lehsuni Pudina Chutney Recipe and Irani Chai Recipe as an evening snack.",Gujarati Recipes,Snack,Diabetic Friendly,Gujarati,1,35,4,http://www.archanaskitchen.com/oats-methi-muthia-recipe-healthy-diabetic-friendly-muthia
Radish and Wadi vegetable recipe,"2 Mooli/ Mullangi (Radish) - finely chopped,10 Badi (wadi) - punjabi masala one,1 Onion - finely chopped,1/2 teaspoon Mustard seeds,1 tablespoon Mustard oil,1/4 teaspoon Cumin seeds (Jeera),1/2 teaspoon Turmeric powder (Haldi),Red Chilli powder - to taste,Salt - to taste,2 sprig Coriander (Dhania) Leaves - chopped to garnish","To begin making the Mooli And Wadi Ki Sabzi, firstly finely chop or grate the radish.Crush the wadis and roast them till they are crisp and keep them aside.To the same pan add mustard and cumin seeds. Let them splutter.Next, add radish, salt and saute for about 3-0 seconds. Cover the lid and keep stirring in between.When almost done, add fried crushed wadi, turmeric and red chilli powder. Saute for 3 to 4 minutes so that radish takes in all the spices.Switch off, garnish Mooli And Wadi Ki Sabz with coriander leaves and serve hot.Serve Mooli And Wadi Ki Sabzi along with Panchmel dal, Phulka and Boondi Raita Recipe Spiced With Black Salt for weekday lunch or dinner.",Punjabi,Lunch,Vegetarian,Punjabi,1,30,4,https://www.archanaskitchen.com/mooli-and-wadi-ki-sabzi-recipe
Potato Vegetable Recipe - Lu Tomato Key Vegetable,"4 Potatoes (Aloo) - peeled and cut in 1 inch cubes,2 teaspoon Sunflower Oil,1 teaspoon Kalonji (Onion Nigella Seeds),1 inch Ginger - grated,1 Onion - finely chopped,1 inch Cinnamon Stick (Dalchini),1 Bay leaf (tej patta),2 Tomatoes - finely chopped,1/2 teaspoon Turmeric powder (Haldi),1 teaspoon Red Chilli powder,1 teaspoon Garam masala powder,1 teaspoon Coriander Powder (Dhania),Salt - to taste","To begin making the Batata Nu Shaak Recipe/ Aloo Tamatar Sabzi, heat a pressure cooker with oil on medium heat; add the kalon, and allow the kalonji seeds and allow it to crackle.Add ginger, onion, cinnamon stick, bay leaf and saute until the onions soften.Once the onion softends, add the tomatoes, turmeric powder, red chilli powder, coriander powder, garam masala powder and salt.Saute the tomatoes until it becomes soft.Once soft, stir in the aloo/ batata and add water till it covers the potato.Cover the pressure cooker and pressure cook the batata nu shaak/ aloo tamatar sabzi for 4 to 5 whistles. After 4 to 5 whistles turn off the heat and allow the pressure to release naturally.Once the pressure releases, check the taste and adjust the salt and spices accordingly.Stir in the chopped coriander leaves and transfer the Batata Nu Shaak / Aloo Tamatar Sabzi to as serving bowl and serve hot.Serve Batata nu Shaak / Aloo Tamatar Sabzi along with Methi Thepla or Puri, Kadhi, Desi Chana, and steamed rice for a delicious lunch or dinner.",Gujarati Recipes,Lunch,Vegetarian,Gujarati,1,20,4,http://www.archanaskitchen.com/batata-nu-shaak-recipe-aloo-tamatar-ki-sabzi
Gujarati Lasaniya Batata Recipe - Garlic Potato Curry,"250 grams Baby Potatoes,12 cloves Garlic - chopped,1 tablespoon Sunflower Oil,1 teaspoon Cumin seeds (Jeera),3/4 cup Gram flour (besan),1 tablespoon Coriander Powder (Dhania),1 teaspoon Garam masala powder,1 tablespoon Red Chilli powder,1/2 teaspoon Turmeric powder (Haldi),1/2 cup Curd (Dahi / Yogurt),Salt - to taste,1 tablespoon Coriander (Dhania) Leaves - chopped","To begin making the Gujarati Lasaniya Batata Recipe (Garlic Potato Curry), boil and peel the baby potatoes and keep aside.Heat oil in a heavy bottomed pan and fry till golden on medium heat.In the same wok heat 2 tablespoons of oil, add cumin seeds and wait till they crackle. Add chopped garlic and sauté for a while.Now add gram flour and cook for another five minutes on a slow heat.Add coriander powder, garam masala powder, red chilli powder, turmeric powder and cook for another minute.Remove the wok from heat and then add whisked yogurt, a little water and place the wok on fire again and cook. When the curry starts to thicken add fried baby potatoes and mix well such that the masala coats well. Season with salt as needed and turn off the gas. Garnish with chopped coriander and serve hot. Serve Gujarati Lasaniya Batata along with Palak Dal, Lauki Raita and Phulka for an everyday meal.",Gujarati Recipes,Side Dish,Vegetarian,Gujarati,1,45,2,https://www.archanaskitchen.com/gujarati-lasaniya-batata-recipe-garlic-potato-curry
Whole Wheat Naan Recipe,"2 cups Whole Wheat Flour,1-1/2 teaspoons Active dry yeast,3/4 cup Lukewarm Water,1 teaspoon Sugar,2 tablespoon Curd (Dahi / Yogurt),Salt - to taste","To begin making the Whole Wheat Naan Recipe, in a large mixing bowl, combine the flour, sugar, salt and yeast. Add yogurt and a little lukewarm water at a time and knead to make a smooth dough. Knead well for at least 4 to 5 minutes so the dough gets a good texture once it gets cooked.Cover the dough and allow it to rest in a warm place for at least 2 hours until it doubles in size.Once the dough has doubled in size, punch the dough down and knead for a couple of more minutes. Make 6 to 8 portions of this dough and allow this to rest for another 10 minutes. The portions of dough will rise again a bit.Dust flour on a working surface and roll them into ovals or circles and take care not to roll them too thin.Heat a skillet on medium heat, place the rolled whole wheat naan over the heated skillet and cook on both sides. You will notice brown spots come on the top and the naans will puff up with air pockets. If you have a gas flame, you can optionally cook it directly over the flame once it is partially done on the skillet.Once done, remove from skillet, smear some butter and serve warm.Serve the healthy and delicious Whole Wheat Naan along with your Paneer Butter Masala or Kadai Paneer along with a salad and raita for a weeknight dinner or for parties.",North Indian Recipes,Dinner,Diabetic Friendly,Punjabi,1,170,4,http://www.archanaskitchen.com/whole-wheat-naan-recipe
Gujarati Meetha Pudla Recipe With Caramelized Bananas,"1/2 Cup Jaggery - grated,1/3 cup Water,1 cup Whole Wheat Flour,Nutralite Classic Spread - as required,Nutralite Classic Spread - as required,1 Ripe Bananas - sliced into rounds (large banana),2 tablespoons Jaggery - powdered,1 teaspoon Cardamom Powder (Elaichi),1/2 cup Fresh coconut,1/4 cup Cashew nuts","To prepare Gujarati Meetha Pudla Recipe, in a mixing bowl, soak jaggery in water for few minutes to be dissolved.Add whole wheat flour into jaggery water and blend it using blender or you can use your fingers to mix the jaggery well into the batter. Pudla Batter should not be thin, but instead of a thick spreading consistency.Heat a flat skillet and melt the Nutralite Classic on the pan over medium heat. Spoon the pudla batter and make mini pancakes with the pudla batter. Allow the meetha pudla to look on medium heat and you will notice the top of the pudla getting cooked. Once the top is cooked, flip over and cook on the other side until golden brown.To make the stuffing, heat a skillet and met the Nutralite classic and jaggery. Once melted, add the bananas and the cardamom powder. Gently caramelize the bananas in the jaggery until it gets well coated and sticky.Once done, turn off the heat.In another small pan, melt a little Nutralite Classic again, add the cashew nuts and roast on medium heat until light browned and crisp.Place these mini meetha pudla on a serving platter, spoon the caramelized bananas with jaggery, sprinkle some coconut and top it with roasted cashew nuts and serve the Meetha Pudla as a sweet for parties and festivals.",Gujarati Recipes,Dessert,Vegetarian,Gujarati,1,40,10,https://www.archanaskitchen.com/gujarati-meetha-pudla-recipe-sweet-whole-wheat-pancake
Spiced Rajma Pulao Recipe - Spiced Kidney Bean Rice,"1 cup Basmati rice,1/4 cup Rajma (Large Kidney Beans),2 cloves Garlic - finely chopped,2 Cloves (Laung),1 Bay leaf (tej patta),1 inch Cinnamon Stick (Dalchini),2 Cardamom (Elaichi) Pods/Seeds,1 teaspoon Black pepper powder,1 tablespoon Ghee,Salt - to taste","To begin making the Rajma Pulao Recipe, we will first have to soak the kidney beans for at least 8 hours. Once soaked well, cook the beans in the pressure cooker along with salt until soft.Drain the excess liquids from the Rajma and you can use it for a soup or vegetable stock. We only need the beans for the Pulao Recipe.Once the beans is cooked, we will proceed to make the Pulao. Rinse the rice in water and keep aside.Using a pestle and motar pound the cardamom, cinnamon and cloves to a fine powder and set aside.In a saucepan, heat a tablespoon of ghee. Add the garlic and the spices and stir-fry for a few seconds until you can smell the aromas coming through. Add the rice, the cooked rajma, the black pepper powder, salt to taste along with 1-1/2 cups of water.Allow the pulao mixture to come to a boil and then turn the heat to low. Cover the pan and simmer to cook the rice until the rice has been fully cooked and all the water has been absorbed.Turn off the heat and let the Rajma Pulao to rest for 10 minutes before you can open to stir. Serve the Rajma Pulao with Punjabi Kadhi or Palak Raita accompanied along with crispy Masala Papad.",Indian,Dinner,Vegetarian,Punjabi,1,65,4,https://www.archanaskitchen.com/spiced-rajma-pulao-recipe-spiced-kidney-bean-rice
Onion Rava Bhakri Recipe (Goan Kanyachi Bhakri),"1 cup Sooji (Semolina/ Rava),1 Onion - finely chopped,2 tablespoons Fresh coconut - grated,1 teaspoon Jaggery - crushed,1/2 teaspoon Salt,2 tablespoons Coriander (Dhania) Leaves - finely chopped,1 Green Chilli - finely chopped,1 teaspoon Turmeric powder (Haldi),Ghee - or oil to smear while cooking","To begin making the Onion Bhakri Recipe (Goan Kanyachi Bhakri), we will first soak the rava in 1-1/2 cup of water for about 30 minutes. After about 30 minutes, drain the excess water using a fine mesh colander.Add the soaked rava to a large mixing bowl and add all the ingredients and stir well to combine. Adjust the salt to suit your taste. The next step is the cook the Onion Bhakri.Grease and preheat a skillet over medium heat. Add one ladleful of batter onto the skillet and spread it just a bit to make a thick pancake. Turn the heat to low, cover the pan and cook the Onion Bhakri for about 5 minutes. The process of covering the pan, allows the Onion Bhakri to steam cook and come together like a bread/pancake. Half way through the cooking process, drizzle some ghee around the sides and the top. Once you notice the top is cooked a little, flip over the cook the Onion Bhakri on the other side. Cook until the Onion Bhakri is cooked through completely and is golden brown and crisp on both sides.Serve the Onion Bhakri or Kanyachi Bhakri along with a mixed vegetable korma for breakfast, lunch or even a quick weeknight dinner.",Goan Recipes,Lunch,Vegetarian,Gujarati,1,45,4,https://www.archanaskitchen.com/onion-rava-bhakri-recipe-goan-kanyachi-bhakri
Jowar Atta Pyaz Thepla Recipe – Sorghum Wheat Onion Thepla,"1 cup Whole Wheat Flour,1-1/2 cup Jowar Flour (Sorghum),2 Onion - finely chopped,1 Green Chilli - finely chopped,1 teaspoon Coriander Powder (Dhania),2 teaspoon Garam masala powder,2 teaspoon Amchur (Dry Mango Powder),1 teaspoon Turmeric powder (Haldi),Salt - to taste,Sunflower Oil","To begin making the Jowar Atta Pyaz Thepla Recipe, in a large mixing bowl add chopped onions, green chilli, coriander powder, garam masala, amchur and turmeric, salt, whole wheat flour and the jowar flour.Add water little at a time and form a firm dough which is not sticky. Knead it well to form a dough. Rest the thepla dough for at least 10 minutes and shape them into medium sized balls.Dust it with wheat flour and roll the Jowar Atta Pyaz Thepla dough gently to make a thin circular thepla.The diameter of the Jowar Atta Pyaz thepla depends on how thin or thick you want it to be. Repeat the same process with the remaining dough portions.Preheat the skillet on medium flame. Place the rolled Jowar Atta Pyaz thepla gently on the tawa and cook on both sides, drizzle oil or ghee and cook till the thepla have brown spots on either side.Once done, stack the theplas one over the other and serve hot.Serve the Jowar Atta Pyaz Thepla Recipe along with Dal Palak, Aloo Parwal Sabzi, Gor Keri Pickle , Palak Raita Recipe for a wholesome lunch or dinner.",North Indian Recipes,Side Dish,Diabetic Friendly,Gujarati,1,35,4,http://www.archanaskitchen.com/jowar-atta-pyaz-thepla-recipe-sorghum-wheat-onion-thepla
Basundi / Rabri Recipe,"2 liter Milk,3/4 cup Sugar - (I like adding a little less sugar please adjust according to your taste),1 teaspoon Cardamom Powder (Elaichi),2 Saffron strands,1/4 cup Badam (Almond) - or pistachios","To begin making the Basundi Recipe, we will first have to condense the milk. To do this, place the milk on high heat over a heavy bottomed sauce pan and bring it boil.Add the sugar and stir continuously until the sugar dissolves. Once the sugar has dissolved and the milk is boiling vigorously for a few minutes reduce the heat to low and simmer the milk mixture stirring continuously until it is reduced to three fourths of its original quantity. The condensation will cause the cream from the milk to settle on the sides and bottom of the pan. Its important to keep scraping down the cream and adding it back to the condensing milk.The mixture will begin to thicken and get a creamy texture. It is important to make sure towards the end of the condensing process to be close to the stove monitoring the milk and stirring it continuously. The last stages are when the condensed milk can get burned at the bottom of the pan and completely alter the taste of the basundi.Note Again: During the process of condensation of the milk, keep stirring the cream that keep forms, as it will stick to the sides and bottom of of them pan, while stirring keep scrapping down the sides and bottom to prevent burning of the cream.Once the milk has reduced to half of its original quantity, turn off the heat. The Basundi (Rabri) is almost ready. All you have to do now is to stir in the cardamom powder and the finely chopped nuts.Transfer the Basundi (Rabri) to a serving dish and allow it to cool before you can refrigerate for 3-4 hours. Serve the Basundi (Rabri) hot or cold, during any season or serve it as a party dessert and enjoy.Note: You can add fruits like Lychee's and Strawberries to make a delicious Strawberry Rabri or Lychee Rabri. And serve the Rabri chilled for the warm winter nights or after a spicy Indian Meal.Serve the Basundi as part of a dessert along with Badam Elaichi Kulfi Recipe With Condensed Milk, Pista ice cream and Falooda to make a quick Indian sundae. Likewise you can serve Rabri with Homemade Jalebi Recipe or Malpua With Rose And Saffron Syrup Recipe",Gujarati Recipes,Dessert,Vegetarian,Gujarati,1,55,4,http://www.archanaskitchen.com/basundi-recipe-a-nutty-condensed-milk-pudding
Kala Chana Masala Curry Recipe,"2 cups Kala Chana (Brown Chickpeas) - soaked overnight,Sunflower Oil - as required,1 Bay leaf (tej patta),1 teaspoon Cumin seeds (Jeera),1 teaspoon Mustard seeds,1/2 teaspoon Asafoetida (hing),2 Green Chillies - finely chopped,2 Tomato - chopped,1/2 tablespoon Whole Wheat Flour,Salt - as required,Water - as required,1 teaspoon Red Chilli powder,1/2 teaspoon Turmeric powder (Haldi),1 teaspoon Coriander Powder (Dhania),3/4 teaspoon Lemon juice,3 sprig Coriander (Dhania) Leaves - finely chopped","To begin making the Kala Chana Masala recipe, firstly boil the soaked black chickpeas in a pressure cooker until the cooker release at least 3 whistles. When they are soft, drain the water and keep them aside.Heat oil in a heavy bottomed pan. Add cumin seeds, mustard seeds and hing. Let the mustard seeds crackle.Once it is done, add the tomatoes and green chillies and let it cook for about 5 minutes.Meanwhile mix the whole wheat flour properly with 3 tablespoons water. Keep it aside.Add the black chickpeas in the pan. Next, add red chilli powder, turmeric powder, coriander powder, salt and the whole wheat flour mixture.Mix everything properly and let it cook for about 2 to 3 minutes. Once done add the lemon juice and garnish it with chopped coriander leaves.Serve Kalal Chana Masala along with Phulkas and Gujarati Dal for a perfect weekday meal. You can also pack this in your lunch box along with Pudina Tawa Parathas.",Rajasthani,Lunch,High Protein Vegetarian,Punjabi,1,40,4,http://www.archanaskitchen.com/black-chana-masala-recipe
Healthy Carrot Methi and Mooli Thepla Recipe,"2 cups Whole Wheat Flour,1 teaspoon Turmeric powder (Haldi),1 teaspoon Red Chilli powder - (optional),1 teaspoon Cumin powder (Jeera),1/2 teaspoon Asafoetida (hing),1/2 cup Carrot (Gajjar) - grated,1/2 cup Mooli/ Mullangi (Radish) - grated,1/2 cup Methi Leaves (Fenugreek Leaves) - finely chopped,1 Green Chilli - finely chopped,Sunflower Oil - for cooking the thepla,Salt - to taste","To begin making the Carrot Methi & Mooli Thepla Recipe, in a large bowl combine all the dry ingredients - whole wheat flour, cumin seeds, turmeric powder, chilli powder, asafoetida powder, fenugreek leaves and mix well. Add the yogurt to the flour mixture and knead into a firm smooth dough adding little water only if required. Finally add the two tablespoons of oil to coat the dough and knead until it is firm and smooth.Cover and allow the dough to rest for 15 minutes. Preheat the iron skillet on medium heat. Divide the thepla dough into equal portions.Roll the thepla portions into balls; flatten them with the palm of your hand.Dust the thepla dough with flour and roll them out into thin circles to approximately 6 inches in diameter. As you roll them out, you can keep dusting the dough in dry flour to prevent sticking when rolling them out.Continue the same process of rolling the thepla dough out with the remaining dough balls. It is ideal when you can roll out the all portions of thepla dough before you can start cooking them.Method of Cooking the TheplaHeat a skillet on high heat, place the rolled out dough on the skillet. After a few seconds you will notice small air pockets popping out. At this point flip the methi thepla and smear about 1/2 a teaspoon of oil and using a flat spatula, lightly press and turning motion to cook to the thepla.Flip to the other side and press and turn in a similar way. You will notice brown spots around the cooked thepla. Remove from heat and place on a flat plate.Continue the similar process with the remaining rolled out portions and stack the cooked theplas one above the other. Stacking them maintains softness and prevents the methi theplas from drying out, preserving moisture, keeping their texture super soft.Note that the theplas are cooked on high heat and hence cook very fast; if you find the high heat inconvenient reduce heat to medium. Make sure you have your exhaust on or windows open, as cooking on high heat on an iron skillet causes a little smoke.Serve the delicious Carrot Methi & Mooli Thepla Recipe along with Batata Nu Shaak | Aloo Ki Sabzi or just rolled up with pickle.",Gujarati Recipes,Lunch,Vegetarian,Gujarati,1,45,4,http://www.archanaskitchen.com/healthy-carrot-methi-mooli-thepla-recipe
Kala Chana Masala Recipe,"1 Cup Kala Chana (Brown Chickpeas),1 Onion - finely chopped,1 inch Ginger - grated,2 cloves Garlic - mashed,1 inch Cinnamon Stick (Dalchini),1/4 cup Homemade tomato puree,1/2 teaspoon Turmeric powder (Haldi),1 teaspoon Red Chilli powder,1 teaspoon Garam masala powder,1 teaspoon Coriander Powder (Dhania),2 tablespoon Figaro Pure Olive Oil,Salt - to taste,4 sprig Coriander (Dhania) Leaves - roughly chopped for garnish","To begin making the make Kala Chana Masala, first wash and soak the chickpeas for 6 hours or overnight in 2 cups of water. Transfer chickpeas to Pressure Cooker with 2-1/2 cups of water and cook until for 6 to 7 whistles, turn the heat to low and cook for another 15 minutes until done.Heat pure olive oil in a saucepan over medium heat, add the grated ginger, onion and garlic and saute for few seconds.Stir in the tomato puree, turmeric powder, coriander powder, garam masala, chilli powder, salt and the cooked chickpeas.Stir to combine. Allow the mixture to come to a boil over medium heat.Once the mixture begins to boil, turn the heat to low and simmer the mixture for 20 to 30 minutes. Adjust the consistency and taste of the dish according to your taste, by adding water and spices.If adding water let Kala Desi Chana simmer for few more minutes. Turn off the heat. Garnish with chopped coriander leaves. Serve hot with Puri/Paratha.",North Indian Recipes,Dinner,High Protein Vegetarian,Punjabi,1,155,4,https://www.archanaskitchen.com/kala-chana-masala-recipe
Maharashtrian Kalanyachi Bhakri Recipe With Groundnut Chutney,"1 kg Jowar Seeds,250 grams Black Urad Dal (Whole),1 teaspoon Salt,1 cup Roasted Peanuts (Moongphali) - roasted,3 Green Chillies - chopped,Coriander (Dhania) Leaves - handful,8 cloves Garlic,Salt - to taste,2 tablespoon Sunflower Oil,1 teaspoon Mustard seeds,1 teaspoon Cumin seeds (Jeera),6 Curry leaves","To begin making the Kalanyachi Bhakri- Chutney first, make the flour stock.Grind the jowar ,urad and salt to a fine powder. This is usually done in the flour mill.To make the Kalna BhakriTake about 2 cups of the above flour. Add water and knead to make a stiff pliable doug ball.Divide the dough into 4-5 parts and roll them into balls.Dust a working surface with some flour.Take 1 dough ball and flatten itin your palm. Keep the rest covered with a kitchen towel.Pat the dough ball into a circle on the work surface to about 6-7 inches round (you should get a thin circle)Heat a heavy iron griddle.Carefully lift the bhakri and place on the hot griddle.Apply some water over the entire upper side of bahkri.Use a flat spatula and flip it. Cook till brown spots appear on the bottom side of the bhakri (about 1 minute on high flame)Flip again and cook it directly on the flame till it ballons up or till it is well cooked.Repeat this for the rest of the dough balls.Serve hot with green groundnut chutney.For the green groundnut chutney:Grind together groundnuts,3-4 garlic cloves,coriander,green chillies and salt to a paste using some water.Heat oil in a panAdd the mustard seeds and once they splutter add the cumin seeds.Slice the rest of the garlic cloves and add them to the oil.Add the curry leaves and then the ground paste.Stir and fry it for about 3-4 minutes.Serve hot or cold with the Kalanyachi Bhakri Recipe.",Maharashtrian Recipes,Main Course,Vegetarian,Gujarati,1,45,6,http://www.archanaskitchen.com/maharashtrian-kalanyachi-bhakri-recipe-with-groundnut-chutney
Kathiawadi Adad Dal Recipe - Spicy Urad Dal,"1 cup White Urad Dal (Split),2 Tomatoes - chopped,1 teaspoon Ginger Garlic Paste,4 Green Chillies - slit (adjust to taste),1/2 teaspoon Turmeric powder (Haldi),Lemon juice - to taste,Curry leaves - a few,Coriander (Dhania) Leaves - a small bunch,Salt - to taste,2 teaspoons Ghee,1 teaspoon Mustard seeds,1/2 teaspoon Cumin seeds (Jeera),1 pinch Asafoetida (hing) - (a generous pinch),1/2 teaspoon Red Chilli powder","To begin making Kathiyawadi Adad Dal Recipe, wash urad dal and add in a pressure cooker, along with about 4 cups of water and turmeric. Pressure cook on medium high heat for a whistle or two, till the dal is almost mushy. Get prep with all other ingredients as well, while the dal is cooking. Once the dal is pressure cooked, allow the cooker to release pressure by itself.Once the pressure in the cooker is released, open the lid and mash the dal with a masher/ladle/hand blender. Keep this aside.In a saucepan, heat cooking oil/ghee on a medium heat. Once hot, add the mustard seeds and allow it to crackle. Once they crackle, add the cumin seeds and allow them to sizzle. Immediately add in the hing (asafoetida) and curry leaves and allow the curry leaves to splutter for a couple of seconds.To the saucepan, add ginger garlic paste, and green chillies, fry for about 1-2 minutes on medium heat or till teh raw smell disappears.Add chopped tomatoes, red chilli powder , salt and saute till tomatoes are mushy.Now add the mashed urad dal, remaining salt and turn the heat to high. Bring to a rolling boil.Once everything is combined well, switch off heat, add lemon juice and coriander leaves . Stir well to combine.Serve Kathiyawadi Adad Dal Recipe with Whole Wheat Palak Naan Recipe, Gujarati Lasaniya Batata Recipe to make a complete weekday dinner menu.",Gujarati Recipes,Side Dish,High Protein Vegetarian,Gujarati,1,35,4,http://www.archanaskitchen.com/kathiyawadi-adad-dal-recipe
Passion Fruit- Shrikhand Shots Recipe,"1 cup Curd (Dahi / Yogurt),1 Passion fruit - (pulp needed),1 tablespoon Caster Sugar,1/4 teaspoon Cardamom Powder (Elaichi),1 pinch Saffron strands - mixed with 1 tablespoon warm milk,1-2 tablespoon Chocolate chips,1 Passion fruit - (pulp needed)","To begin making Passion Fruit- Shrikhand Shots Recipe, put a strainer on a bowl and arrange a thin muslin cloth over it. Pour curd in the strainer and tie the edges. Refrigerate the bowl for at least 3-4 hours.Cut the passion fruit into two halves and scoop out the flesh using a spoon. We would be adding pulp of 1 passion fruit to our thick curd and will be using the pulp extracted from another passion fruit while assembling our shrikhand shots.After 3-4 hours, all the excess water from the curd would have collected in the bowl. Squeeze out all the remaining excess water and transfer the curd to a wide bowl. (Read here to know how you can use the leftover water/whey)Whisk the curd well with the help of a beater. Add powdered sugar, cardamom powder, kesar mixed with milk and passion fruit pulp. Whisk well to combine.Assembling Shrikhand ShotsTake 4 shot glasses and add about a teaspoon of passion fruit pulp in them. Then add the prepared shrikhand in the glasses.Top it up with chocolate chips. Chill the shots and serve. If you want, you may add chopped nuts to this shrikhand for the crunchy bite or can even garnish it with chopped nuts.Serve Passion Fruit- Shrikhand Shots Recipe after a festive meal of Matar Paneer Recipe , Whole Wheat Palak Naan Recipe, Saunf Aloo & Dal Kebab Recipe , Saffron Pilaf Recipe and Yellow Pumpkin Dal Recipe for a complete dinner meal.",Indian,Dessert,Vegetarian,Gujarati,1,255,4,http://www.archanaskitchen.com/passion-fruit-shrikhand-shots-recipe
Bardoli Ki Khichdi Recipe,"2 cups Rice,1.5 cups Arhar dal (Split Toor Dal),2 Potatoes (Aloo) - Cut into cubes,1/2 cup Green peas (Matar),1/2 cup Mango (Raw) - grated,1 Onion - finely chopped,2 inch Ginger - finely chopped,2 Green Chillies - finely chopped,1 teaspoon Turmeric powder (Haldi),1 teaspoon Red Chilli powder,1 teaspoon Cumin seeds (Jeera),1/4 teaspoon Asafoetida (hing),1.5 tablespoon Ghee,1 tablespoon Coriander (Dhania) Leaves - finely chopped for garnish,Salt - to taste","To begin making Bardoli Ki Khichdi Recipe, wash and soak the rice and dal separately for 30 minutes.In a pressure cooker pan, heat a tablespoon of ghee, add in the cumin seeds and let it sizzle.Add the asafoetida, onion and saute until it turns translucent. Add the ginger, green chilies and saute for a minute. Add the grated raw mango and mix well.Now to the pressure cooker add in the cubed potatoes, green peas, turmeric, red chilli powder, mix well and let it cook for 2 minutes.Drain the water from the soaked rice, tur dal and add it to the pressure cooker.Add 4 cups of water, season with salt, close it with a lid and cook the khichdi for 4 whistles.Once the pressure has released naturally, open the pressure cooker lid, mix the khichdi well, add in the remaining 1/2 tablespoon ghee, garnish with coriander leaves.Serve the Bardoli Ki Khichdi along with Tomato Onion Cucumber Raita and Papad for a simple wholesome weekday lunch.",Gujarati Recipes,Main Course,High Protein Vegetarian,Gujarati,1,50,4,https://www.archanaskitchen.com/bardoli-ki-khichdi-recipe
Spiced Rajma Pulao Recipe,"1 cup rice, 1/4 cup kidney beans, 2 cloves garlic - finely chopped, 2 long, 1 bay leaf, 1 inch lentil sugar, 2 cardamom, 1 teaspoon black pepper powder, 1 tablespoon ghee, salt - as per taste","To make the spicy rajma pulao recipe, first soak the rajma for 8 hours. After soaking, pour in the pressure cooker with water and salt, close the cooker and cook for 1/2 hour. Turn off the gas and open after the pressure has gone out. Drain the water and keep the beans separately. Wash and keep the rice aside. Add cardamom, cinnamon, long and make powder in a bowl. Keep it aside. Heat the ghee in a saucepan. Add garlic, ground spices and cook for some time. After 2 to 3 minutes, add rice, cooked beans, black pepper powder, salt and 1-1 / 2 cups of water. Allow it to boil and reduce the flame after boiling. Cover the pan and cook until the rice is cooked. Turn off the gas and keep it covered for 10 minutes. Serve. Serve the tart rajma pulao recipe with tomato onion cucumber raita and papad for dinner.",Indian,Dinner,Vegetarian,Punjabi,1,65,4,https://www.archanaskitchen.com/spiced-rajma-pulao-recipe-spiced-kidney-bean-rice-in-hindi
Paneer Tikka Pulao Recipe,"1-1/2 cups Basmati rice,1 Onion,1 Green Chilli,1 teaspoon Cumin seeds (Jeera),1 Cardamom (Elaichi) Pods/Seeds,1 inch Cinnamon Stick (Dalchini),2 Cloves (Laung),1 Bay leaf (tej patta),1/4 teaspoon Turmeric powder (Haldi),1/4 teaspoon Garam masala powder,2 teaspoon Sunflower Oil,Salt - as required,200 grams Paneer (Homemade Cottage Cheese) - cubed into 1 inch thick pieces,2 tablespoons Curd (Dahi / Yogurt),3 teaspoons Gram flour (besan),1 teaspoon Red Chilli powder,1/2 teaspoon Garam masala powder,1/2 teaspoon Kasuri Methi (Dried Fenugreek Leaves),1 tablespoon Ginger Garlic Paste,Coconut Oil - as required","To begin making Paneer Tikka Pulao, we will wash and soak basmati rice in water for 30 minutes. The next step is to make the marinade for the paneer. In a large bowl, combine curd, gram flour, ginger garlic paste, red chilli powder, garam masala powder and little salt.Mix everything together into thick paste. Add paneer cubes to the paste and mix well so that the paste is well coated on each paneer cube. Cover and refrigerate for 30 minutes.Heat a griddle and add two teaspoons cooking oil, place the paneer cubes and fry until slightly golden on all sides. Remove from tawa and keep aside.The next step is to make the pulao. Heat a teaspoon of oil in a pressure cooker and add cumin seeds, cinnamon, cloves, cardamom and bay leaf. Saute for a minute.Add chopped onion and slitted green chilli. Saute until the onions turn soft and translucent.Once the onions turn soft, add the paneer tikkas, turmeric powder, garam masala powder and mix lightly without breaking the paneer cubes. Drain the soaked basmati rice from water and add to the pressure cooker. Saute for a minute until the masalas coat on to the rice.Add 3 cups of water along with required amount of salt. Mix well and bring the water to a boil.Close the cooker and pressure cook for a whistle. Once the pressure releases naturally, gently fluff the rice with a fork. Garnish with coriander leaves.Serve Paneer Tikka Pulao along with Tomato Onion Raita or Tadka Raita for a simple sunday lunch or pack it for lunch box on a weekday.",North Indian Recipes,Lunch,Vegetarian,Punjabi,1,50,4,http://www.archanaskitchen.com/paneer-tikka-pulao-recipe
Kaju Karela Recipe - Bitter Gourd And Cashew Nuts Stir Fry,"2 Karela (Bitter Gourd/ Pavakkai),1 Potato (Aloo) - cut lengthwise,15 Cashew nuts,1 Dry Red Chilli - broken & deseeded,1/4 teaspoon Mustard seeds,1 Green Chilli - slit or finely chopped,1 pinch Asafoetida (hing),1/4 teaspoon Red Chilli powder,1/2 teaspoon Coriander Powder (Dhania),1/2 teaspoon Cumin powder (Jeera),1/2 teaspoon Amchur (Dry Mango Powder),1/2 teaspoon Caster Sugar,1 tablespoon Sesame seeds (Til seeds),1 tablespoon Dessicated Coconut,Salt - to taste,Sunflower Oil - to cook","To begin making Kaju Karela Recipe (Bitter Gourd And Cashew Nuts Stir Fry), scrape the skin of bitter gourd and cut them lengthwise. Remove the seeds. You can opt to keep the seeds if they are tender.Now soak them in a bowl of salt water for about 30 minutes to remove the bitterness. Wash them thoroughly and drain excess water. Pat them dry on a kitchen towel.Heat a little oil in a kadai. Add the potatoes that are thinly sliced and saute on medium heat till they crisp up and are golden brown.Once the potatoes are brownish, add karela/bitter gourd pieces and saute further till all the pieces are cooked and crisped up. Once done, switch off heat.In another pan, heat a bit of oil, add mustard seeds and allow them to crackle.Once the mustard crackles, immediately add dry red chilli, green chilli, hing and cashews. Saute till the cashews are fried. Use a low heat throughout after the oil is heated, since all of these ingredients gets cooked very fast.Now to this, add fried potatoes and bitter gourd.Add all the spices - red chilli powder, cumin powder, coriander powder, amchur powder, powdered sugar and salt. Mix well and saute for about 1-2 minutes. Check for spices and adjust to taste.Then add sesame seeds and desiccated coconut. Give a quick mix and remove from heat.Serve Kaju Karela Recipe (Bitter Gourd And Cashew Nuts Stir Fry) with Gujarati Dal Recipe and Phulka or Gehun Bhajra Thepla Recipe for your everyday lunch.",Gujarati Recipes,Side Dish,Diabetic Friendly,Gujarati,1,45,2,https://www.archanaskitchen.com/kaju-karela-recipe-bitter-gourd-and-cashew-nuts-stir-fry
Punjabi Black Chickpea Curry Recipe - Kale Chane Ki Sabzi,"1 cup Kala Chana (Brown Chickpeas),4 tablespoons Sunflower Oil,1 teaspoon Cumin seeds (Jeera),1 Onion - finely sliced,1 tablespoon Ginger Garlic Paste,3 Tomatoes - pureed,1 teaspoon Red Chilli powder,1 teaspoon Salt,1 teaspoon Garam masala powder,Coriander (Dhania) Leaves - Handful,Water - as needed","To begin making the Punjabi Black Chickpea Curry recipe, firstly wash the chickpeas with water a couple of times and then soak it in drinking water for at least 8 hours or overnight. Close with a lid and set aside.Next, take the chickpeas along with the water used for soaking in a pressure cooker, add 1/2 teaspoon salt, some more water if required and close the cooker. Pressure cook for about 8 to 10 whistles, switch off the heat and let the pressure release naturally.Once it is done, open the cooker and strain the chickpeas. Also reserve the water in a bowl.Heat oil in the same pressure cooker. Make sure you have wiped off the water before adding oil into the cooker.Add cumin seeds and saute it for about 10 seconds. After 10 seconds, add onions and cook till the onions become soft and translucent. Next, add the ginger garlic paste and let it cook for about 2 minutes.Next, add salt, red chilli powder, tomato puree and cook for a few minutes on medium flame, till oil starts separating. This will take about 3 to 4 minutes.After 3 to 4 minutes, add garam masala, coriander leaves and the cooked chickpeas. Mix well and then finally add some more water.Close the lid of the pressure cooker and pressure cook for 2 whistles. Once it is done, switch off the heat and serve hot.Serve Punjabi Black Chickpea Curry along with Jeera Rice, Kachumber Salad and Boondi Raita for a weekday meal. You can also pack the same meal in your lunch box.",Punjabi,Dinner,Vegetarian,Punjabi,1,40,4,https://www.archanaskitchen.com/punjabi-black-chickpea-curry-recipe-kale-chane-ki-sabzi
Gujarati Kachariyu Recipe - Spiced Sesame And Coconut Ladoos,"1 cup Sesame seeds (Til seeds),3/4 cup Dessicated Coconut,1/4 cup Badam (Almond) - chopped,1/4 cup Melon seeds,1/2 cup Jaggery,1 teaspoon Dry ginger powder,1/2 teaspoon Cardamom Powder (Elaichi),Nutmeg powder - A generous pinch,12 Dates - black one,5-6 Dried Figs - chopped,2 tablespoons Ghee","To begin making Gujarati Kachariyu Recipe, first we will prepare the filling.Place a skillet or kadai on the heat. Add ghee, once melted add chopped dates and figs to it. Cook this, stirring sometimes, till they turn mushy and stewed, and start leaving sides of pan to come together as a ball.Turn the heat off and set the pan aside to cool. Once cool make small marble sized balls of the mix and set aside.To prepare the rest of the Kachariyu, in a pan or kadai lightly toast sesame seeds, coconut, almonds and melon seeds.While it is still warm transfer the mixture to a grinder add jaggery and grind finely.To this, add the dried ginger powder, cardamom powder and nutmeg powder. Pulse it again a couple of times till it mixes well.You will notice that the sesame seeds and coconut has released its oil and the mixture gets crumbly. If held in a fist the mixture should come together lightly. If this does not happen pulse it a few more times.Put a spoonful of Kachariyu mixture in the well of your palm, lightly press it and place the filling in the center and bring the Kachariyu together to form a small ladoo. Repeat till you have formed all the ladoos.You can roll them in desiccated coconut or finely chopped almonds for garnish too. Store the Kachariyu in an airtight box and serve them as a festive ladoo on any occasion or enjoy them as a mid-morning pick-me-up, or snack box treat.Serve Gujarati Kachariyu as a snack along with your morning or evening cup of Masala Chai.",Gujarati Recipes,Snack,Vegetarian,Gujarati,1,40,2,https://www.archanaskitchen.com/gujarati-kachariyu-recipe-traditional-spiced-sesame-and-coconut-ladoos-with-dates-and-figs
Spiced Indian Potato Flatbread (Recipe In Hindi),"2 cups wheat flour, 1 teaspoon salt - according to taste, water - to make dough, oil - or ghee, 4 potatoes - boil mash karela, 1 onion - finely chopped, 1 inch ginger - finely chopped, 2 green Chilli - finely chopped, 1/2 teaspoon turmeric powder, 1 teaspoon coriander powder, 1/2 teaspoon cumin powder, 1/2 teaspoon red chilli powder, 1 teaspoon garam masala powder, 2 sprig green coriander - chopped Take 1 teaspoon Mango powder","To make Punjabi Aloo Paratha, first of all take the dough. In a large bowl, add 2 cups wheat flour and a little salt. Add a little water and keep stirring until the dough is formed. After kneading the dough, apply a little oil and keep on kneading. Knead until soft and cut it into 8 to 10 pieces. Cover the dough and keep it aside. Now we will make masala for the paratha. Mash the potatoes. Add green chillies, onion, green coriander, salt, cumin powder, coriander powder, mango powder, garam masala powder, turmeric powder and red chilli powder, mix well. Now make potato paratha. Now place a dough on a flat surface and flat it with your hands. Bale him in a 3 inch circle with a rolling pin. Take a little spice and keep it in the middle. Close the dough from all sides. Now press it to close with your hands. Dust this dough in dry flour and with the help of rolling pin take it like roti. Now heat a griddle and pour it on it. Add some oil or ghee and cook till it turns golden and brown from both the sides. Keep pressing the paratha so that it cooks well. Put the potato paratha in a plate and serve it hot. Serve Punjabi Aloo Paratha with Tadka Raita and Coriander Mint Chutney for Sunday breakfast.",Punjabi,North Indian Breakfast,Vegetarian,Punjabi,1,60,4,http://www.archanaskitchen.com/spiced-indian-potato-flatbread-recipe-in-hindi
Paneer Peshawari Recipe - Cottage Cheese In Rich Gravy,"1-1/2 cups Paneer (Homemade Cottage Cheese) - cut into big cubes,2 Onions - finely chopped,1 cup Homemade tomato puree,2 tablespoons Whole cashews - soaked in 1/4 cup warm water,2 tablespoons Fresh cream,1 teaspoon Cumin seeds (Jeera),1 Bay leaf (tej patta),1 tablespoon Ginger Garlic Paste,1/4 teaspoon Turmeric powder (Haldi),1 teaspoon Cumin powder (Jeera),1 teaspoon Garam masala powder,2 teaspoons Kashmiri Red Chilli Powder,2 teaspoon Coriander Powder (Dhania),1 tablespoon Kasuri Methi (Dried Fenugreek Leaves),1 tablespoon Honey,1 tablespoon Butter,Salt - to taste","To begin making Paneer Peshawari Recipe, soak the cashew nuts in hot water for 10 minutes.Combine the soaked and drained cashews in a mixer jar and grind into a smooth paste using a mixer grinder. Transfer to a bowl and keep aside.Heat butter in a wide pan on medium flame. Once the butter has melted, add the cumin seeds and bay leaf, let the cumin seeds sizzle. To this, add ginger-garlic paste, chopped onions and saute for 2-3 minutes, until the onions turn translucent and soft. Once the tomatoes have softened, add the cumin powder, kashmiri red chilli powder, turmeric powder, garam masala powder, coriander powder and mix well. This will help the raw smell go away from the onions, ginger and garlic.Stir the spices for a few seconds and then add in the tomato puree and cashew paste.Saute for the Peshawari masala for about 5 minutes on medium heat until the gravy thickens and the tomato and cashews combine well along with the spices to form a creamy gravy. When you add cashew nuts the gravy tends to thicken and hence you can adjust the consistency by adding 1/4 cup of water. Stir in the paneer, kasuri methi,and the honey and simmer Paneer Peshawari Recipe for another 5 minutes.Check the salt and spices in the Paneer Peshawari Recipe gravy and adjust to suit your taste.Once done, stir in the cream into the Paneer Peshawari Recipe and serve hot.Serve the Paneer Peshawari Recipe for a party along with Kashmiri Pulao Recipe, Butter Garlic Naan Recipe and Boondi Raita Recipe, and Kala Chana Salad for a complete party meal.",Punjabi,Lunch,Vegetarian,Punjabi,1,40,4,http://www.archanaskitchen.com/paneer-peshawari-recipe-cottage-cheese-in-rich-gravy
Aam Chunda Pickle Recipe - Gujarati Mango Chunda Recipe,"5 cups Mango (Raw) - peeled and grated (1 kg of peeled and grated mango),2 teaspoons Salt,1 teaspoon Turmeric powder (Haldi),4 cups Sugar - 840 grams of sugar,1 teaspoon Red Chilli powder - optional,2 teaspoons Cumin seeds (Jeera) - roasted & crushed","To begin making the Aam Ka Chunda Recipe, wash the mangoes and dry them completely. Peel the skin of the mangoes and then grate them.Combine the grated mangoes, salt and turmeric powder and leave aside for 2 hours.Once the mangoes have been marinated you will find that the mango has released some water.At this point stir in the sugar little by little to the mango mixture continuously until all the sugar is nearly dissolved. There are two different ways you can make this pickle.Sun Method for the Chunda PicklePlace the mango mixture in the steel vessel with a rim. Wrap the vessel with muslin or cheesecloth and tie it with a thick thread/lace to fit tightly around the vessel.Keep it under sunlight for about 7 days or until the sugar and jaggery melts and reaches a double string consistency, stirring it well at the end of every day.Bring it back inside once the sun sets.Stir well the next morning and place it under the sun again.Continue this process until the double string consistency has been reached.Stove top method for Chunda PickleHeat a heavy bottomed pan on low heat; add the mango and sugar mixture to the pan and stir continuously until the sugar has dissolved completely.You will find bubbles frothing up on the surface, but continue stirring until the sugar syrup reaches the single string consistency. This takes about 5 to 8 minutes.This step is crucial as over-cooking will make the sugar crystallize later. Remove from the flame and let the mixture cool completely.Continue stirring the chunda pickle while it is cooling occasionally to prevent the sugar from crystallizing. Roast the cumin seeds in the pan until it starts crackling. Coarsely pound it and keep aside.Once the Mango Chunda pickle is cooled completely, stir in the chilli powder and crushed cumin seeds until well combined into the pickle.The Mango Chunda Pickle can be consumed immediately.Store the Mango Chunda Pickle in sterilized glass jars and it will last for about one year without refrigeration.Serve Aam Ka Chunda Recipe with Thelpas or with just about anything on your plate.",Gujarati Recipes,Side Dish,Vegetarian,Gujarati,1,40,1,https://www.archanaskitchen.com/chundo-chunda-a-classic-sweet-mango-gujarati-pickle-recipe
Buckwheat Corn Dhokla Recipe,"1 cup Buckwheat Flour (Kuttu Ka Atta),1 cup Sweet corn -,1/2 cup Curd (Dahi / Yogurt) - sour,2 tablespoons Sama Flour (Little Millet),2-1/2 teaspoon Green Chilli Paste,Salt - to taste,1/4 teaspoon Enos fruit salt,Sunflower Oil - as required,Sunflower Oil - as required,1/4 teaspoon Sesame seeds (Til seeds),1/4 teaspoon Cumin seeds (Jeera),1/4 teaspoon Mustard seeds,1/2 Lemon juice,2 sprig Coriander (Dhania) Leaves - finely chopped","To begin making the Buckwheat Corn Dhokla recipe, In a bowl, combine buckwheat flour, sama flour, green chilli paste, salt and fruit salt. Mix them together.Add corn kernels to the flour mixture and keep it aside for an hour.Grease the dhokla plate with oil and pour the buckwheat wet mixture to the plate.Steam in idli cooker for 20 minutes. Buckwheat takes longer time to cook than the usual sooji or besan.Hence, check dhokla often and water in the vessel. Cook until the dhoklas are cooked well. The dhokla is cooked when a toothpick inserted in the center of the dhokla comes out clean.In a small tadka pan, heat oil over medium heat. Add mustard seeds once the oil is hot.Once the seeds splutter, add cumin seeds and sesame seeds. Cook until they turn slightly brownish.Pour the tempering on top of the dhokla. Squeeze lemon at the time of serving.Serve Buckwheat Corn Dhokla with Dhaniya Pudina Chutney and have it with cup of Ginger-Holy Basil Tisane | Adrak Tulsi Chai Recipe and enjoy a nutrient rich breakfast",Gujarati Recipes,North Indian Breakfast,Gluten Free,Gujarati,1,40,4,https://www.archanaskitchen.com/buckwheat-corn-dhokla-recipe
Punjabi Style Black Eyed Beans Curry (Recipe In Hindi),"1 cup cowpea, 2 onions - finely chopped, 2 tomatoes, 1 green chili - chopped, 1 tablespoon ginger garlic paste, 1 teaspoon cumin seeds, 1 inch cinnamon, 1 bay leaf, 3 cloves, 1 teaspoon red chilli Powder, 1/2 teaspoon turmeric powder, 2 teaspoons cumin powder, 2 teaspoons coriander powder, 1 teaspoon garam masala powder, 1 tablespoon kasoori methi, 1 inch ginger - for garnish, 1 tablespoon ghee, salt - Salt - to taste","To make Punjabi lobiya masala, first wash the cowpea and soak it in water for 4-5 hours. Then cook it in the pressure cooker for 2 whistles. Make a tomato puree and keep it aside. Heat the ghee on a medium flame in a pan, add cinnamon, lavang and bay leaves, wait for it to cook. Add cumin seeds and let it crackle. Add ginger Kahsun paste and wait for it to cook. Add chopped onions and roast them till they turn brown. Now add green chili, tomato puree and simmer for 3 minutes. Add red chilli, turmeric and cumin powder and mix well and let it cook until the ghee leaves. Now, put the cowpea with its water in the pan and simmer for 5 minutes. Smash some cowpea lightly so that the gravy becomes slightly thick. Crush Kasuri Methi lightly between hands and mix it with gravy along with garam masala and mix it well. Turn off the gas and garnish the gravy with ginger. Serve Punjabi Lobiya Masala with Phulka and Rice at dinner.",Indian,Dinner,Vegetarian,Punjabi,1,350,4,https://www.archanaskitchen.com/punjabi-style-black-eyed-beans-curry-recipe-in-hindi
Rajma and Horse Gram Stuffed Paratha Recipe,"1 cup Rajma (Large Kidney Beans) - soaked for 8 hours,1/2 cup Horse Gram Dal (Kollu/ Kulith) - soaked for 8 hours,1 Onion - finely chopped,1 Green Chilli - finely chopped,1 teaspoon Cumin seeds (Jeera),1 teaspoon Coriander Powder (Dhania),2 teaspoon Red Chilli powder,1 teaspoon Amchur (Dry Mango Powder),1 teaspoon Garam masala powder,1 teaspoon Black pepper powder,Salt - to taste,1 cup Whole Wheat Flour,2 tablespoon Sunflower Oil,Water - to knead","To begin making the Rajma and Horse gram Stuffed Paratha Recipe into a bowl add the wheat flour, cooking oil and add water slowly and knead it into a firm and non-sticky dough. Cover and keep aside.Pressure cook the soaked lentils in the pressure cooker with 1 cup water for about 4 whistle. After 4 whistles reduce the heat and cook for 5 more minute and switch it off. Release the pressure naturally and the drain all the water.Allow the lentils to cool down and then grind the cooked lentils into a coarse mixture and keep it aside.Now to make the stuffing, heat a sauce pan, crackle the cumin seeds and sauté the onions till translucent. Once done add the coarsely ground lentils along with spice powders and mix well. Cook for another 10 minutes.Now to begin making the paratha, keep some flour aside for dusting. Divide the dough into large lemon side balls.Dust the dough portions in flour, flatten it and roll it into a 3 inch diameter circle.Now add the Rajma and horsegram stuffing, add about a tablespoon in the center. Close the paratha by folding it from all the side like a dumpling and seal it properly. Dust the stuffed paratha ball in flour and roll into 5 inch diameter parathas. Take care, the filling can ooze out if the dough is rolled out too thin.Now to cook Rajma and Horse gram Stuffed Paratha, first preheat the skillet on medium heat. Place the rolled paratha on top and allow it to cook on one side. After about 30 seconds, flip the paratha.At this stage, smear some oil or ghee to cook the paratha. Cook the paratha by flipping over a couple of times until you see golden brown spots on both sides.Proceed the same way with the remaining dough portions and serve the parathas hot.Serve the Rajma and Horse gram Stuffed Paratha Recipe along with a cup of Tomato Onion Cucumber Raita Recipe and Masala Chai Recipe - Indian Spiced Tea to make it a complete meal for your Sunday breakfast.",Punjabi,North Indian Breakfast,Diabetic Friendly,Punjabi,1,50,4,http://www.archanaskitchen.com/rajma-and-horse-gram-stuffed-paratha-recipe
Punjabi Bhindi Kadhi Recipe - Roasted Okra In Yogurt Curry,"15 Bhindi (Lady Finger/Okra) - de-stemmed and cut into half,2 tablespoons Sunflower Oil - for cooking the bhindi,1 cup Curd (Dahi / Yogurt),2 tablespoons Gram flour (besan),1/2 teaspoon Turmeric powder (Haldi),1 teaspoon Coriander Powder (Dhania),1/4 teaspoon Red Chilli powder,Salt - to taste,1/4 teaspoon Cumin seeds (Jeera),2 Dry Red Chillies,1 inch Cinnamon Stick (Dalchini),1-1/2 tablespoon Ghee","To begin making the Punjabi Bhindi Kadhi Recipe, we will first start by combining all the main ingredients including curd, gram flour, turmeric powder, coriander powder, red chilli powder and salt in a large saucepan.Add 2 cups of water and whisk it all together, until it forms a smooth paste without lumps. Place the saucepan on medium heat and bring the Kadhi mixture to a boil.While the Kadhi is boiling, keep whisking it continuously, so it becomes smooth. Continue to whisk it until you notice it has begun to thicken and the Kadhi is smooth.Turn the heat to low at this stage and allow the Kadhi to simmer while we get the remaining ingredients ready. Next, heat 2 tablespoons of oil in a wok; add in the cut bhindi (okra), sprinkle some salt and stir fry on medium heat until the bhindi is cooked through and has a slightly crispy texture.You might want to add a little more oil if required to get the right texture of the bhindi. Once ready, keep it aside.Heat ghee in a saucepan over medium heat and add in the cumin seeds, cinnamon stick, and dry red chilies and allow them to crackle. Stir until the red chilies are roasted well. Turn off the heat.Add the roasted Bhindi into the Kadhi and give it stir. Next pour the seasoning (only after the Kadhi has boiled for about 5 to 7 minutes) over the in the boiling Kadhi mixture. Mix everything well and your kadhi is ready to be served. Serve Punjabi Bhindi Kadhi Recipe along with Bharwa Besan Mirch, Phulka and Jeera Rice for a weekday meal.",Punjabi,Dinner,Vegetarian,Punjabi,1,45,4,http://www.archanaskitchen.com/punjabi-bhindi-kadhi-recipe-roasted-okra-in-yogurt-curry
Velvet Rajma Kebab Recipe,"250 grams Rajma (Large Kidney Beans) - cooked until soft,2 Onions - finely chopped,3 cloves Garlic - finely chopped,1 inch Ginger - grated,4 Green Chillies - finely chopped,1 sprig Coriander (Dhania) Leaves - finely chopped,2 teaspoons Cumin powder (Jeera) - roasted,2 teaspoons Coriander Powder (Dhania),1 teaspoon Amchur (Dry Mango Powder),1 teaspoon Red Chilli powder,1 teaspoon Garam masala powder,1 tablespoon Roasted Gram Flour (Sattu Ka Atta),1 teaspoon Sugar,Salt,Sunflower Oil,3 tablespoons Khoya (Mawa) - grated","To begin making the Makhmali Rajma Kebab Recipe, drain all the excess water from the cooked rajma. Mash the cooked rajma, until almost smooth. Add all the ingredients, except khoya and oil, and mix well to form a kebab dough. Check the salt and spices and adjust to suit your taste.Divide the dough into 15 equal parts (or as per preference) and shape it into rounds and slightly flattened the Rajma Kebab.Preheat a skillet on medium heat, place the Makhmali Rajma Kebabs on the skillet, drizzle some oil over the kebabs and cook until browned and crisp on both sides. Once browned and crisp, reduce heat to minimum and sprinkle little khoya on each of the kebas.After a few minutes, the khoya will begin to melt; at this stage take the Kebas out carefully and place them on the serving platter. The Makhmali Rajma Kebab are extremely soft, so you need to be careful when taking them out of the skillet. Serve the Makhmali Rajma Kebab with onion salad and lime wedges. Sprinkle some grated khoya for garnish and serve hot as an appetizer for parties, along with dips like Red Picante Salsa Recipe or desi Dhaniya Pudina Chutney.",North Indian Recipes,Appetizer,Vegetarian,Punjabi,1,55,4,http://www.archanaskitchen.com/makhmali-rajma-kebab-recipe
Lauki Tamatar Ki Sabzi Recipe,"1 Bottle gourd (lauki) - (about 4 cups of diced bottle gourd),1 Onion - finely chopped,3 Garlic - grated,1 Tomato - finely chopped,1 teaspoon Cumin seeds (Jeera),1 teaspoon Turmeric powder (Haldi),1/2 teaspoon Red Chilli powder,1 sprig Curry leaves,1 Coriander (Dhania) Leaves - finely chopped,Sunflower Oil - to cook,Salt - to taste","To begin making the Lauki Tamatar Ki Sabzi Recipe, firstly prepare and get all the ingredients ready. We will be using the pressure cooker method to cook lauki tamatar ki sabzi recipe. Start with heating oil in cooker.To the hot oil, add cumin seeds, onions, garlic and tomatoes; sauté for a few minutes. Add turmeric powder, chilli powder, curry leaves, salt and lauki.Add 1/4 cup of water and pressure cook for about 3 whistles. Turn off heat.Once the pressure is released, open the cooker. You will notice that the lauki has given out a lot more water.Turn heat on, stir the lauki in the cooker. Some of the water would have evaporated. You can boil it till you get the consistency that you desire and the ingredients would have all bound together. At this point, turn off heat.Garnish the Lauki Tamatar ki sabzi with coriander leaves and serve hot.Serve the Lauki Tamatar Ki Sabzi along with Phulkas and Mint Raita for a wholesome dinner or a lunch.",Gujarati Recipes,Dinner,Diabetic Friendly,Gujarati,1,50,4,https://www.archanaskitchen.com/lauki-tamatar-ki-sabzi-recipe-doodhi-ghiya-sabzi
Dudhi Dhokli Nu Shaak Recipe - Bottle Gourd And Steamed Dumplings Curry,"1 cup Bottle gourd (lauki) - grated,1 Gram flour (besan) - besan,Salt - to taste,Turmeric powder (Haldi) - a pinch,1/2 teaspoon Red Chilli powder,1 teaspoon Ajwain (Carom seeds),1 teaspoon Coriander (Dhania) Leaves - chopped,Enos fruit salt - a pinch,1-1/2 cup Water,1 tablespoon Sunflower Oil,Curry leaves - few,1 teaspoon Cumin seeds (Jeera),1/2 teaspoon Mustard seeds,Asafoetida (hing) - Asafoetida,1 teaspoon Ginger Garlic Paste,1 Tomato - chopped,Salt - to taste,1/2 teaspoon Garam masala powder,1/2 teaspoon Red Chilli powder,1 tablespoon Gram flour (besan),1 cup Buttermilk,Coriander (Dhania) Leaves - to garnish (chopped)","To begin making the Dudhi Dhokli Nu Shaak recipe, firstly we will make the dhokli. In a mixing bowl, mix grated bottle gourd, coriander leaves, gram flour, salt, red chilli powder, turmeric powder and carom seeds.Add water and mix to make a batter. When the batter is done, add a pinch of fruit salt and mix it properly.Preheat a steamer, filled halfway with water. Next, grease a dhokla plate. Transfer the dhokli batter into the plate and steam cook it for 10 to 15 minutes. Later remove from the steamer and allow it to cool. Once it is cooled down, cut into small pieces.Now take a shallow frying pan and grease it with oil. Shallow fry the dhokli from both the sides to enhance the taste. Once done, keep it aside.The next step is to make the curry. In a mixing bowl, add a tablespoon of gram flour in butter milk and keep it aside.Heat oil in a heavy bottomed pan on medium flame. Add mustard seeds and once it splutters add cumin seeds, asafoetida, ginger garlic paste and curry leaves. Saute for about a minute. Add chopped tomatoes and cook them till they become soft and mushy.Once they become mushy, add gram flour, butter milk mixture, salt, red chilli powder and garam masala into it. Mix everything and cook on sim till the curry starts boiling. This may take 2 to 3 minutes.After 2 to 3 minutes, add the diced shallow fried dhokli, mix and allow it to boil for 3 to 4 minutes. Switch off and garnish with coriander leaves.Serve Dudhi Dhokli Nu Shaak with Steamed Rice for a weekday lunch. you can also serve Masala Khichiya Churi along with your meal as a side dish.",Gujarati Recipes,Lunch,Vegetarian,Gujarati,1,35,4,https://www.archanaskitchen.com/dudhi-dhokli-nu-shaak-recipe-bottle-gourd-and-steamed-dumplings-curry
Paneer Butter Masala Recipe,"200 gram Paneer (Homemade Cottage Cheese) - cut into cubes,3 Tomatoes - pureed,1 teaspoon Red Chilli powder,1 teaspoon Cumin powder (Jeera),1 teaspoon Garam masala powder,1/4 cup Fresh cream,2 tablespoons Butter,Salt - to taste,1 teaspoon Kasuri Methi (Dried Fenugreek Leaves),1 Onion,1 inch Ginger - peeled,6 cloves Garlic,2 tablespoon Cashew nuts","To begin making the Paneer Butter Masala, in a mixer grind the ingredients mentioned under 'to be ground into paste' like the onion, ginger, garlic and cashew nuts in to a smooth consistency using little water. Transfer to a bowl and set aside till required. Heat the butter in a pan over medium heat. Add the onion paste and saute over medium heat till it is light brown in color and the oil starts separating from the masala. Add the red chili powder and tomato puree, saute once again few more minutes over medium heat. As the masala gets roasted it will change color to bright red.Once the masala gets well roasted, add the cumin powder, garam masala along with 1 cup of water. Stir to combine and let the butter masala gravy simmer for 10 to 15 minutes over medium heat or till it thickens. Once the butter masala thickens add the cream, salt and paneer to it. Stir to combine and simmer for next 5 - 10 minutes and allow the paneer to absorb the flavor of the gravy. If the Paneer Butter Masala still seems little bit runny let it simmer for few more minutes. Turn off the heat. Sprinkle crushed kasuri methi over the Paneer Butter Masala and stir to combine. Serve Paneer Butter Masala hot with Naan, Kulchas or Tawa Paratha for the Punjabi style dinner.",North Indian Recipes,Lunch,Vegetarian,Punjabi,1,60,4,https://www.archanaskitchen.com/paneer-butter-masala-recipe
Gujarati Khichu Recipe - Steamed Rice Flour Savory Donuts,"2 Cups Water,1 cup Rice flour,1/2 teaspoon Ajwain (Carom seeds),2 teaspoons Cumin seeds (Jeera),Salt - to taste,2 Green Chillies - finely chopped,1 inch Ginger - finely chopped","To begin making Gujarati Khichu recipe, we have to first get the dough for the khichu ready. Preheat a steamer with water in it. Meanwhile, in another pan heat 2 cups of water and add ajwain, cumin seeds along with salt, ginger & green chillies.Let the water come to a rolling boil.Without reducing the heat, quickly dust the rice flour all over the boiling water. (It is important that you scatter the flour all over the boiling water) Do not stir. Allow the water to rise up on its own. It will begin to moisten the rice flour within 30 seconds or so.Using the back of a wooden ladle carefully (so as not to splatter the hot water) and vigorously stir the mix for a minute.Remove the Khichu from the heat and pour the Khichu mixture in a bowl. When the Khichu dough is hot yet but easy to handle, pinch the dough in 12 balls of equal size.Make an indent in the centre like that of a doughnut. Transfer these Khichu onto the steamer and steam them for 5 – 7 minutesRemove the Khichu from the steamer and serve hot.Serve Gujarati Khichu Recipe as a healthy evening snack along with a hot cup of Masala Chai or by itself as a light evening snack.",Gujarati Recipes,North Indian Breakfast,Vegetarian,Gujarati,1,15,4,https://www.archanaskitchen.com/gujarati-khichu-recipe-steamed-rice-flour-savory-donuts
Gujarati Trevti Dal Recipe (Creamy Lentils Cooked In Mild Spices),"1/4 cup Yellow Moong Dal (Split) - soaked for 30 minutes,1/4 cup Chana dal (Bengal Gram Dal) - soaked for 30 minutes,1/4 cup Arhar dal (Split Toor Dal) - soaked for 30 minutes,1 inch Ginger - grated,4 cloves Garlic - minced,1 Onion - finely chopped,1 Tomato - finely chopped,1 Green Chilli - finely chopped,2 Dry Red Chillies,1/2 teaspoon Turmeric powder (Haldi),1/2 teaspoon Red Chilli powder,1 teaspoon Cumin seeds (Jeera),1/2 Lemon - juiced,Coriander (Dhania) Leaves - few sprigs,1 tablespoon Sunflower Oil,Salt - to taste","To begin making Gujarati Trevti Dal Recipe (Creamy Lentils Cooked In Mild Spices), wash and soak the dal in water for half an hour and then pressure cook along with turmeric and salt for 3 whistles, mash and keep aside. Prep with all the other ingredients in the meanwhile.Now heat oil in a kadai on medium heat, add the cumin seeds, dried red chillies and let it crackle.Add the onion and saute until it turns translucent.Once the onion is translucent, add the grated ginger and minced garlic cloves and cook until the raw smell goes away.Now add the chillies and tomatoes, saute occasionally and cook until the tomatoes turns soft and mushy.Once the tomatoes are mushy, add in the red chilli powder and saute for a minute.Now, add the mashed dals, about 2 cups of water, season with salt and let it simmer for 10 minutes. After 10 minutes, check for salt and adjustGarnish with lemon juice, coriander leaves, mix and switch off the flame.Serve the Gujarati Trevti Dal Recipe (Creamy Lentils Cooked In Mild Spices) along with Phulkas and Batata nu Shaak (Aloo Tamatar Ki Sabzi) Recipe or with Steamed Rice and Crispy Crunchy Roti Ke Papad Recipe for a comforting weeknight dinner.",Gujarati Recipes,Side Dish,Vegetarian,Gujarati,1,25,4,https://www.archanaskitchen.com/gujarati-trevti-dal-recipe-creamy-lentils-cooked-in-mild-spices
Chiba Dhokli Recipe,"1/2 cup Gram flour (besan),1 teaspoon Green Chillies,2 teaspoons Kasuri Methi (Dried Fenugreek Leaves),1/2 teaspoon Asafoetida (hing),1 pinch Turmeric powder (Haldi),2 teaspoons Caster Sugar,7 Salt - to taste,1 teaspoon Lemon juice,1 teaspoon Sunflower Oil,2 teaspoons Sunflower Oil,2 teaspoons Mustard seeds,2 teaspoons Sesame seeds (Til seeds),Pickle masala - Methi Achar Sambhar","To begin making Chiba Dhokli Recipe, sieve gram flour/besan first.In a saucepan, heat sufficient water till boiling.In a bowl, mix together gram flour, green chillies, kasuri methi, hing, haldi, salt, caster sugar, lemon juice and a bit of water to make a no-dropping batter of a thick consistency.Take a plate which has almost the same diameter as the saucepan with boiling water.Spread this batter into the plate with your hand and flatten using a brush.Place this plate upside down on the boiling saucepan, so that the chiba dhokli do not come in direct contact with water.After about 3-4 minutes in this set up, the dhokli will be done and steam-cooked.After it cools a bit, brush some cooking oil on the plate.Cut the steamed dhokli into even strips with a knife or back of a spoon and put on serving plate.For TemperingHeat a bit of oil in a tadka pan for tempering.Once the oil is hot, add mustard seeds and allow them to splutter.Soon after they splutter, add the sesame seeds and saute a bit and switch off.Pour this tempering on the chiba dhokli. Sprinkle methi pickle masala on the recipe and serve immediately.Serve Chiba Dhokli Recipe along with Cinnamon Spiced Black Lemon Tea Recipe and Gujarati Patra | Alu Vadi.",Gujarati Recipes,Snack,Vegetarian,Gujarati,1,20,2,https://www.archanaskitchen.com/chiba-dhokli-recipe-gujarati-snack-with-besan
Rajasthani Chawla Dhokla Recipe,"15 cloves Garlic,6 Green Chillies,6 sprig Coriander (Dhania) Leaves - finely chopped,2 cups Makki Ka Atta (Yellow Corn Meal Flour),1 teaspoon Baking soda,Salt - as required,Water - as required,1/2 cup Black Eyed Beans (Lobia),1 teaspoon Turmeric powder (Haldi),1 teaspoon Coriander Powder (Dhania)","To begin making the Rajasthani Chawle Wale Dhokle recipe, Add the black eyed beans in 3 cups water in a pressure cooker. Now add turmeric powder, coriander powder and the required salt. Let it cook till the cooker releases 3 to 4 whistles. Let it release the pressure normally.Meanwhile we will make the dhoklas, add garlic, coriander and green chillies in mortal pestle and crush them together to make a coarse paste.Next, add baking soda, half of the garlic, coriander and green chilli mixture, required salt and maize flour in a mixing bowl.Open the pressure cooker and put the green chilli, garlic and coriander mixture in it and mix it with the black eyed beans.Now, knead the dough properly with the required water and knead until the dough becomes really soft. Make small Dhokla out of it just like we make the south indian wadas.Put the cooker on gas again and add some water. Once it comes to boil, add the uncooked dhokla in the boiling water.Don’t close the lid of the cooker. Just cover it and let it cooker for 40 to 45 minutes on low flame. Once it reaches the right consistency and the dhoklas are cooked switch off the gas. To know if the dhoklas are cooker, insert a fort in the dhokla and if it comes out clean, it means your dhokla is cooked.Once it is cooked, garnish it with coriander leaves and pour some hot ghee on it to serve.Serve Rajasthani Chawle Wale Dhokle on its own with Kachumber Salad for a wweknight dinner.",Rajasthani,Dinner,Vegetarian,Gujarati,1,40,6,https://www.archanaskitchen.com/rajasthani-chawle-wale-dhokle-recipe
Kela Methi Bhajiya Recipe,"3 Ripe Bananas - fully ripe,1/2 cup Methi Leaves (Fenugreek Leaves) - washed and finely chopped,1/2 cup Gram flour (besan),3 tablespoons Whole Wheat Flour,Cooking soda - a pinch,1 teaspoon Cumin seeds (Jeera),1 teaspoon Red Chilli powder,1/2 teaspoon Black pepper powder,1/4 teaspoon Turmeric powder (Haldi),Asafoetida (hing),Salt - as per taste,1 tablespoon Sugar,1/4 cup Water - for making the batter,Sunflower Oil - for frying","To begin making Kela Methi Bhajiya Recipe, in a large mixing bowl, add besan flour, wheat flour, cooking soda, asafoetida, chilli powder, pepper powder, turmeric powder, cumin seeds, sugar and required amount of salt to it. Mix everything well.Add the ripe banana and methi leaves to it and mash the bananas with your hands or with the back of a wooden ladle. Now add water little by little and mix to make a smooth thick batter. Let the mixture rest for about an hour.In a heavy bottomed pan, heat oil on a medium flame. Mix the batter well again and drop small dollops of batter into oil. Keep flipping the fritters around in the oil and fry until it turns golden on all sides.Remove from oil and drain excess oil in kitchen tissues. If you do not want to deep fry, you can alternatively fry the batter in a paniyaram pan.Heat a paniyaram pan with a few drops of oil in each of the cavities, drop in the Banana Methi Fritters batter in the cavities, turn the flame to medium and close the lid. After 3 to 4 minutes, you will notice the top of the paniyarams getting cooked.At this point, turn over each paniyaram and allow it to cook the other side. This time around don't cover with a lid. Allow it to cook on medium low heat until the bottom is browned and crisp. Serve Banana Methi Fritters along with a cup of Tea and Dhaniya Pudina Chutney at your Tea time or give your kids as an after school snack.",Gujarati Recipes,Appetizer,Vegetarian,Gujarati,1,30,5,https://www.archanaskitchen.com/kela-methi-bhajiya-recipe
Rajma Galouti Kebab Recipe,"1/2 cup Rajma (Large Kidney Beans),2 Potatoes (Aloo) - boiled and mashed,1/2 Paneer (Homemade Cottage Cheese) - crumbled,6 Mint Leaves (Pudina),1/4 cup Cashew nuts,1 inch Ginger,3 cloves Garlic,1 Green Chilli,1 teaspoon Rose water,2 Saffron strands,1 teaspoon Garam masala powder,1 teaspoon Chaat Masala Powder,2 Onions - sliced caramelized,2 tablespoons Gram flour (besan),Salt - to taste,Sunflower Oil - for cooking","To begin making the Rajma Galouti Kebab Recipe, we will first soak the rajma for at least 8 hours. After the soaking period, cook the rajma along with salt until very soft. If you press the rajma between your fingers it should mash easily.To cook the rajma, place the rajma in the pressure cooker, add salt and 2-1/2 cups of water. Cover the pressure cooker, place the weight on and pressure cook until you hear 5 to 6 whistles. After 5 to 6 whistles, turn the heat to low the simmer for about 20 minutes. After 20 minutes of simmering, turn off the heat. Allow the pressure to release naturally. The rajma will continue to cook under the pressure that exists in the cooker. This will take another 15 minutes.Once the rajma are cooked through completely, drain the excess water. You can use the water in stocks or soups or even cooking rice.We will now begin to make the Rajma Galouti Kebabs.We will first grind the mint leaves, green chillies, ginger, garlic, cashew nut together in a food processor to make coarse mixture. Next add in the rajma and blend again into the mixture.Add this kebab mixture into a large mixing bowl. Add the remaining kebab ingredients, except the oil and knead well to make a kebab dough.Divide the mixture into 8 to 10 equal portions. Shape the portions into round circular discs.Our final steps is to cook the Rajma Galouti Kebab. To do that, preheat a pan and grease it with oil. Place the shaped Kebab portions on the preheated skillet. Drizzle a few drops of oil over the kebabs and pan fry them on both sides until lightly crisp.Proceed the same way to make the remaining Rajma Galouti Kebabs. Place them on a serving platter and serve it along with Green Chutney..",Awadhi,Appetizer,Vegetarian,Punjabi,1,65,4,https://www.archanaskitchen.com/rajma-galouti-kebab-recipe
Amritsari Dal Recipe,"1 cup Black Urad Dal (Whole),1/4 cup Chana dal (Bengal Gram Dal),1 Onion - finely chopped,1 Tomato - finely chopped,2 Green Chillies - finely chopped,1 inch Ginger - grated,2 cloves Garlic - finely chopped,1/2 teaspoon Ajwain (Carom seeds),1/4 teaspoon Red Chilli powder,1/2 teaspoon Garam masala powder,1 inch Cinnamon Stick (Dalchini),Salt - to taste,Sunflower Oil - as required","We will begin making the Amritsari Dal Recipe by rinsing and soaking the dals for at least 4 to 5 hours or overnight.Heat a teaspoon of oil into the pressure cooker, add the soaked dal along with half of the chopped tomatoes, 1/2 teaspoon of turmeric powder, 3 cups of water and salt to taste. Cover the cooker and pressure cook, until the dal is done.Once the dal is cooked through for atleast 4 to 5 whistles, turn off the heat and allow the pressure to release naturally.The next step is to make the masala for the dal. Into a heavy bottomed pan, heat a bit of oil. Once the oil is hot, add the onions, ginger, garlic and saute for a few minutes until the onions are tender.Add the chillies, tomatoes and the remaining masalas and saute well until the masalas are well combined into the tomatoes.Add the cooked dal and stir well into the masala. Adjust the consistency of the dal, by adding little water if required. Lightly mash the dal with the back of the spoon to give it a mushy texture. Cover and simmer the dal for about 10 minutes.Once done, stir in the chopped coriander leaves and serve.Serve the Amritsari Dal with Ajwain Puri,and Dubki Wale Aloo Recipe for a lunch meal.",Punjabi,Lunch,High Protein Vegetarian,Punjabi,1,40,4,http://www.archanaskitchen.com/amritsari-dal-recipe
Delicious Dal Makhani Recipe Without Onion and Garlic (Jain),"1 cup Black Urad Dal (Whole),1/2 cup Rajma (Large Kidney Beans),1 teaspoon Cumin seeds (Jeera),1-1/2 cup Homemade tomato puree,1 teaspoon Kashmiri Red Chilli Powder,2 tablespoons Fresh cream,2 tablespoons Butter,1 cup Milk,2 teaspoon Garam masala powder,1/2 teaspoon Cardamom Powder (Elaichi),1 teaspoon Kasuri Methi (Dried Fenugreek Leaves)","To begin making the Dal Makhani Recipe without Onion and garlic, soak black lentil and rajma overnight in water or at least 8 hours.Take a pressure cooker, put in it the soaked dal then add 1 cup milk, 2 cups water, and garam masala, cardamom powder, salt, chili powder. Allow it to cook for 5 to 6 whistles. After 5 to 6 whistles, turn the heat to low and allow it to cook on low heat for another 20 to 25 minutes. After about 25 minutes, turn off the heat.Allow the pressure to release naturally. In a heavy bottomed pan, heat 2 tablespoons butter over medium heat, add the cumin seeds and allow it to crackle. Pour the tomato puree in the next step, when tomato is well cooked, add the cooked dal makhani into this mixture. Check the salt and spices and adjust to suit your taste.Stir the No onion no garlic dal makhani well, until it forms a creamy mixture. You can also lightly mash it. Finally stir in the cream and simmer on low heat for another 5 minutes and turn off the heat. Serve the Delicious Dal Makhani Recipe without Onion and Garlic along with Naan, Tandoori Paneer Tikka Masala Recipe and a Raita for a delectable weekend lunch or dinner.",North Indian Recipes,Lunch,High Protein Vegetarian,Punjabi,1,55,4,http://www.archanaskitchen.com/delicious-dal-makhani-recipe-without-onion-and-garlic
Kesar Elaichi Lassi Recipe,"2 cups Curd (Dahi / Yogurt) - chilled,1 pinch Saffron strands,3 tablespoon Honey - to taste,6 Cardamom (Elaichi) Pods/Seeds - ground to make a coarse powder,1 tablespoon Badam (Almond) - slivered for garnish,1 tablespoon Pistachios - slivered for garnish","To begin making Kesar Elaichi Lassi Recipe (Cardamom & Saffron Yogurt Drink) blend all the ingredients including curd, saffron strands, honey, cardamom pods except the nuts in a blender or mixer.Check the sweetness and adjust the honey to suit your taste. You can also add some water or more yogurt to adjust the thickness of the lassi. Most often lassis are made thick, but it is a personal preference. Pour the Kesar Elaichi Lassi in the serving glasses, garnish with the pistachio and almond slivers.Serve Kesar Elaichi Lassi chilled with a lunch of Chana Masala and Bhatura or as a post-dinner sweet treat as it would taste delicious both ways.",Indian,Snack,Vegetarian,Punjabi,1,20,1,https://www.archanaskitchen.com/kesar-elaichi-lassi-recipe-cardamom-saffron-yogurt-drink
Sarson Ka Saag (Recipe In Hindi),"500 grams mustard - washed and chopped, 250 grams spinach - wash and cut, 250 grams of batua - wash and cut, 2 inch ginger - tighten, 3 long garlic - finely chopped, 1 onion - finely chopped, 3 green chili - Cut from the middle, 1/2 teaspoon turmeric powder, 1/4 teaspoon cinnamon powder, 1 teaspoon cumin powder, salt - as per taste, 1 teaspoon oil, 200 grams cheese - cut","To make mustard greens, first wash mustard, spinach and bathua and cook in a cooker with water and salt. Cook until 1 city comes. Keep the cooker under water and remove the pressure. Allow to cool. Add these vegetables and puree them or mash them. Now heat oil in a pan. Add ginger, garlic, onion and green chilies. Cook onion until it becomes soft. After the onion becomes soft, add green vegetable puree, turmeric powder, lentil powder and cumin powder. Cook for 7 to 8 minutes and turn off the gas. Serve mustard greens with maize bread and masala chas.",Punjabi,Side Dish,High Protein Vegetarian,Punjabi,1,55,4,https://www.archanaskitchen.com/sarson-ka-saag-recipe-in-hindi
Spinach Foxtail Millet Dhokla Recipe,"1 cup Foxtail Millet - ground,1 cup Gram flour (besan),1 cup Curd (Dahi / Yogurt),1 teaspoon Enos fruit salt - or 1/2 teaspoon baking powder,1 tablespoon Sunflower Oil,1 teaspoon Sunflower Oil - for seasoning,1 sprig Curry leaves - finely chopped,1 teaspoon Mustard seeds,1 tablespoon Sesame seeds (Til seeds),2 sprig Coriander (Dhania) Leaves - finely chopped,Salt - to taste,2 cups Spinach,1 Green Chilli,1 inch Ginger,1 teaspoon Cumin seeds (Jeera)","To begin making the Spinach Foxtail Millet Dhokla Recipe, Prepare a dhokla steamer, fill with water and grease the dhokla plates. Keep aside.Grind the spinach, cumin seeds, green chilli and ginger in a mixer and add some water to make it into a smooth puree.Combine the foxtail millet flour, besan, spinach puree, yogurt and a little salt in a large mixing bowl. Add a little water at a time to make a thick batter (approximately 1- 1/2 cups). Allow the mixture to rest for 5 minutes. Stir in the Enos fruit salt and pour the dhokla batter into the greased dhokla platesPreheat a steamer with water and place the dhokla batter for steaming. Steam on high heat for about 10 minutes until a toothpick inserted in the center comes out clean.Once steamed, remove the Spinach Foxtail Millet Dhokla from the steamer and keep aside for 5 minutes.Heat oil in a tadka pan; add in the mustard seeds, sesame seeds and curry leaves and allow it to crackle. Turn off heat and pour the seasoning over the dhoklas and cut them into squares or diamonds.Serve the Ragi Rava Dhokla recipe along with Green Chutney and also Idli Milagai Podi. I even send this as a school lunch box as well and the kids love it.",North Indian Recipes,North Indian Breakfast,Vegetarian,Gujarati,1,65,4,https://www.archanaskitchen.com/spinach-foxtail-millet-dhokla-recipe
Wheat Pudding Recipe - Gehun Ka Halwa (Recipe In Hindi),"1 cup wheat flour, 1 cup sugar, 1 cup ghee - 1 tablespoon and, 3 cups water, 2 teaspoons of cardamom powder - grind it, 1/4 cup cashews - halved","To make wheat pudding, first heat water and sugar in a saucepan. Stir until the sugar dissolves well. Reduce the flame and let it cook for 2 more minutes. Heat ghee in a pan. Add wheat flour to it and bake on a low flame. Stir until light brown. It will take 5 minutes. Keep stirring until the mixture turns slightly course. Now reduce the heat and add cardamom powder. Slowly add sugar water to it. Keep watching it so that there is no lump in it. Cook for 10 to 15 minutes and after that turn off the gas. Keep stirring for 5 minutes. Now heat ghee in a tempering pan. Add cashews to it and let it cook till it turns golden. After it turns golden, turn off the gas and pour it into the halwa. Mix and serve hot. Serve wheat pudding for sweet after dinner.",Gujarati Recipes,Dessert,Vegetarian,Gujarati,1,55,4,http://www.archanaskitchen.com/gehun-ka-halwa-recipe-in-hindi
Hara Chana Masala Recipe,"200 grams Hara Chana - soaked overnight,1 Onion - finely chopped,1 Tomato - finely chopped,1 Cinnamon Stick (Dalchini),2 teaspoon Coriander Powder (Dhania),1 teaspoon Red Chilli powder,1 teaspoon Garam masala powder,2 tablespoon Ghee,2 teaspoons Coriander (Dhania) Leaves - finely chopped,Salt - to taste,2 inch Ginger,5 cloves Garlic,1 Green Chilli,1 inch Cinnamon Stick (Dalchini),3 Cloves (Laung)","To begin making the Hara Chana Masala Recipe, soak the dried green chickpeas overnight and in the morning cook it along with salt for 3 whistles in a pressure cooker and keep aside.Now, grind the ingredients mentioned in the 'to grind to a smooth paste' table using a hand mixer or blender adding little water and keep aside.Heat green in a heavy bottom pan on low heat, add the cinnamon stick and finely chopped onions and sauté till it becomes translucent.Add the ground spice paste and saute until the raw smell of the ginger-garlic goes away.Add the finely chopped tomatoes and cook until it turns soft and mushy.Now add the spice powders - coriander, chilli and garam masala powder and cook until the whole mix comes together and oil separates out.Add the boiled green chickpeas, two cups of water and season with salt and simmer for 10 minutes.Garnish with coriander leaves and switch off the flame. Serve the warm Hara Chana Masala Recipe along with roti's or steamed rice on a rainy evening.",North Indian Recipes,Lunch,Vegetarian,Punjabi,1,50,4,http://www.archanaskitchen.com/hara-chana-masala-recipe
Gujarati Batata Pulao Recipe - Sweet And Spicy Pulao With Lentils And Potatoes,"1 cup Basmati rice,1/2 cup Yellow Moong Dal (Split),2 Potatoes (Aloo) - peeled and diced,1 Onion - thinly sliced,1/2 cup Green peas (Matar) - steamed,1/4 cup Fresh coconut - finely diced,1 teaspoon Sugar,2 Cloves (Laung),1 inch Cinnamon Stick (Dalchini),1 Bay leaf (tej patta),3 Cardamom (Elaichi) Pods/Seeds,1 teaspoon Cumin seeds (Jeera),1/2 teaspoon Turmeric powder (Haldi),3 Green Chillies,3 cloves Garlic,1 inch Ginger - chopped,3 tablespoons Ghee,1 teaspoon Sunflower Oil,2 tablespoon Mint Leaves (Pudina) - chopped,Salt - to taste","To begin making the Gujarati Batata Pulao Recipe, wash and soak rice and lentil in 3 cups of water for half an hour.Using the pestle and mortar, pound together the cinnamon, cloves and cardamom to a fine powder.Heat oil in a small pan; add the sliced onions and sauté until tender and caramelized and keep aside.Make a paste of the ginger, garlic and green chillies in a mixer grinder and keep aside.Heat ghee in a large soup pot or handi on medium heat; add the cumin seeds, ginger garlic paste, and sauté until the raw smell from the ginger garlic paste turns to a roasted aroma and changes color.Stir in the pounded spice powder, bay leaf, potatoes, turmeric powder, sugar, coconut, salt and sauté for a few seconds. Finally stir in the soaked rice and lentils along with the water.Allow the mixture to come to a boil and then turn the heat to low.Cover the pan and simmer for approximately 30 minutes until the rice has absorbed all the water and cooked to the desired texture.Once cooked, turn off the heat and allow the Batata Pulao Recipe to rest for 15 minutes. Stir in the caramelized onions, peas, chopped mint and serve warm. Serve the Gujarati Batata Pulao as it is or along with a Palak Raita for a quick and easy weeknight dinner. You can also serve it with Gujarati Kadhi and a roasted papad.",Gujarati Recipes,Lunch,Vegetarian,Gujarati,1,50,4,http://www.archanaskitchen.com/gujarati-batata-pulao-recipe-sweet-and-spicy-pulav-made-with-lentils-and-potatoes
Dried Kala Chana Masala Recipe - Ashtami Prasad,"1 cup Kala Chana (Brown Chickpeas) - soaked overnight,Salt - to taste,1 tablespoon Ghee,1/2 teaspoon Cumin seeds (Jeera),1 teaspoon Amchur (Dry Mango Powder),1 teaspoon Chaat Masala Powder,1 teaspoon Red Chilli powder,1 teaspoon Cumin powder (Jeera)","To begin making the Sukha Kala Chana Masala Recipe, ensure the kala chana is soaked overnight or for a minimum of 6-8 hours. Once the kala chana is soaked, transfer it into a pressure cooker with 1 cup of water and salt to taste. Pressure cook for about 5-6 whistles and turn off the flame. Allow the pressure to release naturally. Once the pressure has released, open the pressure cooker and drain off the excess water from the kala chana.Heat a pan with ghee on medium flame, once the ghee is hot, add the cumin seeds and allow them to sizzle. Next reduce the flame, add the ginger and green chillies. Now add in all the dry spices - amchur powder, coriander powder, chaat masala, and cumin powder. Mix well and quickly add in the boiled kala chana. Give it a good stir and simmer the sukha kala chana in the pan for 3 to 4 minutes until the masala gets well coated into the kala chana.Once done, turn off the heat, check if you need to add more salt and adjust according to taste. Transfer the Sukha Kala Chana into a serving bowl and serve as a prasad for the festivals like navratri. Serve Sukha Kala Chana Masala Recipe along with Rava Kesari Bhath/ Sooji Halwa Recipe, and Puri Recipe as prasad for Ashtami or just as a Sunday brunch.",North Indian Recipes,Main Course,High Protein Vegetarian,Punjabi,1,425,4,http://www.archanaskitchen.com/sukha-kala-chana-masala-recipe-ashtami-prasad
Dal Ghiya with Punjabi Wadiyan Recipe - Lentils with Bottle Gourd & Sundried Lentil Dumplings,"1 cup Badi (wadi),2 cups Bottle gourd (lauki) - cubed,1 cup Chana dal (Bengal Gram Dal),1 Onion - finely chopped,3 Tomatoes - chopped,1/2 inch Ginger - finely chopped,2 Green Chillies,1 teaspoon Cumin (Jeera) seeds,1/2 teaspoon Coriander seeds - coarsely pounded,1 pinch Asafoetida (hing),1/2 teaspoon Red Chilli powder,1/2 teaspoon Turmeric powder (Haldi),1/2 teaspoon Garam masala powder,Salt - to taste,Water - as needed,Coriander (Dhania) Leaves - a few for garnish","To begin making Dal Ghiya with Punjabi Wadiyan Recipe, wash and soak chana dal for half an hour.Into a preheated pressure cooker add ghee and cumin seeds. Let them sputter then add coarsely pounded Coriander seeds. Saute for a few seconds and break a wadi into small pieces and add it to the ghee.Saute till the wadi become golden brown in colour and add ginger, onions and green chilli and sauté them till the onions become soft.Once done add tomatoes and cook them till they become soft and mushy.Once done add a pinch of asafoetida. turmeric powder, red chili powder and saute for a minute.After a minute add the soaked chana dal and the cubed bottle gourd. Stir till well combined. Once done add just enough water to cover the sabzi.Close the lid of the pressure pan and pressure cook for 1 whistle.After the first whistle turn the heat to low and continue to cook for 15 minutes and then turn off the heat.Let the pressure release naturally.After the pressure has released open the pressure cooker and stir in the garam masala.Transfer the Dal Ghiya with Punjabi Wadiya into a serving bowl, garnish with fresh coriander leaves and serve.Serve Dal Ghiya with Punjabi Wadiyan along with Butter Naan or Steamed Rice and Carrot Cucumber Tomato Salad with Lemon and Coriander Recipe for lunch or dinner.",Awadhi,Lunch,Vegetarian,Punjabi,1,40,4,http://www.archanaskitchen.com/dal-ghiya-with-punjabi-wadiyan-recipe-lentils-with-bottle-gourd-sundried-lentil-dumplings
Sour Sweet Pudla Recipe - Gujarati Steel Sweet & Savory Panke,"1-1/2 cup Gram flour (besan),1/2 cup Tomatoes - very finely chopped,1 Green Chilli - finely chopped,1/4 teaspoon Turmeric powder (Haldi),1/2 teaspoon Red Chilli powder,1 pinch Asafoetida (hing),1/4 teaspoon Amchur (Dry Mango Powder) - (optional),Salt - to taste,1 cup Water,Sunflower Oil - to drizzile while cooking,1 cup Jaggery - grated,1 cup Whole Wheat Flour,1/3 cup Water - (adjust),Sunflower Oil - to drizzle,Roasted tomato pasta sauce - as needed,Green Chutney (Coriander & Mint) - as needed,Coriander (Dhania) Leaves - a few","To begin making the Khatta Meetha Pudla Recipe, we will make Khatta pudla and meetha pudla separately to prepare Khatta Meetha Pudla RecipeTo Make Khatta Pudla:In a mixing bowl, combine the gram flour, tomatoes, green chillies, turmeric powder, red chilli powder, a pinch of asafetida, salt to taste, water and mix it well and set aside for 10 mins.Heat a non-stick tawa on a medium flame and grease it lightly with oil.Pour 1/4th portion of the mixture on it and spread it evenly using a ladle to make a thin pancake.Sprinkle few chopped coriander leaves and cook on both the sides until it become golden brown. Repeat to prepare pudla from the rest of the batter.To make Meetha Pudla:In a mixing bowl, soak jaggery in water for few mins until it melts properly.Now add whole wheat flour and mix it well using whisk so no lumps arise.Heat non stick tawa and grease a oil on it on medium flame.Pour 1/4th portion of mixture using ladle and spread it evenly to make thin pancake.Cook on both the sides until it becomes golden brown. Repeat to use all the batter.Serving:Place one khatta pudla, apply some tomato ketchup and green chutney on it, sprinkle coriander leaves. On top, place meetha pudla and cut them into pieces or serve as whole.Serve Khatta Meetha Pudla Recipe as an evening snack with masala chai.",Gujarati Recipes,Snack,Vegetarian,Gujarati,1,40,2,http://www.archanaskitchen.com/khatta-meetha-pudla-recipe-gujarati-style-sweetish-savoury-pancake
Fajeto Recipe - Gujarati Ripe Mango Curry Recipe,"1 cup Mango (Ripe) - pureed,1 cup Curd (Dahi / Yogurt),3 tablespoons Gram flour (besan),1/2 teaspoon Red Chilli powder,1/2 teaspoon Turmeric powder (Haldi),2 teaspoons Jaggery,1/4 teaspoon Asafoetida (hing),Salt - to taste,1 tablespoon Ghee,1/2 teaspoon Mustard seeds,1/2 teaspoon Cumin seeds (Jeera),1 inch Cinnamon Stick (Dalchini),1 Dry Red Chilli,1 teaspoon Ginger - grated (omit ginger if jain),2 Green Chilli - slit,6 Curry leaves - finely chopped,1 tablespoon Coriander (Dhania) Leaves - chopped","To begin making the Gujarati Fajeto (Mango Kadhi) recipe, into a saucepan combine all the main ingredients along with 2 cups of water and whisk them together until well combined. Bring the mixture to come to a boil whisking occasionally. Once the mixture begins to boil, turn the heat to low and simmer for 10 minutes. To make the seasoning for the Fajeto Mango Kadhi; Heat ghee in a large saucepan on medium heat; add mustard seeds and cumin seeds allow them to crackle.Add the cinnamon, dry red chilli, curry leaves, ginger and green chillies and stir for a few seconds. Check the salt and spice levels and adjust to suit your taste.Pour the seasoning over the simmering Fajeto Kadhi. Turn off the heat and garnish the Kadhi with chopped coriander leaves.Serve the Fajeto (Gujarati Mango Kadhi) along with Phulka's, Stuffed Bhindi and Steamed Rice for a weekend lunch",Gujarati Recipes,Lunch,Vegetarian,Gujarati,1,50,2,https://www.archanaskitchen.com/fajeto-gujarati-mango-kadhi-recipe
Rajma Aloo Cutlet Recipe (Tikki / Patty),"1 cup Rajma (Large Kidney Beans) - washed and soaked overnight (6-8 hrs.),2 Potatoes (Aloo) - boiled and peeled,2 Green Chillies - finely chopped,1/4 cup Coriander (Dhania) Leaves - finely chopped,1/2 tablespoon Red Chilli powder,1/2 tablespoon Coriander Powder (Dhania),1/4 tablespoon Cumin powder (Jeera),1/2 tablespoon Garam masala powder,1/2 tablespoon Amchur (Dry Mango Powder),1 tablespoon Gram flour (besan) - roasted,Salt - to taste,Sunflower Oil - as needed","To begin making the Rajma Aloo Cutlet Recipe (Tikki/Patty), we will first cook the rajma in the pressure cooker with enough water until very soft. Once cooked, allow the rajma to cook completely and drain out the excess water. You can use this water in a soup or cooking rice. Mash the rajma along with boiled mashed potatoes, red chili powder, coriander powder, cumin powder, garam masala, chopped green chili, salt, amchur powder, minced coriander leaves and besan. You can use a food processor to make the process of mixing all of them together easier.Check the salt and spices and adjust to suit your taste. Grease your palms with oil and take small portions of the rajma patty mixture, flatten them to shape it into a circular disc. Proceed the same way with the remaining portions of the cutlet mixture.The next step is to cook the Rajma Aloo Cutlet. Preheat a skillet on medium heat. Place a few Rajma Aloo Cutlets at a time, drizzle a little at a time and cook the cutlets evenly on both sides until crisp. Serve the Rajma Aloo Cutlet as a tea time snack along with tomato ketchup or a chutney of your choice.",Indian,Snack,High Protein Vegetarian,Punjabi,1,60,4,http://www.archanaskitchen.com/rajma-aloo-cutlet-recipe-tikki-patty
Malvani Kala Chana Masala Recipe - Spicy Kala Chana Curry,"2 Dry Red Chillies,2 tablespoons Coriander (Dhania) Seeds,1 tablespoon Fennel seeds (Saunf),1 tablespoon Cumin seeds (Jeera),2 tablespoons Poppy seeds,2 Cloves (Laung),1 inch Cinnamon Stick (Dalchini),1 Star anise,1 Cardamom (Elaichi) Pods/Seeds,1 Black cardamom (Badi Elaichi),1 cup Kala Chana (Brown Chickpeas) - soaked overnight,1 teaspoon Mustard seeds,1 teaspoon Cumin seeds (Jeera),4 cloves Garlic - chopped,1 tablespoon Jaggery,1 cup Tamarind Water,2 tablespoons Fresh cream,Salt - to taste,Coriander (Dhania) Leaves - a small bunch,Sunflower Oil","To begin making the Malvani Chana Masala Recipe, we will first keep the ingredients ready for the malvani masala.Preheat a pan over medium heat; add the spices for the malvani masala into the pan and roast for about a minute until you can smell the aromas coming through. You will also notice the spices change color, as they are getting roasted.Once roasted, allow the spices to cool. Once cooled, blend them into a smooth powder and keep aside.In the meantime pressure cook the soaked chana for at least 6 to 10 whistle or for 25 minutes in a pressure cooker along with 3 cups of water and salt to taste. Turn off the heat and allow the pressure to release naturally.Once the kala chana is cooked, take out about 1/4 cup of cooked chana and blend it in a mixer to a coarse paste. This is done to give a thick texture to the Malvani kala chana gravy.Once the chana is blended, keep it aside.Heat oil in a kadai over medium heat; add mustard seeds and cumin seeds and allow it to crackle for few seconds.Add chopped garlic and sauté till they soften. Add in the powdered Malvani masala onto the kadai and stir fry for a few seconds. Stir in the ground kala chana masala paste, the cooked chana masala, tamarind water, jaggery and cream and give it a stir.Check the salt and spices and adjust to taste accordingly. Add water if required to give the Malvani Kala Chana Masala a curry like consistency.Bring the Malvani Kala Chana Masala to a brisk boil. Turn the heat to low and simmer the masala for about 5 minutes so the masalas get well incorporated into the Kala Chana.Once done, turn off the heat and transfer the Malvani Kala Chana Masala to a serving bowl and serve hot.Serve the Malvani Chana Masala Recipe along with Malabar Parotta, Steamed Rice, Beetroot, Carrot & Cucumber Salad with Peanuts for lunch or dinner.",Maharashtrian Recipes,Lunch,Vegetarian,Punjabi,1,40,4,http://www.archanaskitchen.com/malvani-kala-chana-masala-recipe-spicy-kala-chana-curry
Semolina Gujiya Recipe,"1-1/2 cup All Purpose Flour (Maida),3 tablespoons Ghee,1/2 cup Milk,1/2 cup Sooji (Semolina/ Rava),1/2 cup Fresh coconut - grated,1 cup Sugar - fine,2 tablespoons Khuskhus,1 tablespoon Cardamom Powder (Elaichi),1/2 tablespoons Nutmeg powder,1/4 cup Raisins - chopped,1/4 cup Badam (Almond) - chopped,Ghee - for frying","To begin with Semolina Gujiya, heat heavy bottomed pan with 1 tablespoon of ghee and add Sooji. Saute the Sooji/semolina till it turns golden or light brown in colour. Once the colour is changed, add in the grated coconut. Once the sooji is cooked, remove it from the heat and transfer it in a bowl. Add sugar, cardamom powder, nutmeg powder, khus khus and dry fruits. Mix everything properly and allow it to cool for a few minutes.The next step is to make dough for the gujiyas.In a bowl add the maida along with salt and 2 tablespoons of ghee Add the cold milk little by little to make a firm ball of dough. Divide the dough into equal portion, dust in flour and roll them out into 2 inch diameter flattened rotis. Place them in a Gujiya mould or Calzone maker and place a portion of the stuffing in the hollow part.Apply a little milk on the edges, close the mould and press firmly.Deep fry in the ghee or cooking oil, to your liking and place it on an absorbent tissue paper. Once done, it is ready to be served. Serve Semolina Gujiya as a sweet dish along with your festive meal - 4 - Course Diwali Party Menu To Celebrate the Festive Season.",Gujarati Recipes,Dessert,Vegetarian,Gujarati,1,55,4,https://www.archanaskitchen.com/semolina-gujiya-recipe
Grilled Rajma Masala Sandwich Recipe,"6 Whole Wheat Brown Bread,1 Onion - thinly sliced,2 Potatoes (Aloo) - boiled,1/2 cup Rajma (Large Kidney Beans) - cooked,1 inch Ginger - grated,1 clove Garlic - chopped,1 teaspoon Turmeric powder (Haldi),1 teaspoon Red Chilli powder,1 teaspoon Garam masala powder,1 teaspoon Chaat Masala Powder,Salt - to taste,Sunflower Oil - for cooking","To begin making the Grilled Rajma Masala Sandwich Recipe, soak 1/2 cup of rajma overnight and cook the rajma until soft. Drain the excess water and keep aside.Boil the potatoes, peel the skin and cut the potatoes until small cubes. Keep this aside.In a skillet, heat a teaspoon oil oil, add the ginger, garlic and saute for a few seconds. Add the cooked rajma, cut potatoes and all the masalas.Stir to combine all the ingredients and saute on medium high heat until you get a good rajma masala filling for the sandwich. There should be very little moisture. Check the salt and spices and adjust to suit your taste.Once done turn off the heat and allow the rajma masala to cool. Once cooled, add the thinly sliced onions and optionally green chilies chopped into the masala. This will give a good crunch to the sandwich.To prepare grilled sandwich, place the bread slices on the platform. Spread a spoonful of rajma masala mixture over one slice. Cover with another bread slice and press it down.Spread some softened butter on the top slice and place it in a sandwich maker or grill pan with the butter side facing down. Spread butter on the other side and grill the rajma sandwich until golden brown and crisp.Serve the Grilled Rajma Masala Sandwich as a wholesome breakfast or even serve it for summer weeknight dinner along with a Summer Lettuce Salad Recipe or a Coconut Kewra Drink Recipe.",Indian,Indian Breakfast,High Protein Vegetarian,Punjabi,1,40,3,https://www.archanaskitchen.com/grilled-rajma-masala-sandwich-recipe
Creamy Mocha Lassi Recipe,"1 cup Hung Curd (Greek Yogurt),1/4 cup Milk - or water,1/2 teaspoon Instant Coffee Powder,2 tablespoons Honey,2 teaspoons Cocoa Powder,Ice cubes - a few","To begin making this Creamy Mocha Lassi Recipe, get prep with all the ingredients mentioned.Blend all ingredients - yogurt, milk, coffee powder, honey and cocoa powder in a blender jar until smooth, creamy and frothy. Do a taste test and add more honey or sugar to adjust to your sweetness.Adjust the consistency of the lassi according to your preference by adding more water or milk. Also adjust honey/sugar to taste.Serve immediately or keep in refrigerator until serving time.Serve Creamy Mocha Lassi Recipe with snacks like Makki Paneer Pakora Recipe or Mangalorean Style Biscuit Roti Recipe.",Indian,Snack,Vegetarian,Punjabi,1,15,2,https://www.archanaskitchen.com/creamy-mocha-lassi-recipe
Gujarati Biraj Recipe - Saffron Flavored Sweet Lentil Rice With Dry Fruits & Coconut,"1 cup Basmati rice,1/2 cup Chana dal (Bengal Gram Dal),1/4 cup Fresh coconut - grated,1 cup Sugar,1 teaspoon Cardamom Powder (Elaichi) - freshly pounded,3 Saffron strands,2 tablespoons Badam (Almond) - thinly sliced,2 tablespoons Pistachios - thinly sliced,2 tablespoons Cashew nuts - thinly sliced,2 tablespoons Raisins,4 tablespoons Ghee","To begin making the Gujarati Biraj Recipe, wash and soak the rice and dal in 3 cups of water for an hour.Heat 1 tablespoon of ghee in a small pan on medium heat; add the nuts and sauté them until well roasted. Keep aside.Heat 3 tablespoons ghee on medium heat; add the soaked rice and chana dal along with the water it was soaked in, cardamom powder, saffron and sugar. Stir well, until the sugar is dissolved.Turn the heat to low, cover the pan and simmer until the rice and gram dal is cooked and the water is fully absorbed. Once the water is fully absorbed and the rice and chana dal are cooked turn off the heat.Allow the Biraj to rest for 15 minutes. Finally stir in the freshly grated coconut, roasted nuts and raisins. Serve the Gujarati Biraj along with hot Gujarati Kadhi and Desi Kala Chana Curry.",Gujarati Recipes,Dinner,Vegetarian,Gujarati,1,90,4,http://www.archanaskitchen.com/gujarati-biraj-recipe-saffron-flavored-sweet-lentil-rice-with-dry-fruits-and-coconut
Chole Pindi Recipe,"1 cup black gram - soaked overnight, 2 cardamom, 1 onion - finely chopped, 1 cinnamon, 1 inch ginger - finely chopped, 2 green chillies - cut straight, 1/2 cup tomato puree, 1/2 small Spoon turmeric powder, 1 tsp pomegranate, 1 tsp coriander powder, 1/2 tsp garam masala powder, 1/2 tsp amchur - or lemon juice, 1/2 tsp red chilli powder, oil - or ghee, Salt - as per taste, cut 1 inch ginger - thin, Lemon - grind","To make the Chole Pindi Recipe, we will first cook the black gram in a pressure cooker. In a pressure cooker, pour the black gram along with water and salt as per the experiment. Cook until 4 to 5 come to the city. Turn off the gas and let the pressure drain automatically. Open the cooker and keep the gram separately. Now heat oil in a pan. Add onion, ginger, green chilli and cook till the onion becomes soft. After the onion becomes soft, add tomatoes, turmeric powder, coriander powder, garam masala powder, mango powder, red chilli powder, cinnamon, cardamom and cook till the tomatoes become soft. Now add black gram and mix. Cover the pan and cook it for 5 minutes. Turn off the gas and garnish with green coriander, ginger and lemon juice. Serve Chole Pindi Recipe with celery poori, boondi raita and flour halwa for dinner.",North Indian Recipes,Lunch,Vegetarian,Punjabi,1,620,4,https://www.archanaskitchen.com/chole-pindi-recipe-spicy-chickpea-curry-in-hindi
Gujarati Style Bhakri Recipe-A Multigrain Flat Bread,"1 cup Whole Wheat Flour,1 cup Jowar Flour (Sorghum),4 tablespoons Ghee,2 teaspoons Ajwain (Carom seeds) - or sesame seeds,1 teaspoon Whole Black Peppercorns - coarsely pounded,1/2 teaspoon Turmeric powder (Haldi),1/4 teaspoon Dry ginger powder,Salt - to taste","To begin making the Bhakri's, in a wide bowl, combine the flours, ghee, cumin seeds, ginger, red chilli powder and salt. Add water a little at a time and knead into very firm dough. Cover and set aside for 15 minutes.Preheat an iron skillet on medium heat. Divide the dough into 10 equal portions. Roll out each portion into a 4 inch diameter circle. Place the rolled dough on the heated skillet on medium heat.Cook each rolled portion of the bhakri dough on both sides until golden brown, putting light pressure using a wooden press, so the insides cook evenly.You will notice brown spots coming on very quickly if you your heat is very high. So take care and cook it evenly on medium heat. Optionally, many families cook the Bhakri’s in ghee to make it flakier.Bhakri also travels well, so if you have a long distance journey this would be an ideal bread to dip into your Masala Chai. Serve the Bhakri along with Lauki Channa Dal and a bowl of yogurt for dinner or a packed lunch.",Maharashtrian Recipes,North Indian Breakfast,Diabetic Friendly,Gujarati,1,50,4,http://www.archanaskitchen.com/bhakri-a-multigrain-gujarati-flat-bread-recipe
Punjabi Choori Recipe (Sweet Crumbled Rotis),"4 Tawa Paratha - leftover or fresh,2 teaspoons Ghee,Mixed nuts - like cashew and almonds,2 tablespoons Sugar - or grated jaggery","To begin making the Punjabi Choori Recipe, first break the paranthas in small pieces, by shredding it with your hands.Then place it in a mortar and pestle and further pound it into a coarse crumbly mixture. This can also be done in a chopper or food processor.In a kadhai, warm some ghee and roast the dry fruits for about 2 minutes till fragrant and nutty.Add the crumbled roti powder to the ghee and nuts. Saute together for 2-3 minutes.Switch off the flame at this point and add the sugar or jaggery powder. Toss it all together for a couple of minutes till incorporated.Turn off the heat, transfer into a bowl and serve the Punjabi Choori recipe warm with a glass of milk.",Punjabi,Snack,Vegetarian,Punjabi,1,30,4,http://www.archanaskitchen.com/punjabi-choori-recipe-sweet-crumbled-rotis
Instant Sooji Oats Dhokla Recipe - Steamed Semolina & Oats Dhokla,"1 cup Sooji (Semolina/ Rava) - roasted,1/2 cup Instant Oats (Oatmeal),1/2 cup Curd (Dahi / Yogurt),1 teaspoons Enos fruit salt,Salt - to taste,Red Chilli powder - for sprinkling,1 tablespoons Sunflower Oil - plus extra oil for greasing,1/2 teaspoon Mustard seeds,1 teaspoon Sesame seeds (Til seeds),1/4 teaspoon SSP Asafoetida (Hing),2 Green Chillies - slit,5 Curry leaves,Fresh coconut - grated,Coriander (Dhania) Leaves - a few","To begin making the Instant Sooji Oats Dhokla Recipe, add the roasted sooji, instant oats, yogurt, salt to taste in a bowl. Add little water at a time and stir to make a thick batter.Allow the batter to rest for 5 minutes and add enos salt. Stir well to combine.Prepare the steamer by pouring water and preheating it on medium heat. Grease the dhokla pans with a little oil.Pour the dhokla batter into the greased dhokla plates. Sprinkle some chilli powder over the dhokla and place in dhokla steamer.Cover the steamer and let it steam for about 10-15 minutes until a tester, like a butter knife, when inserted comes out clean. Once done turn off the heat. Remove the stand from the steamer and allow it to rest for a couple of minutes.Cut the Sooji Oats Dhokla into squares or diamonds and arrange them on a serving platter and keep aside.Into a preheated pan add oil. Once the oil is hot add the mustard seeds, sesame seeds and asafoetida. Allow the seeds to crackle.Once done add the green chillies, curry leaves. Stir for a few seconds and turn off the heat. Spread the seasoning over the Sooji Oats Dhokla. Garnish with a few chopped coriander leaves and grated coconut and serve. Serve this Instant Sooji Oats Dhokla Recipe - Steamed Semolina & Oats Dhokla with Green Chutney and Masala Chai for breakfast or a tea time snack.",Gujarati Recipes,Snack,Vegetarian,Gujarati,1,50,6,http://www.archanaskitchen.com/oats-rava-dhokla-recipe-steamed-semolina-oat-cake
Amritsari dal recipe - Amritsari Dal (Recipe in Hindi),"1 cup black urad dal (split), 1/4 cup chana dal, 1 onion - finely chopped, 1 tomato - finely chopped, 2 green chillies - finely chopped, 1 inch ginger - grated, 2 long - finely chopped Take 1/2 teaspoon celery, 1/2 teaspoon red chili powder, 1/2 teaspoon garam masala powder, 1/2 teaspoon turmeric powder, 1 inch lentil sugar, salt - as per taste, oil - as per use","To make Amritsari dal, first wash and soak the lentils for 4 to 5 hours. Now heat the oil in a pressure cooker. Add lentils, tomatoes, turmeric powder and 3 cups of water. Turn off the cooker and cook until it comes to 4 cities. Allow the pressure to drain and keep the lentils separately. Now heat oil in a pan. Add onion, ginger, garlic and cook till the onion becomes soft. After the onion softens, add green chillies, tomatoes and remaining spices. Cook for 2 to 3 minutes. After 3 minutes, add dal and dal in it. Add water as per your taste, mash the lentils slightly and let it cook for 10 minutes. After cooking, turn off the gas and garnish with green coriander. Serve Amritsari dal with green tomato vegetable, boondi raita and phulka for the day's dinner.",Punjabi,Lunch,High Protein Vegetarian,Punjabi,1,40,4,http://www.archanaskitchen.com/amritsari-dal-recipe-in-hindi
Creamy Dal Makhani Recipe,"1 cup Black Urad Dal (Whole),1/2 cup Rajma (Large Kidney Beans),3 tablespoons Fresh cream - full fat,4 tablespoons Butter,1/2 teaspoon Red Chilli powder,1/2 teaspoon Turmeric powder (Haldi),1/2 teaspoon Cumin seeds (Jeera),4 cups Water,1 Onion - finely chopped,1/2 cup Homemade tomato puree,1 teaspoon Ginger - grated,1 teaspoon Garam masala powder,1/8 teaspoon Asafoetida (hing),1 Black cardamom (Badi Elaichi),2 Cloves (Laung),2 Green Chillies - chopped,1 teaspoon Coriander Powder (Dhania),Salt - as required","To begin making the Creamy Dal Makhani recipe, wash and soak black lentil and kidney beans together in enough water for at least 8 hours or for overnight.Drain the water and wash thoroughly at least for 5 to 6 times.The best way to make sure that it is purely washed, is that you can see clear water after washing them.In a pressure cooker, add lentil, kidney beans, asafoetida , turmeric, salt, water, black cardamom and cloves and pressure cook for 2 to 3 whistle on high flame then lower the heat and let it cook for another 15 to 18 minutes.When the cooker cools down completely, open it and check the cooked lentils should be very soft to touch.You should be able to mash the both lentil and kidney beans with spoon if they are cooked completely.If they are not cooked thoroughly, then pressure cook for 2 whistle more and add warm water if required.Now heat a thick bottomed pan add 3 tablespoons butter in it.Add cumin seeds and fry them until you see them into golden brown colour. Once cumin seeds are golden brown, then add chopped onions.After 3 minutes or until onion turns in light golden colour add tomato puree, green chillies and grated ginger.After 1 minutes add chilli powder, coriander powder and (add spices to adjust your taste) cook till the oil starts separating from the mixture.Now add cooked lentils and simmer for 12 to 15 minutes. Add garam masala, cream and 1 tablespoon butter (if lentils will thicken after some time so make sure to add enough warm water for cooking).Cook for another 5 minutes. Now creamy Makhani daal is ready to serve.Garnish with fresh cream & butter and serve hot. Serve Creamy Dal Makhani with Jeera Rice and Tawa Parathas for a delicious meal.",North Indian Recipes,Lunch,High Protein Vegetarian,Punjabi,1,65,4,https://www.archanaskitchen.com/creamy-dal-makhani-recipe
Gujarati Sev Tameta Nu Shaak | Sev Tamatar Ki Sabzi Recipe,"6 Tomatoes - halved,1 tablespoon Ghee,1/2 teaspoon Mustard seeds,1/2 teaspoon Cumin seeds (Jeera),1 sprig Curry leaves - finely chopped,2 Green Chilli - slit,1 inch Ginger - finely chopped,1/2 teaspoon Turmeric powder (Haldi),1/2 teaspoon Red Chilli powder,1 tablespoon Jaggery,1/2 cup Sev,Salt - to taste","To begin making the Sev Tamatar Ki Sabzi Recipe / Sev Tameta Nu Shaak, prepare all the ingredients and keep ready.Place the tomatoes in the pressure cooker along with 2 tablespoons of water and pressure cook for 2 whistles and turn off the heat. Allow the pressure to release naturally.Once the pressure releases, transfer to a wide plate and allow the tomatoes to cool. Peel the skin off the tomatoes and finely chop them and keep aside.Heat oil in a saucepan on medium heat; add the mustard seeds, cumin seeds, curry leaves, green chillies and ginger and allow them to crackle and saute for a few seconds.Add cooked tomatoes, turmeric powder, red chilli powder, jaggery and salt. Sauté until all the ingredients are well combined.Give the Sev Tameta nu shaak a brisk boil for 3 to 4 minutes. Once done, add half of the sev, along with 1/4 cup of water and bring it to a boil and turn off the heat.Check the taste of the Sev Tameta Nu Shaak and adjust the salt and spices accordingly.Once done, stir in the chopped coriander leaves and serve hot.Serve the delicious Jain Style Sev Tameta Nu Shaak along with freshly made Gujarati Thepla for lunch or dinner.",Gujarati Recipes,Main Course,No Onion No Garlic (Sattvic),Gujarati,1,25,4,http://www.archanaskitchen.com/rajasthani-sev-tamatar-ki-sabzi-recipe
Gujarati Dal Recipe - Gujarati Dal (Recipe In Hindi),"1/2 cup tur dal, 1/2 teaspoon mustard, 1/2 teaspoon cumin seeds, 4 curry leaves - finely chopped, 1 teaspoon ginger - grated, 1 tomato - chopped, 2 kokum - or 1 lemon Juice, 1 inch cinnamon, 1/4 teaspoon asafoetida, 1/2 teaspoon turmeric powder -, 1/2 teaspoon red chili powder, 1 tablespoon peanuts, 2 tablespoons jaggery, 1 tablespoon oil, green coriander - finely Chopped, salt - as per taste","To make Gujarati lentils, firstly cook the Tuvar dal in 2 cups of water to become soft. Watch this video to cook dal in a pressure cooker. When cooked, mix the lentils well and make sure that there are no lumps in the lentils and the lentils are soft. Now heat the oil on low heat in a pan and add mustard seeds, cumin, curry leaves, ginger, cinnamon and let it cook. Now add tomato, turmeric powder, asafoetida, red chilli powder and roast the spices on low heat. When tomatoes become soft, cook them well by adding mixed dal, salt, jaggery, peanuts and 1 cup of water till it boils. After the dal is boiled, boil it on low flame for 5 to 10 minutes and turn off the gas and garnish with finely chopped green coriander. Serve Gujarati lentils with stuffed ladyfinger and roti. Take care not to cook the lentils and add water as needed.",Gujarati Recipes,Lunch,Vegetarian,Gujarati,1,20,2,http://www.archanaskitchen.com/gujarati-dal-recipe-in-hindi
One Pot Punjabi Rajma Masala Recipe - One Pot Punjabi Rajma Masala Recipe,"1 cup kidney beans, 1 inch ginger - finely chopped, 2 cloves garlic - finely chopped, 1 onion - chopped, 1/2 cup tomato puree, 1 tsp turmeric powder, 1 tsp cumin powder - bake, 1 small Spoon garam masala powder, 4 cardamom, 2 inch cinnamon, 1 tbsp butter, coriander leaves - a little, 1 tsp oil, salt - as per taste","To make One Pot Rajma Masala Recipe, first soak Rajma in 3 cups of water for 8 to 10 minutes. Now turn on the sauté mode in the electric pressure cooker. In this, heat the oil as per the usage. Now add onion, garlic, ginger and cook till the onion turns golden brown. Now add tomato puree, turmeric powder, cumin powder, garam masala powder, cardamom and cinnamon. Cook for 2 minutes. Now add the soaked rajma with water. Turn off the cooker and turn on the kidney mode. Allow the pressure to drain automatically after cooking. After the pressure comes out, you will see that the indicator is down. After the pressure comes out, open the cooker, take out in a bowl and garnish with green coriander. Serve the One Pot Punjabi Rajma Masala Recipe with rice and mint onion kachumbar salad for dinner.",North Indian Recipes,Main Course,Vegetarian,Punjabi,1,105,4,https://www.archanaskitchen.com/one-pot-punjabi-rajma-masala-recipe-in-preethi-electric-pressure-cooker-in-hindi
Healthy Veg Lollipop Recipe With Palak & Rajma,"1 cup Rajma (Large Kidney Beans) - 1 cup rajma,2 cups Spinach Leaves (Palak) - chopped & tightly packed,1/2 cup Rolled Oats - finely powdered,1 teaspoon Red Chilli powder,1 teaspoon Garam masala powder,1/2 teaspoon Cumin powder (Jeera),1/2 teaspoon Amchur (Dry Mango Powder),Salt - to taste,Sunflower Oil - as required,3 tablespoons Gram flour (besan),Water - as required,Turmeric powder (Haldi) - a pinch,Salt - to taste,1/2 cup Rolled Oats - coarsely powdered","To begin making the Healthy Veg Lollipop Recipe With Palak & Rajma, soak rajma in water for 7-8 hours or overnight. The quantity of rajma would have almost doubled.Drain the water and pressure cook the soaked rajma with fresh water upto 8 to 10 whistles/ about 30 minutes so that they are soft when pressed. Let the pressure release on its own.Drain the water from the rajma and use it for any other purpose (in a curry or to knead chapati dough). Do not discard this water.In the meantime, thoroughly wash palak leaves multiple times. Saute the spinach lighty in a pan without any oil until soft and the spinach shrinks. Turn off the heat and allow the spinach to cool.Now, finely powder rolled oats in a mixer/blender and set aside.In a mixing bowl, take cooked rajma and mash it well using a masher or with your hand. Do not make it completely smooth, but coarsely mash some of them. This will give you a nice texture when you bite the lollipops.Next, add the cooked spinach, oats powder, salt and all the spices mentioned under 'To make Palak Rajma Oats Lollipop' which includes red chilli powder, garam masala powder, cumin powder, amchur powder, salt and oil.Mix all the contents thoroughly so that it forms a soft non-sticky dough. You should be easily able to shape it into small balls. If your dough is sticky, you can add more oats powder. Make small lemon sized balls and set aside.Check the spices and salt and adjust to suit your taste.Now, you will have to make a thin paste of gram flour. For this, mix gram flour with salt and turmeric powder. Add water as required and whisk well to form a lump-free, thin paste. Set aside.Next, make a coarse powder of rolled oats and set aside. Coating the veg lollipops with oats gives a nice crunchy texture to them. Now, heat a paddu / appe / paniyaram pan and add few drops of oil to each of the cavities.Dip each of the veg lollipop balls in gram flour mixture and roll them gently over oats so that they are uniformly coated.Gently place the veg lollipop balls inside the oiled cavities of the paddu pan. Cook them in low-medium heat until light brown in colour. Flip the veg lollipops around so that they cook well on all sides.Once the veg lollipops they are done, transfer them onto a paper towel to remove excess oil. Gently prick each of them with a toothpick so that they resemble a lollipop. Serve Healthy Veg Lollipop Recipe With Palak & Rajma along with Dhaniya Pudina Chutney and Masala Chai for your tea party or as an evening snack.",North Indian Recipes,Appetizer,High Protein Vegetarian,Punjabi,1,65,15,http://www.archanaskitchen.com/healthy-veg-lollipop-recipe-with-palak-rajma
Smoked Dhaba Dal Recipe,"1/2 cup Arhar dal (Split Toor Dal),1/2 cup Green Moong Dal (Whole),1 Onion - finely chopped,2 Tomato - finely chopped,2 cloves Garlic - finely chopped,1 inch Ginger - finely chopped,1 Green Chilli - finely chopped,1 teaspoon Cumin powder (Jeera),1 teaspoon Coriander Powder (Dhania),1/2 teaspoon Red Chilli powder,1/2 teaspoon Turmeric powder (Haldi),1/2 teaspoon Black Salt (Kala Namak),Salt - to taste,Sunflower Oil - as required,1 tablespoon Ghee,1 teaspoon Cumin seeds (Jeera),2 Dry Red Chillies - broken,2 cloves Garlic - slivered,4 sprig Coriander (Dhania) Leaves - finely chopped,1 Charcoal","To begin making the Smoked Dhaba Dal Recipe; we will use the pressure cooker method to make the dal in one pot along with all the spices.Soak the tuvar dal and green moong dal for about an hour in water. Once you are through with the soaking time, get all the ingredients ready.Heat a teaspoon of oil in the pressure cooker; add the onions, ginger, garlic and green chillies and saute for a few minutes until the onions are lightly tender and softened. Add the tomatoes, and the remaining spices and saute until you smell the aromas coming through.Add the soaked dals, salt and add 3 cups of water. Cover the pressure cooker, place the weight on and cook until you hear 2 to 3 whistles. After two to three whistles, turn the heat to low and simmer the Dhaba Dal for about 5 to 8 minutes. Once done, turn off the heat and allow the pressure to release naturally.The dal continues to cook under the pressure, hence we allow it to rest until the pressure releases.Once the pressure releases; open the cooker and you will notice the dal cooked and mushy. That is how we want the Dhaba Dal to appear. Stir in the chopped coriander leaves and check the salt and spice levels. Adjust to suit your taste. Adjust the consistency of the dal, by adding water.Now the final step is to add the smoked flavor and to prepare the seasoning.To smoke the dal heat charcoal until red hot over the gas burner (direct flame). Once the coal is red hot, place it in a heatproof bowl.Place this bowl on top of the cooked lentils. Drizzle a teaspoon of ghee over the hot coal. The coal will begin to smoke almost instantly. At this stage, cover the dal pan and allow the smoke to circulate inside. This process of smoking a dal, is called Dhungar or Coal Smoking Technique.After about a minute, open the dal pan and you will see the smoke effect has withered. Transfer the Smoked Dhaba Dal to a serving bowl.For the seasoning; heat a teaspoon of ghee in a small pan; add the cumin seeds, the slivered garlic, and red chillies. Allow the cumin to crackle for a few seconds and turn off the heat. Pour this seasoning over the Smoked Dhaba Dal.Serve Smoked Dhaba Dal Recipe along with Garlic Naan and Palak Raita for a weekday meal.",Punjabi,Lunch,High Protein Vegetarian,Punjabi,1,50,4,http://www.archanaskitchen.com/smoked-dhaba-dal-recipe
Roasted Pumpkin Rava Dhokla Recipe - Sooji Dhokla,"1 cup Kaddu (Parangikai/ Pumpkin) - peeled and diced,1 teaspoon Sunflower Oil,1 cup Sooji (Semolina/ Rava),1/4 cup Curd (Dahi / Yogurt),Salt - to taste,1 teaspoon Green Chilli - made into paste using pestle and motor,1 teaspoon Enos fruit salt,1 tablespoon Sunflower Oil,1/2 teaspoon Mustard seeds,1/2 teaspoon Cumin seeds (Jeera),1 pinch Asafoetida (hing),1/2 teaspoon Sesame seeds (Til seeds),1 sprig Curry leaves,Coriander (Dhania) Leaves - to garnish","To begin making the Roasted Pumpkin Rava Dhokla Recipe, heat a skillet with with oil on medium heat. Once the oil is hot, add in the pumpkin, sprinkle a little salt and roast for 4-5 minutes until it becomes soft and tender. Do not add any water while roasting the pumpkin. Cover the pan and allow the pumpkin to cook in it's own steam.Once done turn off the heat, and allow the pumpkin to cool. Once the pumpkin has cooled, transfer the pumpkin to a mixer jar and grind to a smooth paste. Transfer the pumpkin puree to a mixing bowl. In the bowl with with the pumpkin puree add and combine the rava, curd, cooking oil, salt and green chilliMix vigorously and allow it to rest for a good 30 minutes. After the 30 minutes you will see the sooji has fluffed up well. Preheat the steamer with water and keep it ready.Grease a plate generously with oil. Add eno's fruit salt and give it a good mix. Pour the Roasted Pumpkin Rava Dhokla batter into the plate mouldNow place the plate in the steamer, cover and steam for 10-12 minutes until firm. Open the lid, insert a greased knife to check if its done. If the greased knife comes out clean the dhokla is steamed. Demould and transfer Roasted Pumpkin Rava Dhokla to a serving plate. To make the tadkaIn a tadka pan, heat oil on medium heat, add the mustard seeds and allow them to crackle, next add the asafoetida, cumin seeds, sesame seeds, and curry leaves. Once the curry leaves crackle, turn off the heat. Pour this tadka over the Roasted Pumpkin Rava dhokla, garnish with coriander leaves and serve. Serve Roasted Pumpkin Rava Dhokla Recipe for breakfast along with Green Chutney Recipe - Coriander Mint Chutney Recipe and Masala Chai Recipe - Indian Spiced Tea.",Gujarati Recipes,North Indian Breakfast,Vegetarian,Gujarati,1,30,4,https://www.archanaskitchen.com/roasted-pumpkin-rava-dhokla-recipe-sooji-dhokla
Khatte Chole Recipe - A Delicious North Indian Chana Masala,"1-1/2 cups Kabuli Chana (White Chickpeas) - soaked overnight and boiled,1 Onion - thinly sliced,1 Tomato - thinly sliced,1 Cinnamon Stick (Dalchini),2 Cloves (Laung),1 inch Ginger - grated,1 teaspoon Ajwain (Carom seeds),1 teaspoons Coriander Powder (Dhania),1 teaspoon Red Chilli powder,1 teaspoon Garam masala powder,2 teaspoons Amchur (Dry Mango Powder),2 teaspoons Ghee,Salt - to taste,1 Onion - thinly sliced,1 Green Chilli - finely chopped","To begin making Khatte Chole Recipe, soak the white chickpea or kabuli chana overnight and in the morning boil it with enough water using a pressure cooker for 8 to 10 whistles - about 30 minutes and keep aside.Heat ghee in a large saucepan on medium heat, add ajwain, cinnamon stick and the cloves and let its aroma get released in the ghee.Add the slices onions and ginger and sauté until they are slightly soft. This will take around 3 to 4 minutes.Add sliced tomatoes, cook until the tomatoes turns mushy.Once the tomatoes have softened add the spice powders - red chilli powder, garam masala, coriander, and amchur, and cook until the ghee leaves the sides.Add the boiled kabuli chana, season with salt and let it simmer for 20 minutes until the Khatte Chole gets well coated with the masala. Once done, check the salt and spices and adjust to suit your taste.Serve the Khatte Chole Recipe along with Gehu Bajra Thepla or Bhatura Recipe along with the fresh onion salad and Masala Chaas Recipe for the weekend brunch.",North Indian Recipes,Lunch,Vegetarian,Punjabi,1,90,4,http://www.archanaskitchen.com/khatte-chole-recipe
Karela Thepla Recipe - Bitter Gourd Indian Flat Bread,"1 cup Whole Wheat Flour,1/2 cup Gram flour (besan),2 to 3 tablespoons Karela (Bitter Gourd/ Pavakkai) - grated,1 teaspoon Ajwain (Carom seeds),1 inch Ginger - grated,2 Green Chillies - ground to paste,Salt - to taste,1/2 teaspoon Red Chilli powder,1/2 teaspoon Cumin powder (Jeera),1 teaspoon Turmeric powder (Haldi),1-1/2 teaspoons Ghee - or oil,1/2 cup Lukewarm Water,2 tablespoons Butter - melted","To begin making the Karela Thepla Recipe, in a large mixing bowl, add wheat flour and besan along with grated karela, ajwain, turmeric, red chili powder, cumin powder, green chili paste, ginger paste, ghee/oil and mix well with a spoon or fork.Now slowly add warm water and knead the flour mix to make a soft dough.Heat a flat bottomed tawa and meanwhile prepare the theplas. Pinch a lemon sized ball from the dough and roll out to make a thin roti on the dusted floor.Once the tawa is hot, place the thepla on the tawa and dry roast it from both sides.Now brush some melted butter on both sides of the thepla one by one and roast till golden in colour.Transfer the thepla on a serving plate and serve hot. Serve Karela Thepla along with Tomato Onion Cucumber Raita and Aam Ka Achaar for a light lunch or breakfast.",Indian,Lunch,Diabetic Friendly,Gujarati,1,50,4,https://www.archanaskitchen.com/karela-thepla-recipe-bitter-gourd-indian-flat-bread
Rajma Cutlet (Kidney Beans Patties) Recipe,"1 cup Rajma (Large Kidney Beans) - soaked and pressure cooked,2 Potato (Aloo) - cooked and smashed,1 teaspoon Red Chilli powder,1/2 teaspoon Garam masala powder,Salt - as required,1/2 teaspoon Fennel Powder,3 tablespoons All Purpose Flour (Maida),1/2 cup Whole Wheat Bread crumbs,Sunflower Oil - as required","To begin with Rajma Cutlet, firstly take the potatoes and kidney beans in a mixing bowl. Add red chilli powder, fennel seed powder, garam masala powder and salt in the mixture and mix everything well.Once it is done, make medium sized patties out of this mixture.In a different bowl, mix all-purpose flour with enough water to make a paste.Dip the patties in the flour paste and roll them gently in the bread crumbs.Once finished, arrange them in the fridge for an hour.After an hour, heat oil in a deep fry pan to fry the cutlets. Drop the cutlets and cook on both sides until they turn golden brown.Serve Rajma Cutlets with Dhaniya Pudina Chutney and Masala Chai during your tea time break.",Indian,Snack,Vegetarian,Punjabi,1,60,4,http://www.archanaskitchen.com/rajma-cutlet-kidney-beans-patties-recipe
Raw Papitha No Sambharo Recipe,"1 teaspoon Sunflower Oil,1 teaspoon Mustard seeds,1 teaspoon Cumin seeds (Jeera),1/4 teaspoon Asafoetida (hing),1 teaspoon Turmeric powder (Haldi),2 Green Chillies - slit,250 gram Raw papaya - grated,Salt - to taste","To begin making the Papitha No Sambharo, first prep all the ingredients and keep them ready. Grate the papaya and keep it aside.Heal oil in a pan over medium heat; add the mustard seeds and cumin seeds. Allow them to crackle. Add the hing, green chillies, turmeric powder and the raw grated papaya along with salt.Stir fry until the papaya softens just a bit. Once done, turn off the heat and transfer the papitha nu sambharo to a bowl and serve.Serve Raw Papitha No Sambharo along with Khaman Dhokla, Fafda, and Green Chutney for a high protein breakfast.",Gujarati Recipes,North Indian Breakfast,Diabetic Friendly,Gujarati,1,30,4,https://www.archanaskitchen.com/raw-papitha-no-sambharo-recipe
Aloo Matar Paneer Curry Recipe,"500 grams Paneer (Homemade Cottage Cheese) - cut into cubes,2 Potatoes (Aloo) - boiled and diced,1/2 cup Green peas (Matar) - steamed,1 cup Homemade tomato puree,1/2 teaspoon Cumin seeds (Jeera),2 Green Chillies - slit,1/2 teaspoon Coriander Powder (Dhania),1/2 teaspoon Garam masala powder,1/2 teaspoon Turmeric powder (Haldi),1/2 teaspoon Red Chilli powder,1 tablespoon Kasuri Methi (Dried Fenugreek Leaves),2 tablespoon Fresh cream,Salt - to taste,Sunflower Oil - for cooking,1 Onion - finely chopped,3 cloves Garlic,1 inch Ginger,1 cup Homemade tomato puree","To begin making the Aloo Matar Sabzi Recipe, we will first make a paste of the onion, ginger and garlic and keep aside.Heat a tablespoon of oil in a heavy bottomed pan; add in the cumin seeds and allow it to crackle. Add in the onion paste mixture and saute on low heat until the raw small from the onions go away and they turn golden in color.Add the tomato puree, green chillies, turmeric powder, coriander powder, garam masala powder, salt and chilli powder and stir well. Allow the tomatoes to cook and reduce to form a thick curry mixture.Once it comes together, add the cooked potatoes and paneer cubes. Turn the heat to low, add about 1 cup water, cover the pan and simmer the mixture for about 15 minutes.In the last 3 minutes of the simmering process of the aloo matar paneer sabzi, add in the steamed peas and stir.Finally stir in the kasuri methi and cream and turn off the heat. Check the salt and spice levels and adjust to suit your taste.Serve the Aloo Matar Paneer Curry Recipe along with Tawa Paratha or Phulka along with Mooli Raita by the side to make it a complete meal.",North Indian Recipes,Lunch,Vegetarian,Punjabi,1,55,4,http://www.archanaskitchen.com/aloo-matar-paneer-curry-recipe
Dal Bukhara Recipe (Punjabi Style Black Urad Dal),"1 cup Black Urad Dal (Whole) - soaked overnight,1 Onion - finely chopped,3 Tomatoes - pureed,1 Ginger Garlic Paste,2 Green Chillies,2 tablespoon Butter,1 teaspoon Cumin seeds (Jeera),1 Kasuri Methi (Dried Fenugreek Leaves),Salt - to taste,1 teaspoon Red Chilli powder,1 teaspoon Chaat Masala Powder,1 teaspoon Garam masala powder,1 teaspoon Cumin powder (Jeera),1/4 cup Fresh cream","To begin making the Dal Bukhara recipe, pressure cook the black grams with required cups water till done. Remove and mash the dal mixture.Heat butter in a heavy bottomed pan. Splutter cumin and bay leaf. Add onions, green chilli, ginger garlic paste and saute till light brown.Add tomato puree and salt. Mix everything well and cook for about 3 to 5 minutes.After 3 to 5 minutes, add all the spice powder including Kasuri methi, red chilli powder, chaat masala, cumin powder, turmeric powder and cook for two minutes.After 2 minutes, add the dal mixture, required the amount of water and let it simmer for few minutes.Finally, add garam masala powder and cream and cook for 2 to 3 minutes. Serve hot.Serve Dal Bukhara along with Bharma Baingan and Phulka for a weekday meal.",Punjabi,Dinner,Vegetarian,Punjabi,1,80,4,http://www.archanaskitchen.com/dal-bukhara-recipe-punjabi-style-black-urad-dal
Rice Flour Bhakri Recipe (Maharashtrian Tandalachi Bhakri),"2 cups Rice flour,1/2 teaspoon Salt,Lukewarm Water - as required","To begin making rice flour bhakri recipe, first, add the flour and salt in a mixing bowl.Mix.Add warm water,mix and knead to get a soft pliable dough.Heat a cast iron TawaDivide the dough into 2-3 portions. Shape each portion into a ball.Dust a flat work surface with dry flour.Press and pat each dough ball,with the palm of your hand to make a thin circle.Take care that the dough does not stick at the bottom and should move freely with your hands.Carefully lift this dough with both your hands and place it on a hot iron griddle.Spread a little water with your hands on the surface of the Bhakri and then flip it over with a flat spatula.Cook on high flame till some brown spots appear on the lower surface of the Bhakri.Take it off the griddle flip again and gently put it directly on the flame.Cook till you see brown spots or till it balloons up.Serve rice flour bhakri recipe with Lahsun ki Chutney or Arhar Ki Dal with Lahsun Tadka to make a filling portion of meal.",Maharashtrian Recipes,North Indian Breakfast,Vegetarian,Gujarati,1,45,4,https://www.archanaskitchen.com/rice-flour-bhakri-recipe-maharashtrian-tandalachi-bhakri
Rose Lassi Recipe,"2 cups Curd (Dahi / Yogurt),1 cup Chilled water,3 tablespoons Sugar,2 tablespoons Rose syrup,Ice cubes - a few,Pistachios - a few","To begin making the Rose Lassi Recipe, into the Preethi Zodiac blender tall jar add the yogurt, chilled water, rose syrup, sugar and a few ice cubes. Turn on the puree mode and blend to make a smooth lassi.Check sugar and add more if required.Transfer the Rose Lassi into serving glass and sprinkle chopped pistachios on the top and serve chilled. Serve Rose Lassi during the Holi festival or any special occasion with Mirchi Bajji and Matar Samosa Chaat to your friends and family.",North Indian Recipes,Snack,Vegetarian,Punjabi,1,15,4,https://www.archanaskitchen.com/rose-lassi-recipe
Achari Masala Recipe For Fresh Pickles - Sambharo Masala,"1 tablespoon Red Chilli powder,1/4 cup Split Methi Seeds (Methi Kuria),1/2 cup Split Mustard Seeds (Rai Kuria),1 teaspoon Turmeric powder (Haldi),1/2 teaspoon Asafoetida (hing),Salt - to taste",To begin making the Achari Masala Recipe - combine all the ingredients in a mixing bowl.Stir well until all the ingredients are well combined.Store the Achari Masala Recipe/ Sambharo Masala in an air tight bottle and into the freezer.Use the Achari Masala Recipe/ Sambharo Masala to make instant pickles as and when required.,Gujarati Recipes,Side Dish,Vegetarian,Gujarati,1,35,4,http://www.archanaskitchen.com/achari-masala-recipe-for-fresh-pickles-sambharo-masala
Amritsari Dry Dal Recipe - Amritsari Sookhi Dal Recipe,"1/2 cup black urad dal (split), 2 onions - cut into thin and straight, 2 tomatoes - finely chopped, 3 green chillies - finely chopped, 1/2 inch ginger - tighten, 1/2 cup coriander leaves Finely chopped salt - 1/2 tsp red chilli powder, 1/2 tsp coriander powder, 1/2 tsp turmeric powder, 1 tbsp oil, 1/2 tsp celery, 1/2 Teaspoon cumin, asafetida - a pinch, 1/4 cup coriander - finely chopped","To make Amritsari dry dal recipe, first wash the urad dal 3 to 4 times and soak it in water for 30 minutes. Now heat oil in a pan. Add celery, cumin, asafoetida and cook till the cumin seeds crackle. Now add green chili, garlic, onion, salt and cook till the onion becomes soft. After the onion becomes soft, add tomato, red chilli powder, coriander powder, turmeric powder and cook till the tomato becomes soft. Now add urad dal and some water. Cover the pan and cook till the lentils are cooked. Add a little water as it is a dry pulse. Turn off the gas, garnish with green coriander and serve. Serve the Amritsari Dry Dal Recipe with Tawa Paratha and Bundi Raita for dinner.",Punjabi,Dinner,Vegetarian,Punjabi,1,50,4,https://www.archanaskitchen.com/amritsari-sookhi-dal-recipe-in-hindi
Sarson Ka Saag Recipe - Classic North Indian Saag Recipe,"500 grams Mustard greens - washed and roughly chopped,250 grams Spinach Leaves (Palak) - washed and roughly chopped,250 grams Bathua leaves - washed and roughly chopped,1 teaspoon Makki Ka Atta (Yellow Corn Meal Flour),2 inch Ginger - finely chopped,4 cloves Garlic - finely chopped,1 Onion - thinly sliced,3 Green Chillies - slit into half,1/2 teaspoon Red Chilli powder,1/2 teaspoon Garam masala powder,1/2 teaspoon Coriander Powder (Dhania),Salt - to taste,4 tablespoons Ghee","To begin making the Sarson Ka Saag Recipe, we will first steam the leaves together along with a little salt until soft and yet green. For this, you can use a steamer or a pressure cooker.Place all the leaves in the pressure cooker, add a little salt and 3 tablespoons of water. Cover the pressure cooker and cook until you hear one whistle. After the first whistle turn off the heat.Place the cooker under running water and release the pressure immediately and add the Makki ka atta. This process of releasing the pressure immediately will help keep the greens green.Allow it to cool. You can either puree the saag or use a masher and mish mash the greens to make it soft and mushy. The way you like to present it is purely your choice.Heat a teaspoon of ghee in a heavy bottomed pan; add the ginger, garlic, onions and green chillies. Saute all the ingredients together on low heat until the onions are completely tender and soft and lightly browned.You can optionally cover the pan partly to create steam to cook the onions. This process of cooking consumes less oil.Once the onions are well softened, stir in the steamed sarson ka saag, red chilli powder, garam masala powder and coriander powder. Turn the heat to high and give the mixture a quick boil for a couple of minutes, so that the greens get the flavours from the spices and onions. Turn off the heat, check the salt and adjust to taste accordingly. Transfer the Sarson Ka Saag to a serving bowl and serve hot.Serve the Sarson Ka Saag along with Makki Ki Roti with a dollop of white butter and jaggery and end it with a Masala Chaas.",Punjabi,Side Dish,High Protein Vegetarian,Punjabi,1,55,4,https://www.archanaskitchen.com/sarson-ka-saag-a-north-indian-recipe-of-mustard-leaves
Rajma Saagwala (Dry Kidney Beans And Spinach Stir Fry) Recipe,"1 cup Rajma (Large Kidney Beans) - boiled,2 cups Spinach Leaves (Palak) - roughly chopped,Sunflower Oil - as required,1 teaspoon Cumin seeds (Jeera),1 Onion - finely chopped,5 Garlic - cloves,1 Green Chilli - finely chopped,1/4 teaspoon Turmeric powder (Haldi),1/2 teaspoon Garam masala powder,Asafoetida (hing) - A pinch,Salt - to taste","To begin making Rajma Saagwala recipe, pressure cook the overnight soaked rajma for two whistles in a pressure cooker and keep it aside.Now heat a wok in medium flame, pour oil, add the cumin seeds and a pinch of asafoetida and let it crackle.Add the finely chopped garlic and sauté till aromatic.Add the finely chopped onion and green chilli and cook till the onions become translucent.Add the roughly chopped spinach and cooked rajma and give it a stir.Now add the turmeric, garam masala powder and season with salt and mix well.Let the vegetable cook in medium flame for 10 minutes, occasionally keep stirring in between.Once done, switch off the flame and it is ready to be served. Serve Rajma Saagwala as a side dish with Rabodi Ki Sabji and Whole Wheat Lachha Parathas for a delicious weekday meal.",North Indian Recipes,Lunch,Vegetarian,Punjabi,1,35,4,https://www.archanaskitchen.com/rajma-saagwala-dry-kidney-beans-and-spinach-stir-fry-recipe
Mixed Vegetable Handvo Recipe - Savory Rice & Lentil Cake,"1/2 cup Basmati rice - coarsely ground (similar to coarse semolina),1/4 cup White Urad Dal (Whole) - coarsely ground,1/4 cup Green Moong Dal (Split) - coarsely ground,1/4 cup Chana dal (Bengal Gram Dal) - coarsely ground,1/2 cup Curd (Dahi / Yogurt),1 cup Bottle gourd (lauki) - shredded,1/2 cup Carrots (Gajjar) - shredded,1 Onion - finely chopped,1 teaspoon Enos fruit salt,1 tablespoon Lemon juice,1 teaspoon Caster Sugar,1/4 teaspoon Red Chilli powder,1/2 teaspoon Turmeric powder (Haldi),2 Green Chillies - ground to paste (I used 2 large ones),2 teaspoons Ginger Garlic Paste,Salt - to taste,2 teaspoons Sunflower Oil,1 teaspoon Mustard seeds,10 Curry leaves - broken,3 Dry Red Chillies - tore them and take out the seeds,1/2 teaspoon Black sesame seeds - extra for sprinkling,1/2 teaspoon Sesame seeds (Til seeds) - extra for sprinkling","To begin making the Vegetable Handvo recipe, soak the coarsely ground rice and lentils overnight using yogurt (curd/ dahi) in a bowl.Add some warm water (1 tablespoon at a time) to bring the batter to a very thick consistency. Ferment the batter overnight or for 10-12 hours. Once it is fermented, add shredded veggies in the morning along with chopped onion, lemon juice, sugar, red chili powder, turmeric powder, salt and ginger garlic green chili paste. Mix well.Mix Enos fruit salt with 1 tablespoon of water and add to the batter. Bring the batter to a thick consistency using a little water. Heat oil in a heavy bottomed pan on low heat and add mustard seeds and red chilies. Fry them till they attain a deep color and a smoky flavor. Next, add in the sesame seeds. Add curry leaves and once everything starts crackling, remove from the heat and add it to the batter. To make handvo, grease a medium sized non stick pan with a little oil. Heat it and pour in the batter. Sprinkle the black and white sesame seeds, cover the pan and reduce the heat.Cook for approximately 10 minutes. When cooked, it will leave sides. Turn it over and cook for another 5 minutes. Remove from the pan and slightly cool the handvo. It is ready to be served.Vegetable Handvo Recipe is easy to make and you can also pack it in your and your kid's lunch box with Dhaniya Pudina Chutney or Lahsuni Pudina Chutney.",Gujarati Recipes,Indian Breakfast,Vegetarian,Gujarati,1,50,6,http://www.archanaskitchen.com/mixed-vegetable-handvo-recipe-savory-rice-lentil-cake
Kesar Pista Lassi Recipe - Saffron & Pista Lassi Recipe,"1 cup Curd (Dahi / Yogurt) - (low fat),1 tablespoon Sugar - or honey,1/4 cup Fresh cream,3-4 Saffron strands,1 teaspoon Pistachios,Ice cubes - a few","To begin making Kesar Pista Lassi Recipe, add the dahi, pista, saffron, cream and sugar into a mixer grinder.Blend to make a delicious Kesar Pista Lassi. Its your personal preference if you would like the lassi to be smooth or little chunky.Once done transfer the Kesar Pista Lassi into a serving glass add a few ice cubes and garnish with saffron strands and serve the Kesar Pista Lassi chilled for the summers.Serve the Kesar Pista Lassi Recipe along with Peshawari Naan, Malai Kofta for a special weekend lunch or dinner.",Indian,Side Dish,Vegetarian,Punjabi,1,25,2,https://www.archanaskitchen.com/kesar-pista-lassi-recipe-saffron-pista-lassi-recipe
Bhaat Na Rasawala Muthia Dhokla Recipe | Gujarati Rasiya Dhokla,"1-1/2 cups Cooked rice,1/2 cup Gram flour (besan),1/2 teaspoon Red Chilli powder,1/4 teaspoon Turmeric powder (Haldi),1 teaspoon Salt,2 tablespoons Gram flour (besan),1 cup Curd (Dahi / Yogurt),3-1/2 cups Water,1/2 teaspoon Turmeric powder (Haldi),1/2 teaspoon Red Chilli powder,Salt - to taste,1 Green Chilli - slit,1 inch Ginger - finely chopped,1 Bay leaf (tej patta) - torn,1 inch Cinnamon stick - broken,1 tablespoon Ghee,1 teaspoon Cumin seeds (Jeera),1 inch Cinnamon stick - broken,1 sprig Curry leaves - torn","To make Bhaat Na Rasawala Muthia Dhokla, prep all the ingredients and keep them ready.Into a large mixing bowl, combine all the muthia dhokla ingredients and mash the rice well until it forms a dough like consistency.Grease your palms, shape into small ovals (muthias) and keep aside.For kadhi, into a sauce pan combine the dahi, besan, turmeric powder, salt and red chilli powder and mix well to combine until there are no lumps.Add the 3 cups of water and bring to a brisk boil. Keep whisking the Kadhi as it continues to boil, as this makes it smooth and creamy, thus giving it a perfect texture.Once the kadhi has come together into a smooth and creamy mixture while it is boiling, turn the heat to low, add the ginger garlic, green chillies, cinnamon stick and simmer kadhi while we add the muthias.Add the muthia into the kadhi. Simmer for at least 5 minutes and you will notice the muthia‘s rising to the top and floating. Once it begins to float to the top, simmer the Bhaat Na Rasawala Muthia Dhokla for another 2 minutes.The final step is to prepare the tadka. Heat ghee in a saucepan on medium heat; add the cumin seeds and allow them to crackle. Stir in the curry leaves, cinnamon and give it a stir. Gradually, add the seasoning mixture to the above Rasiya Dhokla/Bhaat Na Rasawala Muthia Dhokla and allow the mixture to come to a brisk boil and turn off the heat.Serve the Bhaat Na Rasawala Muthia Dhokla as a one dish meal for any weeknight dinner when you are looking for a comforting meal.",Gujarati Recipes,Dinner,Vegetarian,Gujarati,1,40,6,https://www.archanaskitchen.com/bhaat-na-rasawala-muthia-dhokla-recipe-gujarati-rasiya-dhokla
Drumstick Leaves Kadhi Pakora Recipe - Moringa Kadhi Pakora,"1 cup Drumstick Leaves (Moringa/Murungai Keerai),3/4 cup Gram flour (besan),1 teaspoon Red Chilli powder,1/2 teaspoon Turmeric powder (Haldi),1/4 Enos fruit salt - or baking powder,1 teaspoon Ajwain (Carom seeds),1/4 teaspoon Asafoetida (hing) - Asafoetida,Sunflower Oil - for frying,1 cup Curd (Dahi / Yogurt),1/4 cup Gram flour (besan),1/2 teaspoon Turmeric powder (Haldi),Salt - as required,1 teaspoon Ghee,1 teaspoon Mustard seeds,1 Fresh Red Chilli,2 inch Cinnamon Stick (Dalchini),1 sprig Curry leaves,Coriander (Dhania) Leaves - for garnish","To begin making Drumstick Leaves Kadhi Pakoda Recipe, the drumstick leaves pakoda should be prepared.First wash the drumstick leaves and chop the leaves. Take a large bowl and mix all the ingredients for the pakoras - Gram Flour, Red Chili powder, Drumstick leaves, Turmeric powder, Enos Fruits salt, Asafoetida, Salt and Carom seeds.To this mixture, add the water a few drops at a time. The final mixture should neither dry or soggy. Divide the mixture into 8-10 pakora balls. Into a paniyaram pan, add a few drops of oil into the cavities and add the pakora into the cavities and pan fry them until it is brown and crisp on all sides.Once the moringa pakoras are done, keep them aside.The next step is to make the KadhiIn a saucepan add the curd, gram flour, turmeric powder and salt. Add 2 cups of water and mix the kadhi mixture well. Turn the heat to high and keep whisking the kadhi until it becomes smooth and slightly thick. Once the kadhi begins to thicken, turn the heat low and allow the kadhi to simmer for 10 minutes. While the kadhi is simmering, heat ghee in a tadka pan; Add the mustard seeds, cumin seeds, cinnamon stick, red chillies and curry leaves. Allow them to crackle.Add this to the kadhi mixture and also drop in the moringa pakoras. Give the Morinka Kadhi Pakora a brisk boil and turn off the heat. Once done, give the Drumstick Leaves Kadhi Pakoda a taste and adjust the salt and spices accordingly. Once done, serve hot.Serve Drumstick Leaves Kadhi Pakoda Recipe along with Green Moong Dal Khichdi for a delicious weeknight dinner.",North Indian Recipes,Lunch,Vegetarian,Punjabi,1,50,4,http://www.archanaskitchen.com/drumstick-leaves-kadhi-pakoda-recipe
Rajma Kofta In Milk And Poppy Seed Gravy Recipe,"1/2 cup Rajma (Large Kidney Beans),1/4 cup Cashew nuts,2 tablespoons Raisins,1/4 teaspoon Asafoetida (hing),1/4 teaspoon Cumin seeds (Jeera),2 tablespoons Gram flour (besan),1/4 teaspoon Red Chilli powder,2 teaspoons Coriander (Dhania) Leaves - chopped,2 teaspoons Ghee,3 teaspoons Poppy seeds - ground to paste,1 teaspoons Fresh cream,1/2 cup Milk,1/2 teaspoon Garam masala powder,Water - as required,Salt - to taste,Saffron strands - a few to garnish","To begin making Rajma Kofta In Milk And Poppy Seed Gravy Recipe, prepare the koftas first. Remember to first soak the rajma overnight and pressure cook with salt until the rajma is cooked and softened.Blend the boiled rajma, besan, cashew, raisins, chilli powder, hing, coriander leaves and salt in a food processor. Check for seasoning and adjust. Spread this mashed spiced rajma on a thali or a large plate. Make small round balls of rajma kofta with your palm.Heat a frying pan with half ghee and fry the kofta balls for about 10 minutes. Set aside.What you can also do is, heat a kuzhi paniyaram pan, drop in a few drops of oil into each cavity and put in these balls into each cavity. Once browned on the bottom, you can rotate the kofta balls and brown them evenly from the other side as well. This is a healthier way to prepare koftas instead of deep frying them in traditional way.Take a kadai and heat ghee, add cumin and allow to sizzle.Once sizzling, add in milk, cream, poppy seed paste and garam masala powder. Add salt and stir. Add water only if needed.Cook till the mixture comes to one boil and add the koftas and Switch off heat after half a minute. Serve with your favourite garnish like saffron or coriander leaves.Serve Rajma Kofta In Milk And Poppy Seed Gravy Recipe along with Saffron Pilaf Recipe (Kesar Pulao) and Pudina Tawa Paratha Recipe for lunch or dinner with Green Moong Sprout Salad With Capsicum And Carrots to complete the meal.",North Indian Recipes,Side Dish,High Protein Vegetarian,Punjabi,1,50,6,https://www.archanaskitchen.com/rajma-kofta-in-milk-and-poppy-seed-gravy-recipe
Methi Pakoda Kadhi Recipe - Punjabi Kadhi Pakora,"1/2 cup Methi Leaves (Fenugreek Leaves) - finely chopped,1 Onion - finely chopped,1 cup Gram flour (besan),1 teaspoon Red Chilli powder,1/2 teaspoon Turmeric powder (Haldi),1/4 teaspoon Enos fruit salt - or baking powder,1 teaspoon Ajwain (Carom seeds),1/4 teaspoon Asafoetida (hing) - Asafoetida,Sunflower Oil - for frying the methi pakoras,1 cup Curd (Dahi / Yogurt),3 tablespoons Gram flour (besan),1/2 teaspoon Turmeric powder (Haldi),1/2 teaspoon Red Chilli powder,1 teaspoon Coriander Powder (Dhania),Salt - as required,2 tablespoons Ghee,1 teaspoon Cumin seeds (Jeera),1 Dry Red Chilli,2 inch Cinnamon Stick (Dalchini),Coriander (Dhania) Leaves - for garnish if required","To begin making Methi Pakoda Kadhi Recipe, first step is to make the pakora.Take a large bowl and mix all the ingredients for the pakoras like - Gram Flour, Red Chili powder, methi leaves, onion, Turmeric powder, Enos Fruits salt, Asafoetida, Salt and Carom seeds. Add little water at a time and make a thick pakora batter. Heat a paniyaram pan, add a few drops of oil into the cavities and spoon small portions of the pakora batter into the cavities and pan fry them until it is brown and crisp on all sides.Once the methi pakoras are done, keep them aside.The next step is to make the Kadhi.In a saucepan add the curd, gram flour, turmeric powder, red chilli powder and turmeric powder and salt. Add 2-1/2 cups of water and mix the kadhi mixture well.Turn the heat to high and keep whisking the kadhi until it becomes smooth and slightly thick.Once the kadhi begins to thicken, turn the heat low and allow the kadhi to simmer for 10 minutes. This simmering process allows the kadhi to get all the flavors.After 10 minutes of simmering, add the pakoras into the kadhi and simmer the pakoras for another 5 to 8 minutes until they become soft.While the Methi Pakoda Kadhi is simmering, heat ghee in a tadka pan; add the cumin seeds, cinnamon stick, and red chillies. Allow them to crackle.Give the Methi Kadhi Pakoda a taste and adjust the salt and spices accordingly. Once done, transfer the Methi Pakoda Kadhi to a serving bowl.Pour the tadka over the Methi Pakoda Kadhi and give it a swirl and serve hot.Serve the Methi Pakoda Kadhi Recipe along with Multigrain Methi Thepla, Aloo Simla Mirch Ki Sabzi and salad by the side for a delicious lunch or dinner.",North Indian Recipes,Lunch,Vegetarian,Punjabi,1,35,4,https://www.archanaskitchen.com/methi-pakoda-kadhi-recipe-punjabi-kadhi-pakora
Punjabi Style Spicy Arbi Sabji Recipe,"500 grams Colocasia root (Arbi),1 Onion - sliced,3 Green Chillies - slit length-wise,2 teaspoon Ghee,1 teaspoon Cumin seeds (Jeera),Salt - to taste,1 teaspoon Red Chilli powder,1/4 teaspoon Garam masala powder,1 teaspoon Amchur (Dry Mango Powder),1 teaspoon Turmeric powder (Haldi),Coriander (Dhania) Leaves - as required for garnish","Prep up with all ingredients to prepare Punjabi Style Spicy Arbi Sabji and Peel and cut arbi in thin long stripes, somewhat like French fries. Be use you either grease your hands well with oil or wear gloves because arbi has a tendency to leave your hands itching.Heat oil in a heavy bottom kadhai, when hot add jeera seeds and sauté until lightly brown.Add the green chillies and sauté for a minute, so that the chilly leaves it spice in the oil.Add onions and sauté till they are translucent. Add arbi and fry on high heat for about 3-4 minutes, stirring often.Add all the dry spices apart from amchoor powder and garam masala and lower the heat. Continue sautéing once in a while till arbi is cooked well.Once the arbi is cooked, add amchoor and garam masala and sauté for a minute. Turn off the heat.Garnish Punjabi Style Spicy Arbi Sabji with coriander leaves and serve hot with rotis, paranthas or soft phulkas with a touch of ghee and Spiced Rajma Pulao to make it a complete meal.",Punjabi,Lunch,Vegetarian,Punjabi,1,55,4,http://www.archanaskitchen.com/punjabi-style-spicy-arbi-sabji-recipe
Chatpate Aloo Recipe With Sesame Seeds,"500 grams Baby Potatoes,1-1/2 tablespoons Sesame seeds (Til seeds),Sunflower Oil - as needed,Salt - to taste,1 teaspoon Red Chilli powder,1 teaspoon Coriander Powder (Dhania),1/2 teaspoon Turmeric powder (Haldi),1/2 teaspoon Cumin powder (Jeera),1 teaspoon Amchur (Dry Mango Powder),1 teaspoon Garam masala powder,Coriander (Dhania) Leaves - finely chopped","To begin making Chatpate Aloo Recipe With Sesame Seeds, take all the baby potatoes in a saucepan with water and boil well till done.You can also choose to pressure cook them for just one whistle in sufficient water and run under cold water for immediate release of pressure.Once the potatoes are cooked al dente, peel them all and put aside.Now, in another small bowl add all the spices -salt, red chili powder, turmeric powder, jeera powder, amchur powder and garam masala powder and mix them well with a spoon, and keep aside.In a kadai, lightly roast sesame seeds and keep them aside.In the same kadai, heat 2-3 tablespoons of vegetable oil into it for frying the boiled baby potatoes.Once the oil is hot enough, add potatoes gently and fry them well. You need to cook them till they get a nice light brown color.Once the potatoes are cooked well, keep them aside on a plate and pat with tissue paper to absorb excess oil and let it cool down for 5 minutes.Take the fried potatoes in a bowl again and put the whole masala into the bowl and mix everything thoroughly together, taking care that the potatoes are firm and not mushy. Cooking the potatoes help the prepared masala to coat well which enhances the taste .Garnish it with few freshly chopped coriander leaves and Serve it like that.Serve Chatpate Aloo Recipe With Sesame Seeds along with Punjabi Dal Tadka, Butter Naan Recipe and end your meal with a Refreshing Mint Lassi Recipe.",Punjabi,Side Dish,Vegetarian,Punjabi,1,30,4,https://www.archanaskitchen.com/chatpate-aloo-recipe-with-sesame-seeds
Hariyali Pav Bhaji Recipe,"Pav buns - as required,Sunflower Oil - as required,1 teaspoon Mustard seeds,1/2 teaspoon Cumin seeds (Jeera),5 Curry leaves,1/4 teaspoon Asafoetida (hing),2 Green Chillies - finely chopped (adjustable),1/2 tablespoon Ginger Garlic Paste,1 Onion - finely chopped,1 Tomato - finely chopped,1 Potato (Aloo) - boiled and mashed,1/2 cup Green peas (Matar) - boiled,1/2 Bottle gourd (lauki) - boiled and pureed,1/2 cup Spinach Leaves (Palak) - pureed,1 teaspoon Red Chilli powder,1 teaspoon Turmeric powder (Haldi),1 tablespoon Pav bhaji masala,1/4 teaspoon Garam masala powder,1-1/2 tablespoon Green Chutney (Coriander & Mint),Butter - as required,2 sprig Coriander (Dhania) Leaves - finely chopped","To begin making the Hariyali Pav bhaji recipe, firstly heat oil in a wok/kadhai.Add the cumin seeds, mustard seeds, curry leaves, asafoetida and green chillies.Once it is done, add ginger garlic paste and cook for about 15 seconds. Next, add the onions and let it cook till they become soft and transparent.Now add the potatoes and cook for 2 to 3 minutes. After 2 to 3 minutes, add tomatoes, cover the pan and cook for about 5 minutes.Now add the bottle gourd puree, mashed potato and green peas. Add some water and mash it using a masher.Let it cook for about 5 to 6 minutes. Add all the masalas including salt, red chilli powder, turmeric powder, garam masala and pav bhaji masala.Cook for about 5 minutes and then add the spinach puree and the coriander paste. Let it cook for about 10 to 12 minutes.The next step is to roast the buns. Heat a little butter on a flat pan, sprinkle some pav bhaji masala and chopped coriander leaves.Now but the pav from between and keep on the same pan and roast from both the sides.Once it is cooked properly, add butter on top and serve hot with pav bhaji buns. Serve Hariyali Pav Bhaji with Masala Chaas for a perfect weekday meal.",Punjabi,Snack,Vegetarian,Punjabi,1,75,4,http://www.archanaskitchen.com/hariyali-pav-bhaji-recipe
Paneer Masala Dosa Recipe-Paneer Bhurji Dosa,"2 cups Paneer (Homemade Cottage Cheese) - crumbled,1 Green Bell Pepper (Capsicum) - finely chopped,1 Onion - finely chopped,1 Green Chillies - finely chopped,1 Tomato - finely chopped,1/2 teaspoon Turmeric powder (Haldi),1 teaspoon Cumin powder (Jeera),1 teaspoon Red Chilli powder,1 teaspoon Sambar Powder,Salt - to taste,Mint Leaves (Pudina) - small bunch,1 tablespoon Herb Butter,3 cups Ragi Dosa Battter,Ghee - or oil for making dosa","To begin making the Paneer Masala Dosa Recipe- Paneer Bhurji Dosa, first prep all the ingredients. Also have the Ragi Idli Dosa Batter ready. Here is the recipe of How To Make Homemade Ragi Idli Dosa Batter.The next step is to make the Paneer Masala filling.Place a pan on medium heat; add the herb butter. Once the butter has melted add onions, green chilies, and capsicum. Saute till the onions and capsicum have softened a bit. Once the onions are done, add the chopped tomatoes, saute for a few seconds and all the spice powders like the turmeric powder, cumin powder, red chilli powder and sambar powder. Saute well, until the tomatoes become slightly soft. At this stage, add the crumbled paneer, season with required salt and stir well to combine. Sprinkle chopped mint leaves and combine with the paneer bhurji masala. Turn off the heat and set the paneer masala aside till later use.To make the Paneer Masala DosaHeat a dosa pan on medium heat. Sprinkle some water on the pan once its hot. If the water sizzles then you have the right temperature to make the dosa. Pour a ladleful of the Ragi dosa batter over the skillet and spread the batter evenly using a spiral motion from inside out to make a dosa. Drizzle ghee or oil around the edges of the dosa and cook until crisp. Flip the dosa and spread some herb butter on the dosa.Place a spoonful of the paneer bhurji masala filling in the center and fold both ends of the dosa towards the center. Transfer the Paneer Masala Dosa into a serving plate.Serve the Paneer Masala Dosa Recipe - Paneer Bhurji Dosa along with Coconut Chutney and a cup of Filter Coffee for a delicious weekday breakfast or a special Sunday Brunch.",South Indian Recipes,South Indian Breakfast,High Protein Vegetarian,Punjabi,1,40,4,https://www.archanaskitchen.com/paneer-masala-dosa-recipe-paneer-bhurji-dosa
Sweet and Spicy Tomato Chutney Recipe,"2-1/2 cups Tomatoes - finely chopped,1/2 teaspoon Mustard seeds,1/2 teaspoon Cumin seeds (Jeera),4 Curry leaves - finely chopped,1/4 teaspoon Asafoetida (hing),2 Green Chillies - finely chopped,1 teaspoon Ginger - grated,1/2 teaspoon Turmeric powder (Haldi),1/2 teaspoon Red Chilli powder,1 teaspoon Sugar,2 teaspoons Sunflower Oil,Salt - to taste","To make the Sweet and Spicy Tomato Chutney recipe, heat oil in a skillet on medium heat; add the mustard seeds, cumin seeds, asafoetida and curry leaves and allow them to crackle.Stir in the chopped tomatoes, green chillies, grated ginger, turmeric powder, red chilli powder, sugar and simmer with the pan covered for about 10 to 15 minutes until the tomatoes are tender, soft and released juices.Turn off heat and serve the he Sweet and Spicy Tomato Chutney at room temperature.Serve the Sweet and Spicy Tomato Chutney along with Moong Dal Chillas for breakfast.",Gujarati Recipes,Side Dish,Vegetarian,Gujarati,1,30,4,http://www.archanaskitchen.com/sweet-and-spicy-tomato-chutney-recipe
Paneer Bhurji Gravy Recipe,"Sunflower Oil - as required,1/2 teaspoon Cumin seeds (Jeera),1/2 teaspoon Mustard seeds,1/4 teaspoon Asafoetida (hing),1 Bay leaves (tej patta),1 Star anise,1 Dry Red Chilli,2 Cloves (Laung),1 Black cardamom (Badi Elaichi),2 Cardamom (Elaichi) Pods/Seeds,1 Onion - finely chopped,1/2 tablespoon Ginger - paste,1/2 tablespoon Garlic - paste,1/4 cup Homemade tomato puree,1 Tomato - chopped,1 cup Paneer (Homemade Cottage Cheese) - crumbled,Coriander (Dhania) Leaves - few,1 teaspoon Red Chilli powder,1/2 teaspoon Turmeric powder (Haldi),1 teaspoon Coriander Powder (Dhania),1/2 teaspoon Garam masala powder,Salt - as required,Water - as required","To begin making the Paneer Bhurji Gravy recipe, heat oil in a heavy bottomed pan. Add cumin seeds, mustard seeds, bay leaf, red dry chilli, black cardamom, green cardamom, star anise and hing.Once the mustard seeds splutter and the spices release a nice aroma, add the finely chopped onions. Cook them till they turn soft and translucent.Add the ginger garlic paste and let it cook for, once done add the finely chopped tomatoes and tomato puree.Cover with lid and let it cook it for about 3 to 4 minutes.Once the tomatoes are cooked and start coming together add the spices including red chilli powder, turmeric powder, coriander powder, garam masala and salt.Stir well to combine and let it cook for 5 minutes. After 5 minutes, add the crumbled paneer and the required water. Mix everything properly and let it simmer for three to four minutes and then turn off the heat.Once it is done, garnish with coriander leaves and serve hot. Serve Paneer Bhurji Gravy along with Bharwa Karela and Pudina Tawa Paratha for a delicious lunch or dinner on a weekday.",North Indian Recipes,Dinner,High Protein Vegetarian,Punjabi,1,50,4,http://www.archanaskitchen.com/paneer-bhurji-gravy-recipe
Andhra Style Pindi Miriyam Recipe,"1/2 cup Arhar dal (Split Toor Dal) - cooked,1 Potato (Aloo) - cut into cubes,3 Brinjal (Baingan / Eggplant) - cut into cubes,1/4 cup Raw Banana - cut into cubes,1/2 cup Bottle gourd (lauki) - cut into cubes,18 gram Tamarind,2 teaspoons Jaggery - powdered,1 sprig Curry leaves,1 teaspoon Mustard seeds,1/2 teaspoon Cumin seeds (Jeera),1 Dry Red Chilli,2 teaspoons Sunflower Oil,Salt - to taste,1 teaspoon Sunflower Oil,1 tablespoon White Urad Dal (Split),3 tablespoons Fresh coconut - grated,2 tablespoons Coriander (Dhania) Seeds,1/2 teaspoon Whole Black Peppercorns,1 teaspoon Cumin seeds (Jeera),2 Dry Red Chillies","To begin making Andhra Style Pindi Miriyam Recipe, wash and pressure cook the toor dal to 3 whistles, mash and keep aside.Heat oil in a pan and roast all the ingredients mentioned in the spice paste table and grind it to a smooth paste using a mixer grinder by adding little water and keep aside.Soak the lemon sized tamarind in half a cup of warm water, squeeze and extract the pulp and keep aside.In the same pan, add all the vegetables, 2 cups of water, prepared spice paste, salt and let the mixture boil until the vegetables are cooked.Now, add the tamarind extract and cook until the raw smell of the tamarind goes away.Add in the cooked and mashed dal, mix well and let it simmer for 5 minutes.Now, prepare a tadka by heating oil in a small tadka pan. Add in the mustard seeds, cumin, red chilli and curry leaves, let it splutter.Add this prepared tadka to the boiling Andhra Style Pindi Miriyam Recipe, simmer for another 2 minutes and switch off the flame.Serve the Andhra Style Pindi Miriyam Recipe along with Steamed Rice, Andhra Style Kakarakaya Vepudu Recipe, Pineapple Rasam Recipe and Roasted Papad for a weekday lunch or dinner.",Andhra,Side Dish,Vegetarian,Punjabi,1,30,4,https://www.archanaskitchen.com/andhra-style-pindi-miriyam-recipe
Corn Methi Malai Gravy Recipe,"2 cups Methi Leaves (Fenugreek Leaves),1/2 cup Sweet corn,1 Onion - finely chopped,2 Tomatoes - finely chopped,15 Whole cashews - soaked in warm water for 15 minutes,1/2 cup Fresh cream,1/4 teaspoon Turmeric powder (Haldi),1/2 teaspoon Red Chilli powder,1/2 teaspoon Amchur (Dry Mango Powder),1/2 teaspoon Sugar,2 teaspoons Butter,2 cloves Cardamom (Elaichi) Pods/Seeds,1 teaspoon Cumin seeds (Jeera),1/2 inch Cinnamon Stick (Dalchini),2 Cloves (Laung),3 Whole Black Peppercorns,3 Whole Black Peppercorns","To begin making Corn Methi Malai Recipe, the first step is to wash the fenugreek leaves/methi leaves thoroughly and roughly chop them.Soak the cashew nuts in warm water for a minimum of 15 minutes. In a pressure cook add the sweet corn along with 2 tablespoons of water and pressure cook for 1 whistle. Turn off the flame and allow the pressure to release naturally. Drain the water and keep the corn aside. In a pan, heat oil on medium flame. Once the oil is hot, add chopped onions and saute until translucent.Next add chopped tomatoes and cook until the tomatoes are soft and mushy. Turn off the flame and allow the mixture to cool. Add the cooked tomatoes and onions to a mixer along with the soaked cashews and grind everything together to form a smooth paste. Keep aside.In a heavy bottomed pan, heat butter on low flame. Once the butter becomes frothy, add the spices - cardamom, cumin seeds, cinnamon, cloves and black peppercorns.Saute in the butter until the spices turn aromatic. Next add the ground onion tomato mixture, required amount of salt, turmeric powder, chilli powder and dry mango powder to it.Mix and cook for a minute until raw smell of the spices go away.Now add roughly chopped methi leaves and cooked corn kernels. Stir and cook simmered on a medium flame until oil separates.Finally add sugar and cream to the Corn Methi mixture, stir well and cook on a completely low flame for two minutes. Turn off the flame. The delicious corn methi malai gravy is ready. Serve Corn Methi Malai Gravy Recipe along with hot Phulkas or Naan along with a Kala Chana Salad and Lauki Raita to make it a complete Sunday night dinner.",Punjabi,Dinner,Vegetarian,Punjabi,1,30,4,https://www.archanaskitchen.com/corn-methi-malai-gravy-recipe
Sarson Chole Ka Saag Recipe - Kabuli Chana In Mustard Leaves Gravy,"1/2 cup Kabuli Chana (White Chickpeas) - soaked over night,1/4 cup Makki Ka Atta (Yellow Corn Meal Flour),2 Green Chillies - finely chopped,4 cloves Garlic - finely chopped,Salt - to taste,150 grams Spinach Leaves (Palak) - washed and finely chopped,50 grams Bathua leaves - washed and finely chopped,300 grams Mustard greens - washed and finely chopped,2 tablespoons Ghee,1 inch Ginger - finely chopped,4 cloves Garlic - finely chopped,2 Onions - finely chopped,2 Tomatoes - finely chopped,1 teaspoon Red Chilli powder,Salt - to taste,1 teaspoon Cumin powder (Jeera),1 teaspoon Coriander Powder (Dhania),1 teaspoon Garam masala powder,1/3 teaspoon Turmeric powder (Haldi),White Butter - to serve","To begin making the Sarson Chole Ka Saag Recipe, firstly wash and soak the chana overnight.To cook the Chole for the Sarson Chole Ka SaagNext morning, transfer the chole along with the water into a pressure cooker with some salt, close the pressure cooker. Pressure cook for 6-8 whistles and turn off the flame. Allow the pressure to release naturally before you open the pressure cooker. How To Cook Legumes in Pressure CookerDrain the excess water from the chana and set aside. To cook the Saag for the Sarson Chole Ka SaagIn a pressure cooker, add the finely chopped sarson leaves, palak leaves and bathua leaves, along with 1/4 cup of water, salt, green chillies and garlic.Close and pressure cook for about 3 whistles and turn off the flame. Once the pressure releases naturally, open the lid and sprinkle the corn meal over it, using a potato masher, mash the saag well. To make the Tadka for the Sarson Chole Ka SaagHeat a kadai with ghee on medium flame, to this add the finely chopped ginger and garlic and saute for about a minute. To this add the finely chopped onions, and cook until it turns into a deep brown colour. Once the onions are brown, add in the chopped tomatoes and cook until they turn mushy. Mash the onion- tomato mixture with the back of the ladle. At this stage, add all the dry masalas - salt, red chilli, turmeric powder, cumin powder, garam masala, and coriander powder. Mix well and add the pre cooked greens, and chole and simmer for a few minutes until the Sarson Chole Ka Saag comes to a boil. Transfer the Sarson Chole Ka Saag to a serving bowl and serve with a dollop of white butter. Serve Sarson Chole Ka Saag Recipe along with Makki Ki Roti Recipe - A Classic North Indian Corn Roti, Gajar Shalgam Ka Paani Wala Achar Recipe - Carrot And Turnip Pickle, White Butter and Jaggery by the side to complete winter dinner. You could also serve Sarson Chole Ka Saag as brunch along with Puri Recipe - Learn to Make Soft Puffed Puris At Home, and Boondi Raita Recipe Spiced With Black Salt.",North Indian Recipes,Main Course,High Protein Vegetarian,Punjabi,1,560,4,https://www.archanaskitchen.com/sarson-chole-ka-saag-recipe-kabuli-chana-in-mustard-leaves-gravy
Turai Moong Dal Recipe - Turia Mag Ni Dal,"1 cup Yellow Moong Dal (Split),2 cups Water,1/2 teaspoon Turmeric powder (Haldi),1/2 teaspoon Salt,1 teaspoon Sunflower Oil,1 teaspoon Cumin seeds (Jeera),1 inch Ginger - finely chopped,1 Green Chillies - slit,1 Tomato - finely chopped,1 teaspoon Red Chilli powder,1/2 teaspoon Turmeric powder (Haldi),1 teaspoon Coriander (Dhania) Powder,1 Bay leaf (tej patta) - torn,1 inch Cinnamon Stick (Dalchini) - broken,1 Ridge Gourd (Turai/ Peerkangai) - peeled and diced,1/2 Lemon - juice extracted,Salt - to taste,6 sprig Coriander (Dhania) Leaves - finely chopped","To begin making the Turai Moong Dal Recipe, first prep all the ingredients and keep them ready.Add the moong dal in the pressure cooker along with salt and turmeric powder. Cover the cooker and pressure cook the dal for 3-4 whistles and turn off the heat. Allow the pressure to release naturally. Keep this cooked dal to the side. You don't have to mash the dalNext to make the Turai Masala, heat oil in a pressure cooker; add the cumin seeds, ginger and green chillies and give it a stir.Add the tomatoes, turmeric powder, red chilli powder, coriander powder and salt to taste. Saute the tomatoes until it slightly softens.Next add the cut ridge gourd/ turai sabzi and give it a stir. Add 1/4 cup of water, cover the pressure cooker and cook for 2 whistles and turn off the heat. Allow the pressure to release naturally.Once both the cookers have released the pressure, open and add the cooked moong dal to the turai masala.Give it a stir and taste and check if it needs more salt and adjust to taste accordingly.Give the Turai Moong Dal a brisk boil for 2 minutes and turn off the heat.Stir in the chopped coriander leaves and the lemon juice and transfer the Turai Moong Dal/ Turia Mug Ni Dal to a serving bowl and serve hot.Serve this Turia Mug Ni Dal/ Turai Moong Dal along with Sukhi Aloo Sabzi and Thepla that are almost necessity to be made along with this dish.Another favorite combination that we love is to pour a ladle full of Turai Moong Dal over hot bowl rice topped with melted ghee.",Gujarati Recipes,Side Dish,No Onion No Garlic (Sattvic),Gujarati,1,30,4,http://www.archanaskitchen.com/turai-moong-dal-recipe
Kashmiri Style Rajma Gogji Recipe - Kidney Beans and Turnip Curry,"2 cups Kashmiri Rajma - washed and soaked overnight,1 Onion - slices,1 Tomato - finely chopped,3 cloves Garlic - finely chopped,1 inch Ginger - finely chopped,3 Turnips - cut into cubes,1 teaspoon Dry ginger powder,1 teaspoon Kashmiri Red Chilli Powder,1/4 teaspoon Turmeric powder (Haldi),1 teaspoon Fennel Powder,1/4 teaspoon Kashmiri masala powder - (vaer),2 tablespoons Mustard oil,2 Onion - slices,Salt - to taste","To begin making Kashmiri Rajma Gogji Recipe, wash and soak the kashmiri rajma in warm water overnight.Heat a tablespoon of mustard oil in a pressure cooker pan and smoke it, add the onions and saute until it turns golden brown.Add the ginger and garlic and fry until it turns brown in colour.Add the tomatoes and saute until it becomes soft.Now, add the turmeric, red chilli, dry ginger and fennel powder and saute for a minute.Add the drained rajma into the pressure pan along with 4 cups of water.Add the vaer masala, season with salt, close the pressure cooker pan and cook until 4 whistles in low flame.Now, simmer for 40 minutes on low flame, and then switch off the flame and let the pressure release on its own.In the mean, smoke the remaining 1 tablespoon of mustard oil in a pan on medium heat and fry the cubes turnips until it turns golden and keep aside.Once, the rajma is cooked, put the pressure cooker back on the medium flame, add the fried turnip cubes and simmer for another 10 minutes before serving.Garnish with sliced onions and serve the Kashmiri Rajma Gogji Recipe along with steamed rice for a lazy weekend brunch along with salad. You can also serve it with Missi Roti Recipe and Lauki Raita Recipe.",Kashmiri,Lunch,Vegetarian,Punjabi,1,90,4,https://www.archanaskitchen.com/kashmiri-rajma-gogji-recipe
Sukhe Methi Chole Recipe,"1-1/2 cups Kabuli Chana (White Chickpeas) - soaked for 8 hours,2 cups Methi Leaves (Fenugreek Leaves) - washed and finely chopped,1 tablespoon Ghee,1 teaspoon Cumin seeds (Jeera),1 Bay leaf (tej patta),2 Onions - finely chopped,6 cloves Garlic - finely chopped,1 inch Ginger - finely chopped,1 Green Chilli - slit,Salt - to taste,1/2 teaspoon Turmeric powder (Haldi),1 teaspoon Red Chilli powder,1 teaspoon Cumin powder (Jeera),1/2 teaspoon Garam masala powder,1 teaspoon Coriander Powder (Dhania),2 Tomatoes - finely chopped,2 Tomatoes - finely chopped,2 Tomatoes - finely chopped","To begin making the Sukhe Methi Chole Recipe, wash and soak the kabuli chana, overnight. Next morning, add the kabuli chana along with a cup of water and some salt into the pressure cooker, close the lid and pressure cook for about 7-8 whistles for about 30 minutes.Reduce the flame, and simmer for another 10 minutes, before you switch off the flame. Allow the pressure to release naturally. Once the pressure has released, drain the excess water and set the boiled kabuli chana aside. In a kadai, heat ghee on medium flame, to the hot ghee, add cumin seeds and bay leaf and allow them to sizzle. Next add the ginger, garlic and green chilli and saute for about a minute. To this add the onion and saute for a couple of minutes, or until the onions turn transparent. Once the onions have softened and changed colour, add in the salt, and turmeric powder and tomatoes, sprinkle some water and cover with a lid. Cover and cook until the tomatoes turn mushy. This will take a good 2-3 minutes on medium-high flame. Now open the lid and mix well to bring the onion tomato mixture together. At this stage add the washed and chopped fenugreek leaves and allow it to wilt down. After a couple of minutes, you will see the methi leaves are well combined into the onion-tomato mixture. Finally add in the dry spice powders - red chilli powder, cumin powder, garam masala powder, coriander powder and boiled chole and give the Sukhe Methi Chole a good stir. Stir fry the Sukhe Methi Chole for another 3 to 4 minutes and turn off the heat. Check the salt and adjust to suit your taste. Once done, transfer the Sukhe Methi Chole to a serving bowl and serve hot.Serve Sukhe Methi Chole Recipe along with Achari Masala Puri Recipe, Pickled Onions, Aam Ka Achaar, with a side of Gehun Ka Halwa and Rose Lassi Recipe for a delicious Sunday brunch.",Indian,Main Course,Vegetarian,Punjabi,1,520,4,http://www.archanaskitchen.com/sukhe-methi-chole-recipe
Cauliflower Palak Methi Muthia Recipe,"1/2 cup Cauliflower (gobi) - grated,1/2 cup Spinach Leaves (Palak) - finely chopped,1/3 cup Methi Leaves (Fenugreek Leaves) - finely chopped,3/4 cup Gram flour (besan),1/2 cup Whole Wheat Flour,1 teaspoon Red Chilli powder,1/2 teaspoon Turmeric powder (Haldi),Salt - to taste,1 tablespoon Sunflower Oil,1 teaspoon Sugar,1/4 cup Coriander (Dhania) Leaves - finely chopped,1 teaspoon Sunflower Oil,1 teaspoon Mustard seeds,1 teaspoon Cumin seeds (Jeera),1 sprig Curry leaves","To begin making the Cauliflower Palak Methi Muthia Recipe, in a large mixing bowl, combine the cauliflower, spinach leaves, methi leaves, gram flour, whole wheat flour, red chilli powder, turmeric powder, salt, cooking oil, sugar and coriander leaves. Mix well to combine, and add water to bring the Cauliflower Palak Methi Muthia dough together. We need a nice, firm dough. Do not knead the dough too much.Once the muthia dough has come together, divide the dough into three parts, now shape them into long hot dog style rolls and set aside.Heat a steamer on high heat, place these muthia rolls on a greased steamer plate and cover and cook for 15 minutes.After 15 minutes, open the lid, insert a greased knife into one of the rolls to check if the Cauliflower Palak Methi Muthia has cooked, if the knife comes out clean it is steamed well.If not continue to cook for a few more minutes until done. Remove these Cauliflower Palak Methi Muthia from the steamer and allow it to cool.Once the Cauliflower Palak Methi Muthia have cooled, cut them into roundels and set aside.To temperIn a pan heat oil, on medium heat, add mustard seeds, and curry leaves and allow them to crackle.Next add the cumin seeds, add the Cauliflower Palak Methi Muthia and toss for a few seconds.Serve Cauliflower Palak Methi Muthia Recipe along with Green chutney and masala chai for a tea time snack.",Gujarati Recipes,Appetizer,Vegetarian,Gujarati,1,30,4,http://www.archanaskitchen.com/cauliflower-palak-methi-muthia-recipe
Ringan Ravaiya Recipe (Parsi Style Stuffed Eggplant Recipe),"6 Small Brinjal (Baingan / Eggplant) - slit from top for stuffing,1 cup Coconut milk,1 cup Tamarind Water,Sunflower Oil - for cooking,1/2 cup Fresh coconut,10 Pearl onions (Sambar Onions),1 teaspoon Turmeric powder (Haldi),4 cloves Garlic,1 inch Ginger,4 tablespoon Dhansak masala","We begin making the Ringan Ravaiya Recipe (Parsi Style Stuffed Eggplant) by washing the baingan (Eggplant) and making four slit in the middle. Make sure the stem stays intact.Using a blender or a mixer, blend all the ingredients that had to be ground to a coarse paste. Stuff the mixture into the eggplant till it is full. Heat a non-stick pan, add oil and then sauté the eggplant on a low heat till it becomes soft and the eggplantHeat the pressure cooker , add oil and then sauté the eggplant on a low heat till it becomes soft and cover it and cook it for 3 whistles by adding a little water. This helps the eggplant to cook faster.Meanwhile in a mixing bowl, add the coconut milk, then add the tamarind pulp to it and squeeze out all the juice and extract from the tamarind. Once done strain the mixture.Add this mixture to a non-stick pan and then add the cooked eggplant.Simmer for 5 minutes. Taking care that the eggplant is not broken.Serve your tasty Ringan Ravaiya Recipe (Parsi Style Stuffed Eggplant) with some Phulka or steamed rice.",Parsi Recipes,Lunch,Vegetarian,Gujarati,1,65,4,https://www.archanaskitchen.com/ringan-ravaiya-recipe-parsi-style-stuffed-eggplant-recipe
Gujarati Kadhi With Milk And Mint Recipe,"1 cup Curd (Dahi / Yogurt) - mildly soured,2 cups Water,2 tablespoons Gram flour (besan),1/4 cup Milk,1 tablespoon Fresh cream - (clotted cream) or sour cream,1 teaspoon Green Chilli - minced,1 teaspoon Ginger - minced,2 teaspoons Sugar - adjustable,2 teaspoons Ghee,1/2 teaspoon Methi Seeds (Fenugreek Seeds),1 teaspoon Cumin seeds (Jeera),2 Dry Red Chillies - whole,2 Cloves (Laung),1 inch Cinnamon Stick (Dalchini),1 sprig Curry leaves,1 sprig Mint Leaves (Pudina),Asafoetida (hing) - a pinch","To begin making the Gujarati Kadhi With Milk And Mint recipe, in a bowl whisk together the yogurt, sour cream/clotted cream and chickpea flour.Whisk until it turns into a smooth and lump free mixture. Add a little water and mix well. Transfer this yogurt mix to a heavy bottom saucepan and place the saucepan on medium flame.Add sugar, salt, ginger, green chillies and bring the mixture to a boil. The chickpea flour has a tendency to settle at the bottom so keep the flame gentle and continue to stir continuously.In another small wok/kadhai prepare the tempering. Place this wok on slow flame, add ghee. To the ghee, add cumin seeds, red chilies, cinnamon, cloves, asafoetida and curry leaves. Once the cumin seeds starts spluttering, add the tempering to the boiling kadhi. Add the mint leaves and the milk. After 8-9 minutes of gentle boiling turn off the flame. Just before serving add the chopped coriander.Serve Gujarati Kadhi With Milk And Mint along with Gujarati Undhiyu and Methi Thepla for a weekday lunch or dinner.",Gujarati Recipes,Dinner,Vegetarian,Gujarati,1,22,4,http://www.archanaskitchen.com/gujarati-kadhi-with-milk-mint-recipe
Field Thepla Recipe,"1-1/2 cups Whole Wheat Flour,1/2 cup Gram flour (besan),1 cup Bottle gourd (lauki) - peeled and grated,1 Green Chilli - finely chopped,2 tablespoon Coriander (Dhania) Leaves - finely chopped,1 inch Ginger - peeled and crushed into paste,1/2 teaspoon Turmeric powder (Haldi),2 teaspoons Red Chilli powder,1 teaspoon Garam masala powder,2 tablespoons Hung Curd (Greek Yogurt),2 tablespoons Ghee,Salt - to taste","To begin making the Lauki Thepla Recipe, in a mixing bowl, add wheat flour, gram flour, turmeric powder, red chili powder, chopped green chili, ginger paste, garam masala, salt to taste and grated lauki.Mix everything with your fingers. Keep on mixing till a firm dough is formed.Add curd only if needed. Normally bottlegourd releases water. But if the dough becomes too dry, add curd little at a time and make firm dough.Do not let the dough rest as the bottle gourd in it will release water and make the dough sticky.Make balls of equal size. Dust the rolling board with flour. Flatten the dough balls and roll it into thin theplas. Do not make them thick.Heat a tawa, spread 1 teaspoon ghee. Fry the thepla by applying ghee on both sides. When the theplas turn brownish they are done.To keep theplas soft, apply more ghee/oil to the theplas. Serve Lauki Thepla along with Aam Ka Achaar and Filter Coffee for your weekday breakfast.",North Indian Recipes,North Indian Breakfast,Vegetarian,Gujarati,1,50,4,https://www.archanaskitchen.com/lauki-thepla-recipe
Mangalorean Style Sajjige Rotti / Rulavachi Bhakri Recipe (Semolina Pancake Recipe),"1 cup Sooji (Semolina/ Rava) - (fine),1/2 cup Whole Wheat Flour,3 tablespoons Fresh coconut - freshly grated,1 Onion - finely chopped,2 Green Chillies - minced,1 inch Ginger - grated or minced,3 tablespoons Hung Curd (Greek Yogurt) - use less if it is too sour,1-1/4 cups Water - for kneading,5 Curry leaves - minced,2 sprig Coriander (Dhania) Leaves - finely chopped,2 teaspoons Jaggery - powdered,Salt - to taste,Ghee - or oil for shallow frying","We begin making the Mangalorean Style Sajjige Rotti/Rulavachi Bhakri Recipe (Semolina Pancake Recipe) by mixing the semolina and wheat flour in a large mixing bowl.Add in the curd and water and mix it to a thick idli batter consistency. Then add in the other ingredients such as the coconut, green chillies, onion, ginger, curry leaves, coriander and salt. Mix well.The consistency should be thick and not too runny, Heat a flat pan in a medium heat. Drizzle some oil over it.Using a ladle drop one full ladle of batter over the hot pan and then you can spread it little using the ladle itself or you can use your hand. Drizzle some more oil on the top. Let it cook for 3 minutes and flip it.Cook on the side for the same time and serve hot. Serve the Mangalorean Style Sajjige Rotti/Rulavachi Bhakri Recipe (Semolina Pancake Recipe) along with South Indian Coconut Chutney (For Idli's & Dosa's) or just with a dollop of butter to enjoy your meal.",Mangalorean,South Indian Breakfast,Vegetarian,Gujarati,1,30,4,https://www.archanaskitchen.com/mangalorean-style-sajjige-rotti-rulavachi-bhakri-recipe-semolina-pancake-recipe
Kadai Paneer (Recipe In Hindi),"250 grams cheese, 1 onion - chopped, 1 capsicum (green) - cut, 1 teaspoon ginger - grated, 2 cloves garlic - finely chopped, 2 tomatoes - chopped, 1 teaspoon cardamom powder, 1 small Tablespoon turmeric powder, 1 teaspoon cumin powder, 1 teaspoon red chilli powder, 1 teaspoon black pepper powder, 1 tablespoon Kasuri methi, oil - as per use, 1 tablespoon butter, salt - as per taste","To make kadhai paneer, first heat oil in a pan. Add onion, capsicum, ginger, garlic to it. Cook onion and capsicum until soft. Now add tomato, turmeric powder, cumin powder, black pepper powder, red chili powder and let it cook for 3 minutes. After 3 minutes, add butter, salt, cardamom powder and big cardamom and cook for 2 minutes. Add paneer and fenugreek after 2 minutes. Cover the pan and let it cook for 3 minutes. Serve hot. Serve the kadhai paneer with Amritsari dal, boondi raita and phulka for dinner.",Punjabi,Dinner,High Protein Vegetarian,Punjabi,1,50,4,https://www.archanaskitchen.com/kadai-paneer-recipe-in-hindi
Lilva's Vegetable Recipe - Lilva Ki Sabzi (Recipe In Hindi),"Oil - As per use, make 1 cup green gram - or lilwe, 1 potato - cut, 1 bay leaf, 2 long, 1 big cardamom, 1 tablespoon ginger garlic paste, 2 tablespoons curd, 1 onion - paste 1 onion - finely chopped, 1 teaspoon red chilli powder, 3/4 teaspoon turmeric powder, 1 teaspoon coriander powder, salt - as per use, water - as per use, 3 sprig green coriander - finely chopped","To make Lilve vegetable, first heat oil in a pan. After the oil is hot, add bay leaves, long and cardamom. After 15 seconds, add onion and cook till it becomes soft. Now add potatoes and cook for another 5 minutes. After 5 minutes add ginger garlic and onion paste. Let it cook for 2 to 3 minutes. After 3 minutes add red chili powder, turmeric powder and coriander powder to it. After cooking for 2 minutes, add curd, salt and mix it. Add green gram after 3 minutes, mix it, cover the pan and let it cook for 5 minutes. After 5 minutes, add water as per use and let it cook. Turn off the gas after 4 to 5 minutes and garnish with green coriander. Serve the lilve vegetable along with punchy lentils, boondi raita and phulka for dinner.",North Indian Recipes,Lunch,Vegetarian,Gujarati,1,60,3,https://www.archanaskitchen.com/lilve-ki-sabzi-recipe-green-chickpea-curry-in-hindi
Homemade Butter Naan Recipe - Soft Yogurt Bread,"3 cups All Purpose Flour (Maida),1/2 cup Butter (unsalted) - softened,1 cup Curd (Dahi / Yogurt),3 tablespoons Lukewarm Water,1 tablespoon Sugar,2 teaspoons Active dry yeast,1-1/2 teaspoons Salt,2 teaspoons Chaat Masala Powder,1 tablespoon Butter - softened","To begin making the Butter Naan recipe, in a large bowl add the 3 cups of flour and butter. With your hands, blend the butter into the flour until it forms coarse crumbs. You can do this in a blender as well, but the dough when worked with hands gives a better texture to the dough.Stir together the warm water, yeast and sugar until yeast is completely dissolved. Now make a well in the center of the flour mixture and add the yogurt, salt and yeast mixture.Knead into the flour and until the whole dough collects into a mass. Add a little more water if required to bring the dough together. The dough will be wet and sticky. Wipe your hands clean and oil them. Now knead the naan dough with the oiled hands until smooth , for about 10 minutes; oil your hands more if the dough is sticky. The dough after 10 minutes of kneading will still be soft and pliable. Place the dough in a greased bowl, cover the bowl and allow the dough to rest for 3 to 4 hours until the dough has doubled in volume. Once the naan dough has doubled, punch down the dough, knead for a minute and divide into 12 to 15 equal portions.With a rolling pin, quickly roll out each ball into a 5 inch oval. With your fingers, stretch each round into a 5-7 inch oval. The next step is to cook the naans. Follow either of the below methods.Method for Cooking the Naans in the OvenPreheat the oven to 250 C or to the maximum heat.If you have a baking stone; place it in the oven. Arrange a few of the naans in a single layer on the ungreased baking sheets or directly on the baking stone. And bake until they are puffed and lightly brown, 3-4 minutes.Repeat with the same process of baking with the remaining naans. Keep the baked naans aside. Naans can be pre made and kept warm wrapped in a cloth and inside bread box or any other covered container.Before serving, preheat broiler to maximum heat. Transfer a few of the naans to the broiler pan and broil for 15-20 seconds to brown the tops.You can also brown the tops on the gas stove; hold the naans with the tongs and place them directly over the flame for about 10 seconds. Repeat with remaining breads.Method for Cooking the Naans on Gas StoveHeat an iron skillet on high heat. Place the rolled naans out on the skillet and cook on both sides until you can see light brown spots and bubbles coming through. Using tongs, flip the naan directly on the flame to give it the roasted flavor and make it little more crisp.Once done, remove from the flame and serve hot.Brush the tops of the Butter Naan lightly with chaat masala and butter if desired. Serve the Butter Naans hot.Serve Homemade Butter Naan recipe with Paneer Makhani or Smoked Dal Makhani Dhaba Style Recipe and Pickled Onions for a weekend lunch or dinner.",North Indian Recipes,Dinner,Vegetarian,Punjabi,1,90,4,https://www.archanaskitchen.com/homemade-butter-naan-recipe
Paneer Bhurji Varpas Recipe,"4 Tortillas,1 cup Paneer (Homemade Cottage Cheese) - grated,1 Onion - finely chopped,1 Tomato - finely chopped,1 Green Chilli - finely chopped,4 tablespoons Coriander (Dhania) Leaves - finely chopped,2 teaspoons Sunflower Oil,Salt - to taste","To begin making the Paneer Bhurji Wraps Recipe, heat oil in a wok/kadhai, add the chopped onion and saute till they turns soft and translucent.Once the onions have softened, add the tomatoes, green chillies and cook until the tomatoes are half done.Add the grated paneer, season with salt and mix well. Let it cook for 2 minutes with the lid closed.Once the paneer is cooked, add the coriander leaves and give it a good stir and switch off the heat.Now, heat the tortilla wraps in a skillet in medium flame using a little oil if you prefer and keep aside.To arrange the Paneer Bhurji Wraps, take each tortilla wrap and fill 2 to 3 tablespoons of the paneer filling in the middle.Fold one third of the tortilla wrap at the bottom and then flap over the sides. Serve Paneer Bhurji Wraps along with Tomato Garlic Chutney, Dhaniya Pudina Chutney or any other chutney of your choice in your kids lunch box or as a tea time snack.",Indian,Snack,High Protein Vegetarian,Punjabi,1,30,4,http://www.archanaskitchen.com/paneer-burjee-wraps-recipe
Gujarati Vagharela Mag Recipe - Moong Sprouts Sabzi Recipe,"1 cup Green Moong Sprouts,1 teaspoon Cumin seeds (Jeera),1 sprig Curry leaves - roughly torn,1 inch Ginger - finely chopped,1 Green Chillies - chopped or slit,1/2 teaspoon Turmeric powder (Haldi),2 Lemon - juice from the lemon,Coriander (Dhania) Leaves - a small bunch,1/2 teaspoon Sunflower Oil,Salt - to taste","To begin making the Gujarati Vagharela Mag Recipe - Moong Sprouts Sabzi, you need to have the moong sprouts ready.Place the moong sprouts in the pressure cooker along with 2 tablespoons of water, a pinch of salt and pressure cook for 2 whistles and turn off the heat.Allow the pressure to release naturally. Heat oil in a pan on medium heat; add the cumin seeds and allow them to crackle.Stir in the green chillies, curry leaves ginger and turmeric powder, sauté for a few seconds. Add the cooked moong sprouts and stir gently to combine all the ingredients.Taste and adjust the salt to suit your taste. Stir fry the Vagharela Mag for about a minute and turn off the heat, Finally squeeze the lemon juice, add the coriander leaves and give it a gentle stir.Serve the Gujarati Vagharela Mag Recipe - Moong Sprouts Sabzi along with Tawa paratha to make a rich, wholesome and nutritious breakfast.",Gujarati Recipes,Side Dish,High Protein Vegetarian,Gujarati,1,60,4,http://www.archanaskitchen.com/whole-green-moong-dal-sabzi-recipe-vagharela-mag
Kashmiri Style Rajma Recipe,"1 cup Rajma (Large Kidney Beans),1 cup Homemade tomato puree,1 Onion - finely chopped,4 to 5 tablespoons Curd (Dahi / Yogurt) - whisked,1 Bay leaf (tej patta),Sunflower Oil - as required,pinch Asafoetida (hing),1 teaspoon Cumin seeds (Jeera),1 teaspoon Dry ginger powder,2 inch Ginger - grated and ground to paste,1/2 tablespoon Coriander Powder (Dhania),1 tablespoon Kashmiri Red Chilli Powder,1 Green Chilli - slit,1/2 teaspoon Garam masala powder,Salt - to taste,Few sprig Coriander (Dhania) Leaves - finely chopped,1 Black cardamom (Badi Elaichi),5 Cardamom (Elaichi) Pods/Seeds,4 Cloves (Laung),1/2 teaspoon Whole Black Peppercorns,2 to 3 Cinnamon Stick (Dalchini)","To begin with Kashmiri Rajma recipe, we will first prepare the garam masala for the recipe. Add all the ingredients mentioned under ‘For homemade garam masala’ in a grinder and grind it into a fine powder.Soak rajma overnight in a large bowl. Next day, drain the water and rinse them properly.Add rinsed rajm, 1 bay leaf and required salt into a pressure cooker with 2 to 3 cups of water.Wait till first whistle and then reduce the flame and cook for another 15 minutes.After the pressure subsides, drain the water from the beans and keep the water aside for later use.Heat oil in a widepan. When hot enough, add cumin seeds and asafoetida.Add finely chopped onion and saute them till they becomes light brown in colour. Add ginger paste and dry ginger powder.Add tomato puree and cook it for about 5 to 8 minutes.After 5 to 8 minutes, add the whisked curd and keep stirring or else it will curdle.Now add red kashmiri chilli powder, coriander powder, slit green chili and salt required.Add 1/4 of the boiled rajma in pan and mash it properly.Add rest of rajma and the water (which we retained from the boiled rajmas)Stir it and let it cook for 15 to 20 minutes on low flame. Add homemade fresh garam masala and let it cook for 5 more minutes.Once it is done, garnish with chopped coriander leaves and it is ready to be served.Serve Kashmiri Rajma with Whole Wheat Lachha Paratha, Tawa Paratha or steamed rice for a delicious meal.",Kashmiri,Lunch,Vegetarian,Punjabi,1,550,4,http://www.archanaskitchen.com/kashmiri-rajma-recipe
Methi Missi Roti Recipe,"1-1/2 cups Gram flour (besan),1/2 Whole Wheat Flour,1 cup Methi Leaves (Fenugreek Leaves) - washed,2 Green Chillies - finely chopped,1 Onion - finely chopped,1 inch Ginger - grated,1 teaspoon Turmeric powder (Haldi),1/2 teaspoon Whole Black Peppercorns - coarsely pounded,1/2 teaspoon Black Salt (Kala Namak),Salt - to taste,Sunflower Oil - or ghee for smearing","To begin making the Missi Roti Recipe, combine all the ingredients together in a large bowl. Add a little water at a time and knead to make a firm and smooth dough.Once the dough has come together, drizzle a little oil over the dough and knead to make it smooth and soft.Cover the dough and allow it to rest for at least 15 minutes.Divide the dough into 10 equal portions and shape into balls. Dust in a little flour and roll out each portion of dough into a 4-inch diameter circle.Place the missi roti dough on a preheated iron skillet and cook on both sides using a little oil or ghee. Cook until lightly browned and cooked through. The missi roti will be little crisp from the outside and yet soft inside.Proceed the same way with the remaining dough portions.Serve it hot along with butter and jaggery, accompanied with Sev usal or Palak Makhana Recipe.",Gujarati Recipes,Side Dish,Vegetarian,Gujarati,1,35,4,http://www.archanaskitchen.com/methi-missi-roti-recipe
Sprouted Moong Dhokla Recipe,"250 grams Green Moong Sprouts,120 grams Gram flour (besan),1 Carrot (Gajjar),3 Green Chillies,1 inch Ginger,1-1/2 tablespoon Sunflower Oil,Salt - to taste,1/2 teaspoon Cumin powder (Jeera),1/2 cup Buttermilk,1/2 teaspoon Baking soda,2 tablespoon Coriander (Dhania) Leaves,1/2 teaspoon Mustard seeds,1/2 teaspoon Sesame seeds (Til seeds),1 sprig Curry leaves","To begin making the Sprouted Moong Dhokla recipe, wash the whole moong and soak them in water for overnight.Rinse again the soaked Moong and place them in a wet muslin cloth and again put them for 6 to 8 hours without disturbing the position.Untie the cloth and check the Moong, The sprouted Moong are ready to use. If they are not sprouted properly, sprinkle some water on them and again tie the cloth for 3 to 4 more hours.Now to make dhokla, first crush the sprouted Moong coarsely and put the paste aside. (Note: To crush the Moong, you can use little amount of water to make coarse paste.)Now, cut the carrot roughly, and add green chilies, ginger and some roughly chopped coriander leaves and make churn them in a mixer grinder.Add this carrot mixture paste in sprouted Moong paste and make a Dhokla batter by adding buttermilk and Gram flour.Season the batter with salt, red chili powder, and cumin seed powder and keep the batter aside.Now heat a dhokla maker with some amount of water in it, and grease the dhokla plate with oil.Let the water starts boiling, Now add Soda bicarb in dhokla batter and 1 tablespoon of oil and mix the batter properly, and place this mixture on dhokla plate, cover it with lid and steam the dhokla at least for 15-20 minutes.If you don't have dhokla maker, simply take a big deep vessel and add water in it, let it starts boiling and place the plate on it which has the exact diameter of that vessel, and spread the dhokla mixture in that plate and cover it with another big size of plate tied with muslin cloth.Serve Sprouted Moong Dhokla along with Dhaniya Pudina Chutney for breakfast or serve as a tea time snack.",Gujarati Recipes,North Indian Breakfast,High Protein Vegetarian,Gujarati,1,105,4,https://www.archanaskitchen.com/sprouted-moong-dhokla-recipe
Kathiyawadi Stuffed Onion Recipe,"300 grams Pearl onions (Sambar Onions),3/4 cup Roasted Peanuts (Moongphali),10 cloves Garlic,2 tablespoons Coriander Powder (Dhania),2 tablespoons Red Chilli powder,1 teaspoon Cumin powder (Jeera),1/2 teaspoon Turmeric powder (Haldi),4 tablespoons Coriander (Dhania) Leaves - finely chopped,2 teaspoons Sunflower Oil - for the stuffing,Salt - to taste","To begin making Kathiyawadi Stuffed Onion Recipe, peel the baby onions, keeping the base intact make 4 slits in the shape of a cross to help us fill the stuffing. Keep aside.For the stuffing, make a coarse dry mix of the roasted peanuts, garlic cloves, coriander powder, red chilli powder, cumin, turmeric and salt using a mixer grinder and transfer into a bowl.Now add the chopped coriander, about 2 teaspoons oil to the filling mixture and mix well till the mixture turns crumbly.Take the baby onions and carefully fill in the ground mixture into the slits of each one of them.Heat oil in a non stick pan on medium flame, place the stuffed onions on the surface of the pan and let it cook on low heat for 5 minutes.Add about 1/4 cup of water, add the remaining stuffing mix, close it with a lid and let the onions cook in the steam. This will take about 10 minutes.Saute sparingly if required in between. Make sure the onions are cooked well while still retaining its shape.Once the onions are cooked, switch off the heat and garnish Kathiyawadi Stuffed Onion with coriander leaves.Serve the Kathiyawadi Stuffed Onion Recipe along with Methi Jowar Roti Recipe and Gujarati Dal Recipe for a delightful weeknight dinner.",Gujarati Recipes,Side Dish,Vegetarian,Gujarati,1,30,4,http://www.archanaskitchen.com/kathiyawadi-stuffed-onion-recipe
Green Chilli Pickle Recipe (Gujarati Raiwala Marcha),"20 Green Chillies - (bhavnagari variety,1/2 cup Yellow mustard seeds - coarsely crushed,2 tablespoons Salt - (adjust),1/2 teaspoon Turmeric powder (Haldi),1/2 teaspoon Asafoetida (hing),4 teaspoon Sunflower Oil,1/4 cup Lemon - cubed","To prepare Green Chilli Pickle Recipe (Gujarati Raiwala Marcha), in a mixing bowl, combine the split mustard seeds, salt, turmeric powder, hing, 1 teaspoon of oil and mix well.Rub the bhavnagari chillies in a little of the prepared mixture and place them on a big plate.Sprinkle the remaining mixture evenly over them along with the remaining 3 teaspoons of oil and lemon cubes and toss gently.Fill them in a glass jar and keep it aside for atleast 1 hour.Serve or store Green Chilli Pickle Recipe (Gujarati Raiwala Marcha) in an airtight container in the refrigerator.Serve with steamed rice, kadhi",Indian,Side Dish,Vegetarian,Gujarati,1,10,4,http://www.archanaskitchen.com/green-chilli-pickle-recipe-gujarati-raiwala-marcha
Gujarati Tawa Handvo Recipe With Sweet Corn,"1/2 cup Rice - (raw rice),1/2 cup Chana dal (Bengal Gram Dal),1/2 cup White Urad Dal (Whole),1 Green Chillies,1 inch Ginger - chopped,Salt - to taste,1/2 teaspoon Sesame seeds (Til seeds),1 teaspoon Curry leaves - finely chopped,1/4 teaspoon SSP Asafoetida (Hing),1/4 teaspoon Red Chilli powder,1 tablespoon Sunflower Oil,2 cups Sweet corn","To begin making the Tawa Handvo With Corn recipe we first need to wash and soak the rice and dal together for at least 4 to 5 hours.Grind the rice, dal, green chillies, ginger along with the soaked water to make a thick batter that is slightly coarse. The coarseness should feel like fine semolina.The consistency of the batter should be such that when you use a ladle to pour it should fall in dollops. Stir in the salt and allow the mixture to ferment for 8 hours.Once fermented you will notice the handvo batter has risen. Gently stir in a tablespoon of oil to the batter. If your batter for some reason did not rise; stir 2 teaspoons of eno fruit salt into the batter and you will notice the air bubbles start popping out from the batter.Heat one tablespoon of oil in a nonstick skillet (8 inches diameter) on medium high heat; add the sesame seeds curry leaves; allow them to crackle. Turn the heat to low and sprinkle the red chilli powder and asafoetida into the oil.Sprinkle and spread some sweet corn evenly around the bottom of the pan.Pour two ladles of batter into the pan and gently spread the batter evenly onto the pan. As you spread the batter the seasoning mixture will spread to the side; allow the seasoning to rest in place where it has spread as this gives a special crunchiness to the sides of the Tawa Handvo.Turn the heat low, drizzle a teaspoon of oil around the batter and cover the pan. Simmer for 3-4 minutes until the top feels cooked and steamed.Once you notice the top is cooked and there is no trace of raw batter, gently flip the Tawa Handvo with the help of a broad flat spatula to the opposite side and turn the heat to medium high.Allow the Tawa Handvo to turn golden brown and crisp. Flip over once again and allow the other side to brown and crisp slightly. Continue making similar Tawa Handvo with Corn with the rest of the batter and serve hot.Serve Tawa Handvo With Corn along with Gor Keri pickle or with Gor (jaggery) and homemade butter for breakfast or a weeknight dinner.",Gujarati Recipes,North Indian Breakfast,High Protein Vegetarian,Gujarati,1,50,4,http://www.archanaskitchen.com/gujarati-tawa-handvo-recipe-with-sweet-corn
Jolada Roti Recipe - Jowar Bhakri,"1-1/2 cup Jowar Flour (Sorghum),1/2 cup Rice flour,1 cup Water,1 teaspoon Salt,1 teaspoon Sunflower Oil","To begin making Jolada roti, heat water in a pan and add salt and oil to the water. Mix it well. When it starts boiling, add the rice flour and mix continuously to avoid any lumps till all the water is absorbed.Once the water is absorbed, turn off the heat and allow it cool for 5 minutes.After 5 minutes, add the jowar flour to the cooked rice flour and knead well. Keep adding little hot water at a time until the dough becomes soft and non-sticky .Knead properly, as we will make the roti’s immediately without giving any resting time to the dough.Keep the dough covered with clean damp cloth so that it does not dry. The next step is to cook the rotis. Keep a iron tawa/griddle on medium flame.Dust your rolling surface with little whole wheat flour.Now we will start making the rotis using our hands. Divide the dough into 6 - 8 equal portions and roll out a portion of the dough into a round and thick roti using your hands. You can shape the roti by pressing out a circle with your fingers as well.Place the roti over the preheated skillet and cook it for a few seconds on one side or till a few bubbles appear on top.Turn over the roti and cook the other side for a few more seconds. Lift the roti with tongs and roast over the direct flame till brown spots appear on both the sides.Similarly, prepare the remaining Jolada Rotis.Serve Jolada Roti Recipe (Jowar Bhakri) along with Karnataka Style Badanekai Yennegai Gojju Recipe (Stuffed Brinjal Recipe), a bowl of Yogurt (Curd) and Uchellu Chutney for North Karnataka inspired meal.",North Karnataka,Lunch,High Protein Vegetarian,Gujarati,1,50,4,http://www.archanaskitchen.com/jolada-roti-jowar-bhakri-recipe
Amritsari Sookhi Dal Recipe,"1/2 cup Black Urad Dal (Split),2 Onions - thinly sliced lengthwise,2 Tomatoes - finely chopped,3 Green Chillies - finely chopped,1/2 inch Ginger - grated,1/2 cup Coriander (Dhania) Leaves - finely chopped,Salt - to taste,1/2 teaspoon Red Chilli powder,1/2 teaspoon Coriander Powder (Dhania),1/4 teaspoon Turmeric powder (Haldi),1 tablespoon Sunflower Oil,1/2 teaspoon Ajwain (Carom seeds),1/2 teaspoon Cumin seeds (Jeera),Asafoetida (hing) - a pinch,1/4 cup Coriander (Dhania) Leaves - finely chopped","To begin making the Amritsari Sookhi Dal recipe, firstly wash the urad dal thrice and soak them in water for 30 minutes.Heat a kadai/wok with oil and temper with ingredients given under 'For tempering'.Now add the green chillies, garlic and the onions. Add salt and cook the onions till they turn transparent.Now, add the tomatoes, spice powders and cook them over low flame till the tomatoes become mushy.Add the soaked urad dal along with the water used for soaking.Cover and cook the dal it is is cooked well and the excess water is drained. Switch off and garnish with finely chopped cilantro. Your nutritious Amritsari Sookhi Dal can be served along with Boondi Raita and Phulkas for a weekday lunch.",Punjabi,Dinner,Vegetarian,Punjabi,1,50,4,https://www.archanaskitchen.com/amritsari-sookhi-dal-recipe
Kuvar Pak Recipe,"500 ml Milk - full fat,1/2 cup Aloe vera extract - (white jelly within aloe vera leaves),1/2 cup Fresh cream,1 tablespoon Ghee,2 tablespoons Sugar,2 tablespoons Pistachios - blanched and sliced","To prepare Kuvar Pak Recipe take 500 ml of full fat milk in a thick bottomed pan & start to heat the milk on a low to medium flame, till the milk starts to froth or form a layer of cream/malai on top.Once a layer of cream is started to form, add aloe-vera extract in milk and stir with spatula.Keep on simmering the milk, stir it until milk gets reduced to 1/3rd or 1/4th of its original quantity. Milk reduced to white thick cream consistency.Meanwhile, dissolve sugar in a little water and heat in a saucepan till you get sugar syrup of one string-consistency. Also grease a plate with ghee or butter and keep ready to pour the aloe vera sweet when done.When the milk is reduced to almost 1/4th its initial quantity, add fresh cream and stir it, after some time, the milk starts to get brownish colour. That's the right time to add sugar syrup. Mix well until combined.Switch off flame and spread this aloe vera mixture evenly on the greased plate.After five minutes or when still the kuvar pak is hot, pour melted butter or ghee on top, such that it forms a top most layer.When it cools down completely, refrigerate the plate with the aloe vera sweet for an hour, such that the butter/ghee on the top solidifies.Run a knife around the edges and cut the sweet to desired shapes, before demoulding them. you can garnish with the sliced pistachios and serve during evening or after lunch.",Gujarati Recipes,Dessert,Vegetarian,Gujarati,1,65,3,https://www.archanaskitchen.com/kuvar-pak-recipe-aloe-vera-sweet-recipe
One Pot Punjabi Rajma Masala Recipe In Preethi Electric Pressure Cooker,"1 cup Rajma (Large Kidney Beans),1 inch Ginger - finely chopped,2 cloves Garlic - finely chopped,1 Onion - roughly chopped,1/2 cup Homemade tomato puree,1 teaspoon Turmeric powder (Haldi),1 teaspoon Cumin powder (Jeera) - roasted,1 teaspoon Garam masala powder,4 Cardamom (Elaichi) Pods/Seeds,2 inch Cinnamon Stick (Dalchini),1 tablespoon Butter,Coriander (Dhania) Leaves - a small bunch,1 teaspoon Sunflower Oil,Salt - to taste","To begin making the Rajma Masala recipe, we will first soak the rajma immersed completely in 3 cups of water for about 8 to 10 hours. To make the Rajma Masala turn on the Preethi Pressure Cooker. Change the setting on the pressure cooker to the saute mode.Heat a teaspoon of oil in the electric pressure cooker pan; add the onion, garlic, ginger and saute for 3 to 4 minutes until the onions start to turn golden in colour.Once done stir in the tomato puree, the turmeric powder, cumin powder, garam masala powder, cardamom pods and cinnamon stick.Saute for another couple of minutes and then add in the soaked rajma along with its water. Add any additional water if required. There should enough water such that the water level is at least 1 inch above the rajma.Cover the pressure cooker, set the mode to rajma mode and wait until done. Once done the electric pressure cooker will go into the keep warm mode. Allow the pressure cooker to release its pressure naturally - you will notice the pressure indicator has gone down.The rajma will continue to cook in the pressure cooker as long as there is pressure inside.Once the pressure has released, open the cooker. The rajma should be now cooked completely. If you press the rajma between your fingers it will get mashed easily.Once the Rajma Masala is cooked, check the salt and spice levels and adjust to suit your taste. Stir in the chopped coriander leaves and serve.Serve the Rajma Masala dish for Sunday Lunch along with Steamed Hot Rice and Aloo Parwal Sabzi making the meal wholesome and nutritious.",North Indian Recipes,Main Course,Vegetarian,Punjabi,1,105,4,https://www.archanaskitchen.com/one-pot-punjabi-rajma-masala-recipe-in-electric-pressure-cooker
